"","baseMean","log2FoldChange","lfcSE","stat","pvalue","padj"
"ENSG00000260802",352.217779591539,1.79041666108203,0.259644499172389,6.89564641958115,5.36204124969661e-12,3.60650894454594e-08
"ENSG00000141753",1005.36277308055,1.06511871147239,0.213913415358585,4.97920483241746,6.38460435668766e-07,0.00214714244515406
"ENSG00000080709",151.721432322865,-1.39317850560268,0.290908597502502,-4.78905923566145,1.67565016568805e-06,0.00348826629497987
"ENSG00000112379",1225.96069521652,-1.01655868451993,0.214191449174718,-4.74602832389782,2.07449675586076e-06,0.00348826629497987
"ENSG00000197956",382.769490214201,1.08630169959652,0.234876757411504,4.62498593546796,3.74623820451482e-06,0.00503943963271333
"ENSG00000064651",582.938022170355,-1.09370373008172,0.248177679962794,-4.40693832840118,1.04842023184956e-05,0.00881459309927521
"ENSG00000137673",568.670148975671,1.49954681875116,0.337831136914023,4.43874662486421,9.04842609395218e-06,0.00881459309927521
"ENSG00000187398",179.360215469883,-1.40443154773407,0.316764215031389,-4.43368120857623,9.2637575596911e-06,0.00881459309927521
"ENSG00000049759",1825.88767836883,-0.895199155241038,0.210152852712538,-4.25975257383518,2.04653322910999e-05,0.0107195866339176
"ENSG00000054690",1285.93442728543,-1.12168683023703,0.260989591966723,-4.29782207705834,1.72484526249849e-05,0.0107195866339176
"ENSG00000124406",303.492557189392,-1.10091451172063,0.25949580498317,-4.2425137153644,2.2103002866193e-05,0.0107195866339176
"ENSG00000139116",288.305883441427,-1.10043092397249,0.259511339734823,-4.24039629673579,2.2312550234143e-05,0.0107195866339176
"ENSG00000157214",2286.33549595393,-1.06930019185755,0.24758313764946,-4.31895403705369,1.56770424253166e-05,0.0107195866339176
"ENSG00000185499",104.193590008827,1.52425116383526,0.359132763194748,4.24425538420927,2.19320464076073e-05,0.0107195866339176
"ENSG00000099194",752.867957975323,-1.11710351685576,0.273858676425274,-4.07912406295652,4.52057087715263e-05,0.0198774126877269
"ENSG00000152377",2346.84918458364,-1.02277525452004,0.2513790983408,-4.06865670722329,4.72849543567692e-05,0.0198774126877269
"ENSG00000131844",1013.65833128334,-1.00970491194114,0.252101192496893,-4.00515722254499,6.19762456753834e-05,0.0239856249603169
"ENSG00000269936",628.566448829724,1.1581722538662,0.289770977622062,3.99685387187659,6.41898973068248e-05,0.0239856249603169
"ENSG00000184678",528.519728253467,-1.14062506466782,0.286591655728111,-3.97996606624837,6.89251061234531e-05,0.0243994875677024
"ENSG00000076706",360.737902879665,1.03749499083573,0.262680445081085,3.9496468437743,7.82665836917199e-05,0.0263210520955254
"ENSG00000127418",502.255091795122,-0.999590091343387,0.254655239226875,-3.92526811691802,8.66331891757589e-05,0.0277473728760073
"ENSG00000096006",1899.59683070287,-1.14007344879545,0.292677060590831,-3.89532902405803,9.80655178081962e-05,0.0279636750418052
"ENSG00000138696",499.972384302128,-0.962670706759609,0.246846373312004,-3.89987786266899,9.62412260925025e-05,0.0279636750418052
"ENSG00000146070",329.917734873209,-1.19081926570968,0.306746798021242,-3.88209191877926,0.000103561714560835,0.0279636750418052
"ENSG00000169710",2665.46226664455,-1.0378475042883,0.26740318952176,-3.88120839599726,0.000103938726738794,0.0279636750418052
"ENSG00000132386",343.688179787449,0.912584084572277,0.242619875534538,3.76137397054416,0.000168982559543936,0.0380895126482232
"ENSG00000134755",291.370287673754,-1.00567074377186,0.268673804076056,-3.74309191486036,0.000181769700463732,0.0380895126482232
"ENSG00000152270",208.750793468426,-1.01872756411033,0.27276769347509,-3.73478087207335,0.000187878704117228,0.0380895126482232
"ENSG00000157911",212.482733966187,-1.08493435578708,0.28590103890674,-3.79478983334854,0.000147768573435949,0.0380895126482232
"ENSG00000167757",486.151398298568,-1.16737308212881,0.311978967062314,-3.74183264058195,0.000182683164220686,0.0380895126482232
"ENSG00000210144",168.562972587604,1.18040550819668,0.316581024770642,3.72860473571296,0.000192542882848586,0.0380895126482232
"ENSG00000210194",265.540776931966,1.4219581216418,0.380587289912573,3.73622072867553,0.000186806704766111,0.0380895126482232
"ENSG00000230937",145.81082414064,1.29446064001896,0.346246120138451,3.73855637574033,0.000185079992377412,0.0380895126482232
"ENSG00000273179",200.747677445387,-1.40361998342572,0.375285787319867,-3.74013626641654,0.00018392051951317,0.0380895126482232
"ENSG00000157110",474.392854318024,0.934936049906834,0.251861993809173,3.71209659610335,0.00020554950675882,0.0395007423559949
"ENSG00000049089",487.041161736864,-0.905109192193771,0.245788101597311,-3.6824776558007,0.000230978118266168,0.043154411762729
"ENSG00000086205",1444.47387814427,-0.985987097935799,0.269139482091482,-3.66347995572294,0.000248811695143881,0.0432877361264029
"ENSG00000168280",721.182673798949,-0.909460055019325,0.247555159808428,-3.67376731603218,0.000239000391443468,0.0432877361264029
"ENSG00000182718",389.525685863652,0.916380951809508,0.250292640868929,3.66123809564736,0.000250999362017501,0.0432877361264029
"ENSG00000118849",187.408663080009,1.39896766341197,0.382894942211666,3.65365929184464,0.000258529274740276,0.0434716975475773
"ENSG00000249669",233.51379454187,1.08814903143449,0.30131888474338,3.61128719947714,0.000304681028223247,0.0499825511177941
"ENSG00000087245",526.021425485217,0.855008523531184,0.237576810905329,3.59887196175847,0.00031960048443133,0.0511817347210745
"ENSG00000198467",1965.60249333437,1.03169563786502,0.288937231634302,3.57065661641973,0.000356087463562201,0.0556987041841712
"ENSG00000012660",1413.86119163965,-0.848775515132902,0.238314256396053,-3.56158094764724,0.000368628417786552,0.0563498804098262
"ENSG00000163618",136.335780688985,-1.38356629119636,0.391305234437125,-3.53577251065029,0.000406584654455898,0.0607708530193415
"ENSG00000163431",806.211741717313,0.989804523418742,0.280739984289108,3.52569843560094,0.000422367619835987,0.060868540751447
"ENSG00000196353",832.805263244297,-0.801451337761113,0.227436793443904,-3.52384205574366,0.000425337706708,0.060868540751447
"ENSG00000211695",127.912510483319,-1.27827306045984,0.363420178089001,-3.51734201216201,0.000435891746788663,0.0610793310187614
"ENSG00000100097",459.288828193544,0.84116981104799,0.243001732411761,3.46157948216865,0.000537015522932692,0.0652041396584633
"ENSG00000106624",1289.68603143238,0.772326072671251,0.221221922521551,3.49118235601633,0.000480887907957131,0.0652041396584633
"ENSG00000134612",373.214817568784,-1.046759022648,0.301337745819658,-3.47370695231276,0.000513321332628908,0.0652041396584633
"ENSG00000159403",753.333247144179,0.885292678379579,0.255964558160895,3.45865335709133,0.000542883113421639,0.0652041396584633
"ENSG00000166006",186.3992534276,-1.42917222336418,0.412206224759961,-3.46712916379761,0.000526049044891213,0.0652041396584633
"ENSG00000188559",651.792613171271,-0.782584160432011,0.225051494789184,-3.47735597652925,0.000506385019478418,0.0652041396584633
"ENSG00000196586",942.764319172896,-0.916404292125114,0.262846258966515,-3.48646503750261,0.000489449356671297,0.0652041396584633
"ENSG00000244731",252.485219109494,1.05924133190043,0.305931666799747,3.46234616043775,0.00053548794584846,0.0652041396584633
"ENSG00000135480",270.573623980656,1.04093259150791,0.302444930008747,3.4417260407632,0.000578015320460454,0.0682058078143335
"ENSG00000151150",366.004554055654,-0.839180669708437,0.244603165315832,-3.43078417903908,0.000601839218799343,0.0697925963042134
"ENSG00000149131",635.102290072076,0.855132591705067,0.250366957994075,3.41551696180813,0.000636610645119757,0.0725736135436523
"ENSG00000149591",3515.76467994485,0.910687326939905,0.268018560623632,3.3978517190037,0.000679172215683816,0.0761352053781558
"ENSG00000140396",272.215245849093,-0.855079912690302,0.252130156903619,-3.3914226016889,0.000695307986185228,0.076666254345604
"ENSG00000079385",161.956452647947,0.977940308393501,0.289673321286293,3.37601096314621,0.00073544988630706,0.0797844505693756
"ENSG00000211896",1470.43375693867,-0.916222199592458,0.272108599912878,-3.36711959815238,0.000759577390341775,0.0810939290069648
"ENSG00000064393",855.159679579828,-0.788336822808845,0.23480250637173,-3.35744637052886,0.000786660024057561,0.0821825152051939
"ENSG00000188848",126.673214915264,-1.17032258613537,0.348849717565114,-3.35480445363104,0.00079421104495058,0.0821825152051939
"ENSG00000138439",175.22481952044,-0.930905205093035,0.27867438540592,-3.34047639052678,0.000836347913799887,0.0852314555790612
"ENSG00000143797",343.795638714232,-1.02829034300117,0.308618594908448,-3.33191311206059,0.00086251180557848,0.0865858866316546
"ENSG00000012223",2891.54248369776,2.3448796038191,0.710199205844785,3.30172096014928,0.000960936146597744,0.0904013833718052
"ENSG00000102287",346.811082870328,0.815947167287753,0.248334412231134,3.28567901627875,0.00101736871818747,0.0904013833718052
"ENSG00000138814",1570.73913157593,-0.697155313222114,0.210923685445285,-3.30524906081712,0.000948920350422114,0.0904013833718052
"ENSG00000152583",1898.66483103143,0.856318659702606,0.260623627240564,3.28565245127294,0.00101746466164635,0.0904013833718052
"ENSG00000154305",782.312475677318,-0.770048431889795,0.234054962528488,-3.29003249309901,0.00100175814057888,0.0904013833718052
"ENSG00000160191",481.606343061191,-0.866782914810732,0.262008970726035,-3.30821846446268,0.000938915353828322,0.0904013833718052
"ENSG00000171992",371.085931772201,0.781917077791454,0.238059735094145,3.28454149326106,0.00102148455787351,0.0904013833718052
"ENSG00000185215",502.468904872602,0.957675106768052,0.290416833544897,3.29758814280302,0.000975190612071226,0.0904013833718052
"ENSG00000205542",734.161793799633,0.786080155300558,0.238561791192198,3.2950798674514,0.00098393710648778,0.0904013833718052
"ENSG00000215105",303.70731260551,-0.835882818936907,0.255424122475098,-3.27252888582753,0.00106589980277442,0.0931070399150744
"ENSG00000184012",3783.53982105121,-0.939422508487507,0.287873619800033,-3.2633157186826,0.00110116772192943,0.0949545397140682
"ENSG00000173442",435.331022095894,0.78471590311919,0.241022453325898,3.25577925330525,0.0011308163272535,0.0962768432545199
"ENSG00000157388",405.682893021066,-0.908266935646374,0.279600670720773,-3.24844333636606,0.00116038317942314,0.0963547810469141
"ENSG00000198959",1596.20197573563,0.984294610148705,0.302843191221404,3.25017909822877,0.00115332349844141,0.0963547810469141
"ENSG00000169991",120.742865337032,0.98953362991518,0.305004440659845,3.24432532121312,0.0011772920158305,0.0965666597375118
"ENSG00000108691",220.456870161322,1.05586003553715,0.328814893277213,3.21110769957427,0.00132224369489192,0.107149531227024
"ENSG00000162645",237.844138109331,0.888916677585938,0.277680592983104,3.20122003499188,0.00136846987622536,0.10957533794633
"ENSG00000072163",233.11052862094,0.951729642689247,0.299295559273256,3.17989897678476,0.00147326403587918,0.116578516533216
"ENSG00000205189",338.875094462866,-0.840662783592255,0.266795269483472,-3.15096585190516,0.00162731514958721,0.127271182513065
"ENSG00000120885",928.299452747477,0.832189750908038,0.26540574337788,3.13553783846787,0.00171539297672392,0.131110604107331
"ENSG00000161970",295.645005795396,0.977611749772659,0.31176104691121,3.13577260359625,0.00171402048564336,0.131110604107331
"ENSG00000145703",341.389541010823,-0.776992930584227,0.248851928779133,-3.12231026054792,0.001794377272195,0.134099794808706
"ENSG00000183723",557.69093098969,-0.719534274058881,0.230328276931423,-3.12395109990387,0.00178440109272093,0.134099794808706
"ENSG00000130176",1518.8611933612,0.914937255380213,0.294102742841631,3.11094431333778,0.00186490104123212,0.137838729706893
"ENSG00000188783",450.685080898627,0.792732005228112,0.255321703258702,3.10483595836302,0.00190384580551848,0.139187683564319
"ENSG00000111799",387.304808857686,0.750517290368873,0.242212439377789,3.09859102322263,0.00194443230161005,0.14062636194225
"ENSG00000146674",331.147812540598,0.848439119994925,0.274151885252487,3.09477762377426,0.00196960508196558,0.140931529588303
"ENSG00000182326",1006.99848747643,0.755438381758033,0.244397183007131,3.09102736972214,0.00199465247129967,0.141221394968016
"ENSG00000050165",377.312053623416,0.751041212532834,0.243780497009237,3.08080925975131,0.00206438847345423,0.144636217421387
"ENSG00000112796",304.838735401174,-0.791094945310989,0.259215482728074,-3.05188153495011,0.00227411832683356,0.157687833673016
"ENSG00000004776",201.649706857024,0.976028283869006,0.325051520173615,3.00268795342872,0.00267606669137815,0.159058735309391
"ENSG00000072195",276.935792490194,0.855845777251647,0.284333736829241,3.01000432377686,0.00261243970765773,0.159058735309391
"ENSG00000100170",126.889210632193,0.885556030491992,0.29485575818089,3.00335335472308,0.00267022200708871,0.159058735309391
"ENSG00000111341",2391.56881851207,0.834814821117774,0.276229865670639,3.02217437311127,0.00250965933835565,0.159058735309391
"ENSG00000111674",102.734309092942,1.02688281111633,0.337490749197721,3.04269913636871,0.00234466625388591,0.159058735309391
"ENSG00000112297",720.945326742467,-0.711238828925214,0.237878873242307,-2.9899201187183,0.00279050412823492,0.159058735309391
"ENSG00000112715",1232.8796253502,-0.946520788177725,0.31439564573925,-3.0106039985132,0.0026072864421188,0.159058735309391
"ENSG00000123983",999.863470930016,-0.670129997900599,0.223412547900572,-2.99951817477519,0.00270406990393188,0.159058735309391
"ENSG00000125968",164.562345556737,0.976387941755682,0.324059883687511,3.01298615134111,0.00258690722370634,0.159058735309391
"ENSG00000133392",15087.2320253561,0.886093437840115,0.292729344346758,3.02700585012234,0.00246989178250858,0.159058735309391
"ENSG00000138593",344.037402728022,-0.798694735854031,0.26312704288984,-3.03539585700588,0.00240220167980827,0.159058735309391
"ENSG00000140545",446.241362343251,0.761395541423181,0.250963870615723,3.03388507499166,0.00241426380911426,0.159058735309391
"ENSG00000141469",355.940082250404,0.93155970544823,0.308373362816646,3.02088253323657,0.00252039117656218,0.159058735309391
"ENSG00000145936",170.778167772867,1.01284510063613,0.335732190083757,3.01682451236935,0.00255437642567755,0.159058735309391
"ENSG00000147394",282.595569614108,0.975171977814293,0.322841888511991,3.02058689567501,0.002522853052952,0.159058735309391
"ENSG00000153234",368.913734379962,-0.754776812064819,0.252274517141451,-2.99188685649773,0.00277259000173683,0.159058735309391
"ENSG00000155093",521.260690254645,-0.862973433726151,0.283661674809898,-3.04226305617243,0.00234806596093222,0.159058735309391
"ENSG00000162614",237.521820639406,0.966571570378701,0.323233833779979,2.99031682134066,0.00278688225483797,0.159058735309391
"ENSG00000165813",191.300916602359,-0.823605253737421,0.274966736787867,-2.99529049716592,0.00274183579375439,0.159058735309391
"ENSG00000184489",151.654950439782,0.928231056047556,0.310067841822054,2.99363858758452,0.00275672278595793,0.159058735309391
"ENSG00000185567",222.423452816258,1.01613290956916,0.334447361074288,3.03824466219499,0.00237960670028402,0.159058735309391
"ENSG00000035862",1125.90279826744,0.656142271303805,0.222332465667314,2.951176155648,0.00316566316731979,0.164816722803946
"ENSG00000046604",391.837100779432,-0.711779738880065,0.240529775269111,-2.95921674596714,0.00308422091328676,0.164816722803946
"ENSG00000049540",245.746771025821,0.747368912324659,0.254310080580286,2.93880962413801,0.00329475383525852,0.164816722803946
"ENSG00000074527",298.714477235575,0.731234226694364,0.249028868789873,2.93634320489714,0.00332106663921912,0.164816722803946
"ENSG00000103056",207.718407856748,-0.845100967817678,0.285769601354322,-2.95728084377264,0.0031036529025421,0.164816722803946
"ENSG00000109906",108.097488338348,-0.969091210778305,0.331170348031867,-2.92626201753139,0.00343061867269587,0.164816722803946
"ENSG00000111319",372.818815742208,0.769340643179348,0.262513007792954,2.93067627256831,0.00338225043290104,0.164816722803946
"ENSG00000131771",391.927347587085,0.787890391587528,0.268986993143938,2.92910219330166,0.00339942637620049,0.164816722803946
"ENSG00000135090",528.759913006212,-0.674658676855621,0.230480581882908,-2.92718228730596,0.00342048337151987,0.164816722803946
"ENSG00000135678",292.250777428715,0.803014188087046,0.271850136324723,2.95388554496751,0.00313800363710046,0.164816722803946
"ENSG00000136068",2985.54837084188,-0.628116987108808,0.213936377472157,-2.9359989849812,0.00332475410366278,0.164816722803946
"ENSG00000143947",332.67143590617,0.90338583211064,0.306065221833324,2.95161216520903,0.00316119709594368,0.164816722803946
"ENSG00000149273",1027.26348385779,0.687683667421282,0.232916797628934,2.95248635745391,0.00315225999029671,0.164816722803946
"ENSG00000149451",236.329943514463,0.968266019284711,0.330193574094608,2.93241932990277,0.00336332286852183,0.164816722803946
"ENSG00000155111",682.128370174817,-0.706642350052667,0.238663114286383,-2.96083603939205,0.00306805222502937,0.164816722803946
"ENSG00000162174",122.060061412918,0.969437087573685,0.327995276568442,2.95564344010117,0.00312017572249612,0.164816722803946
"ENSG00000162896",323.985313106472,1.00914932669737,0.339245731200396,2.97468540908848,0.00293289155941541,0.164816722803946
"ENSG00000165105",316.091066935177,-0.72284471810061,0.243988723809292,-2.9626152668662,0.00305037574761542,0.164816722803946
"ENSG00000198380",707.867258386697,-0.669469174378532,0.225182807464437,-2.97300305434846,0.00294901516747547,0.164816722803946
"ENSG00000214076",161.242299759344,-1.13079007795378,0.384632164988291,-2.93992593674063,0.00328290708271229,0.164816722803946
"ENSG00000227191",394.594719143073,-1.03215412896577,0.351170335225311,-2.93918371067288,0.00329077954916176,0.164816722803946
"ENSG00000272060",654.74555945097,0.734878205057262,0.250319185700871,2.9357646038983,0.00332726705038999,0.164816722803946
"ENSG00000142515",66932.256918592,-0.911998013856686,0.312305302428257,-2.92021303117706,0.0034979218422336,0.166858314261441
"ENSG00000079257",104.073016604773,0.98870829461702,0.339852934512596,2.90922394427751,0.00362327216381263,0.169722073036581
"ENSG00000137124",238.599785756369,0.845669079250832,0.290818629005085,2.90789170605727,0.00363874321429832,0.169722073036581
"ENSG00000174099",335.88861414645,0.843280183410882,0.290169464841262,2.9061644507364,0.00365889095901043,0.169722073036581
"ENSG00000205213",183.403557565961,-0.798104134132017,0.274500359507109,-2.90747937658474,0.00364354368423665,0.169722073036581
"ENSG00000132688",263.515398053647,0.733100304107189,0.252766498560495,2.90030644204115,0.00372798000902583,0.17058990714231
"ENSG00000134871",1051.74900742236,0.663220715837098,0.228674923915916,2.90027740899551,0.00372832535681231,0.17058990714231
"ENSG00000116133",2739.02074527952,-0.682630248284062,0.23596602813927,-2.89291748336402,0.00381681557809325,0.17345879444767
"ENSG00000116132",401.348053019798,0.753939507124358,0.260957143417178,2.8891315150514,0.00386307470006794,0.173850468052035
"ENSG00000168542",2689.35888354737,0.595446832055937,0.20618040602224,2.88798942413426,0.00387712908233799,0.173850468052035
"ENSG00000116406",264.077816733944,-0.757419103968275,0.263134172556267,-2.87845207108672,0.00399632001594772,0.175681362269702
"ENSG00000122786",3694.07619072641,0.696390903451572,0.241787433039008,2.88017824044321,0.00397450405932974,0.175681362269702
"ENSG00000234648",159.479471648145,0.807854773275022,0.280529495683235,2.87974985057267,0.00397990809458964,0.175681362269702
"ENSG00000147065",556.27377524705,0.668401888070349,0.232463406512778,2.87529937764036,0.00403644571980552,0.17629307734683
"ENSG00000115414",2412.87317880944,0.684247770409209,0.238305380325123,2.87130642822953,0.00408779054309764,0.17659997332327
"ENSG00000142156",1193.43807733964,0.733165473386867,0.255578331089953,2.8686527150411,0.00412224142309744,0.17659997332327
"ENSG00000182240",333.14126788685,0.735972229741504,0.256422863392649,2.87015057863441,0.00410276369782673,0.17659997332327
"ENSG00000077157",1541.31652946436,0.726772098049908,0.254259495615757,2.85838724052306,0.00425800411966126,0.18126161841039
"ENSG00000183722",141.377077901284,0.826360177660292,0.289373054928491,2.85569151510842,0.00429432150024403,0.181657901953719
"ENSG00000095637",1103.84884646889,0.757518213464674,0.266244895382333,2.84519337873826,0.00443844683858313,0.184277737261174
"ENSG00000107796",4232.30445201811,0.828014193605485,0.290825933269267,2.84711265015988,0.00441177476268948,0.184277737261174
"ENSG00000168386",485.532281309777,0.894425881738573,0.313947000654086,2.84897094055717,0.00438608864086255,0.184277737261174
"ENSG00000114391",236.217634032011,0.845530484380606,0.298146783294541,2.83595373740893,0.00456890636929932,0.188530455459554
"ENSG00000197903",220.4961717137,-0.891237864620338,0.31467773977821,-2.83222405642197,0.00462254452999601,0.189580698224105
"ENSG00000117143",407.728703071205,-0.716510583668915,0.253557481765245,-2.82583096614082,0.00471581422910553,0.19223373639372
"ENSG00000166441",424.620334331227,0.749027449354522,0.265258508654397,2.82376408264597,0.00474633069967479,0.192312170397666
"ENSG00000136235",290.546301999799,0.800155680982613,0.283713365227073,2.82029604189496,0.0047979363097741,0.193167057183661
"ENSG00000164733",1792.39386505301,0.603089936818137,0.213975533896502,2.81849950709713,0.00482486851127788,0.193167057183661
"ENSG00000171345",399.748535464531,0.66877173315244,0.238044421987893,2.80944089160994,0.00496276312599114,0.196350263443626
"ENSG00000261324",184.88884854693,-0.81120248343881,0.288577451892546,-2.81103904036434,0.00493817936118051,0.196350263443626
"ENSG00000114374",392.949041867581,-0.683674739597258,0.243641996132289,-2.80606279069412,0.00501509186331156,0.197260279956921
"ENSG00000026025",934.500294964147,0.619924096221863,0.221339135156014,2.80078846330046,0.00509779234418729,0.199347391319789
"ENSG00000109099",141.550297963819,0.819910642885306,0.293479601750774,2.79375683350417,0.00520996389072045,0.20255616837564
"ENSG00000253755",221.045443753125,-0.918552124973533,0.329336764971751,-2.78909682328459,0.00528552606698015,0.204312921416716
"ENSG00000118181",458.433977782497,0.703447097115866,0.252673643429056,2.78401453974116,0.0053690627289369,0.206356090941884
"ENSG00000172869",621.734120599852,-0.65705822559869,0.236184956859021,-2.78196475481243,0.00540309074862098,0.206484024859231
"ENSG00000041353",284.038409071205,-0.731792819155173,0.264206526205997,-2.7697757116893,0.00560949055667082,0.213066299583144
"ENSG00000072110",1392.73608333334,0.664061740030019,0.240074386549225,2.7660665911724,0.00567369476672163,0.213066299583144
"ENSG00000077942",1321.28467013352,0.588486184974645,0.213155225346572,2.76083396040522,0.0057653979369807,0.213066299583144
"ENSG00000103175",162.282144301448,0.909027229606155,0.329008325052374,2.76293078438502,0.00572849128407236,0.213066299583144
"ENSG00000116774",136.870109924876,0.884144479476196,0.320085553084089,2.76221301135676,0.00574110090951971,0.213066299583144
"ENSG00000224389",362.320424472344,0.809602744504551,0.292761615661386,2.76539922310359,0.0056853168989958,0.213066299583144
"ENSG00000143013",243.552281404048,0.714902706184135,0.259261320500748,2.75745994351699,0.00582523499098853,0.213931941875113
"ENSG00000156467",254.980195102068,0.742358948174291,0.269367213502151,2.75593654670361,0.00585243492492131,0.213931941875113
"ENSG00000114631",175.525622429031,-0.923212537769944,0.335534029772092,-2.75147214843462,0.00593280645542391,0.214361826707048
"ENSG00000125257",2012.55284919365,-0.639408407355747,0.233101936364197,-2.74304202414149,0.00608728945897208,0.214361826707048
"ENSG00000152137",314.52182827,0.871110157972868,0.317423159340511,2.74431821478532,0.00606367276930198,0.214361826707048
"ENSG00000163453",1461.42689443279,0.605662485011642,0.220035087094029,2.75257229658477,0.00591290891844946,0.214361826707048
"ENSG00000173890",300.134316841096,-0.822779421314255,0.299745901973996,-2.7449230027693,0.00605250964848711,0.214361826707048
"ENSG00000180530",180.368015200847,-0.846264675381128,0.308219975972561,-2.74565161687141,0.00603908554545819,0.214361826707048
"ENSG00000187244",2072.5372917629,-0.56783620027219,0.206911445588135,-2.74434407752623,0.00606319501787749,0.214361826707048
"ENSG00000152154",152.910397605505,0.861600168303319,0.314376240495266,2.74066566527407,0.00613148631410162,0.214793629940872
"ENSG00000160932",226.386999742822,0.716648480864901,0.261659944977171,2.73885435895596,0.00616536786555832,0.214861472869146
"ENSG00000106789",248.541136192737,-0.74916076167966,0.274810891442347,-2.72609559885958,0.00640884331956741,0.216612463152816
"ENSG00000145423",281.946094792789,0.747865576941207,0.274232810805718,2.72711924858268,0.00638899449903112,0.216612463152816
"ENSG00000154330",528.214242862122,0.884655301277825,0.323636225202362,2.73348665071307,0.00626676636015336,0.216612463152816
"ENSG00000159176",3505.27557256098,0.670715930298559,0.245978472287532,2.72672614014181,0.00639661041682131,0.216612463152816
"ENSG00000182253",1396.41094925682,0.805089817345098,0.295121771995013,2.72799194685881,0.00637211636464,0.216612463152816
"ENSG00000196923",525.663917718317,0.743553385286001,0.27211062186532,2.73254083280152,0.00628478806579121,0.216612463152816
"ENSG00000112096",1408.55749434133,0.802593180357629,0.294760729325727,2.72286332780348,0.00647188256984826,0.216706193800453
"ENSG00000169347",290.509214952958,-0.811172374341127,0.297934826530411,-2.72265039904064,0.00647605485487527,0.216706193800453
"ENSG00000013375",557.287515941755,-0.735141502366284,0.27038385579327,-2.71888090437011,0.00655031881714329,0.217881451754463
"ENSG00000109586",720.417781462505,-0.602535385567924,0.221849743145887,-2.71596160997897,0.00660835803715587,0.217881451754463
"ENSG00000176971",128.511160668485,0.948931497051729,0.349321321238591,2.71650036615886,0.00659761222140462,0.217881451754463
"ENSG00000112769",236.649942873047,0.704372414430596,0.259562421830496,2.71369179507262,0.00665380389003062,0.218309682752907
"ENSG00000094755",142.1430389068,0.860475856224257,0.317549894642444,2.70973434645015,0.00673371170949234,0.219109503929534
"ENSG00000105971",114.333247712092,0.934749794694301,0.345100961900702,2.70862703350929,0.00675622420590739,0.219109503929534
"ENSG00000183087",321.434368142951,0.681353367622006,0.251639056893118,2.70766142599003,0.00677591091545391,0.219109503929534
"ENSG00000137845",601.2446406665,-0.596855575723056,0.220911691577982,-2.70178355640523,0.00689686433649482,0.221953634101742
"ENSG00000151726",1043.72702581192,-0.589691320469477,0.218738507331894,-2.69587338627457,0.00702043462486328,0.223788830743272
"ENSG00000180573",270.068751757453,-0.841989275288128,0.312176892248597,-2.69715438969014,0.00699348378473868,0.223788830743272
"ENSG00000167751",27493.7235228694,-0.792744948684582,0.294970653784969,-2.68753836529951,0.00719808328427208,0.228369378160444
"ENSG00000084636",530.03877480037,0.602747620906159,0.224512871052399,2.68469071764479,0.00725969509781983,0.228843595203517
"ENSG00000152661",366.709850669129,0.697098425106466,0.260203642658163,2.67904944752163,0.00738314899779412,0.228843595203517
"ENSG00000157227",330.808690445068,0.665744120372682,0.248449724589715,2.67959290947929,0.00737117440134089,0.228843595203517
"ENSG00000162695",163.529958451583,-0.762112793075639,0.284151036455789,-2.68206937613693,0.00731682842879469,0.228843595203517
"ENSG00000196924",10762.8316714416,0.720102843948693,0.268690440185179,2.68004638889424,0.00736119581030845,0.228843595203517
"ENSG00000198225",196.332803657642,-0.752741399275755,0.281431528784846,-2.67468752533134,0.00747989308316741,0.229724935513169
"ENSG00000228253",3454.57081515596,0.59316575111478,0.221726438911913,2.67521434983418,0.00746814846695736,0.229724935513169
"ENSG00000132669",263.376024230668,0.715659775633401,0.267771604276819,2.67264999052536,0.00752547236762211,0.230074214293756
"ENSG00000058063",407.167509944879,-0.628676720022608,0.235512049323373,-2.66940363276019,0.00759860745082935,0.230217268983235
"ENSG00000146281",268.513002944514,-0.695537412216461,0.260426709529307,-2.67076066611435,0.0075679585740766,0.230217268983235
"ENSG00000104341",154.108701710895,0.784559309440652,0.294405135871756,2.66489681682187,0.00770119482264017,0.232279086892726
"ENSG00000135424",241.350887375078,0.802635038965078,0.301895277481135,2.6586538407022,0.00784535238271958,0.235570714848982
"ENSG00000072952",379.4824642042,0.713519294041624,0.268832108634195,2.6541446171243,0.00795097426926655,0.236629437765871
"ENSG00000111110",528.642317464242,-0.711333802798519,0.267955166230605,-2.65467470847842,0.00793849195545769,0.236629437765871
"ENSG00000105707",293.865020182876,-0.837218971446858,0.315815670240393,-2.65097349605731,0.0080260139353892,0.237810439336686
"ENSG00000165092",182.628516162697,0.744631615060607,0.281194507196707,2.64810156671982,0.00809452021930429,0.238788346469477
"ENSG00000087301",231.839249004717,-0.729896288098437,0.276139367582247,-2.64321706277914,0.00821223693438411,0.239786622750412
"ENSG00000106078",181.652469789868,-0.829469918055321,0.313923588355145,-2.64226693636329,0.00823531219972424,0.239786622750412
"ENSG00000115641",261.676205655035,0.711019654946973,0.268853162186747,2.64463936062278,0.00817780239885989,0.239786622750412
"ENSG00000113594",350.466404445213,-0.926269015677718,0.350754822617441,-2.64078768401704,0.00827135358952733,0.239793033955257
"ENSG00000115963",221.37303651324,0.812534833875627,0.308401736402514,2.63466361556129,0.00842207024048973,0.239793033955257
"ENSG00000140416",2226.20041659774,0.648070397425294,0.245650527976583,2.63818035631119,0.00833522382788441,0.239793033955257
"ENSG00000151617",319.355903643318,0.778525283676203,0.295567876305058,2.6339982998446,0.00843859104802987,0.239793033955257
"ENSG00000183963",801.063595922056,0.722023853339275,0.274162472886588,2.63356193769799,0.00844944232045731,0.239793033955257
"ENSG00000225937",116.849531261391,-1.10920294668429,0.420811465036701,-2.63586674518849,0.00839226813086149,0.239793033955257
"ENSG00000129514",1414.2721744235,-0.612345820468464,0.232887331509427,-2.62936509469893,0.00855444656059235,0.241235893192351
"ENSG00000145431",128.386063972094,0.804306761266,0.3060402855167,2.6281074725442,0.0085861384201184,0.241235893192351
"ENSG00000172893",180.804621094331,-0.731116996876527,0.278282548307801,-2.62724702401337,0.00860788200507944,0.241235893192351
"ENSG00000104154",790.761107204972,-0.862243988811502,0.328426708423277,-2.62537718978762,0.00865530261400458,0.241558362580061
"ENSG00000052344",345.236291668326,-0.668223129722662,0.255193505613014,-2.61849582777386,0.00883183716057175,0.2424609662939
"ENSG00000100234",1037.04137098927,0.576380156719803,0.220000932215317,2.61989870186411,0.00879558893955379,0.2424609662939
"ENSG00000113924",141.383563334852,-1.11508567675818,0.425639737868674,-2.61978752816127,0.00879845664881808,0.2424609662939
"ENSG00000128918",157.499127741833,0.846183735519516,0.323153317781747,2.61852095880697,0.00883118663911335,0.2424609662939
"ENSG00000174938",271.968939724651,-0.700662200377872,0.267728810224528,-2.61705940346976,0.00886909049704103,0.242493913345927
"ENSG00000058668",678.008876017672,0.64625217404005,0.247078173328011,2.61557775555557,0.00890766370457443,0.242562534724565
"ENSG00000135269",345.084598965539,0.710261871675499,0.271834051210773,2.6128509968193,0.00897904393592367,0.243520360939607
"ENSG00000105974",278.205395048857,0.887672394928371,0.340756893025274,2.60500202078827,0.00918737180834584,0.244292739523537
"ENSG00000110880",333.852610183922,0.65446079701176,0.250901734478379,2.60843472593912,0.00909573573054609,0.244292739523537
"ENSG00000123358",2262.0264252712,-0.53917129297478,0.206840696617529,-2.60669830353437,0.00914198705025911,0.244292739523537
"ENSG00000183010",203.632189351657,-0.836667971255325,0.32118554128217,-2.60493659806526,0.00918912624137003,0.244292739523537
"ENSG00000198502",227.661449278647,0.762285359316418,0.292349961100334,2.607441288678,0.00912217127463399,0.244292739523537
"ENSG00000096088",390.505981144414,2.58081369354759,0.991632947806913,2.60258969738278,0.00925226088126795,0.245002782233891
"ENSG00000122406",863.879716329943,0.586017446055314,0.226025900315792,2.59270041723784,0.00952256799819246,0.251166760569229
"ENSG00000240771",124.357618120705,0.864977136083412,0.333792636075597,2.59136075095291,0.00955972207935217,0.251166760569229
"ENSG00000163346",581.99495082329,0.604369246249701,0.233725858266358,2.58580394455521,0.00971521738301245,0.254258957658139
"ENSG00000106538",131.871197461328,0.754805174497433,0.292798735552134,2.5778976574953,0.00994034336771286,0.25884850045803
"ENSG00000166446",358.637447262832,-0.610088156639535,0.236861753259197,-2.57571409585877,0.0100033322415865,0.25884850045803
"ENSG00000237550",248.36010568689,0.662526644482496,0.257229907796929,2.57562058065787,0.0100060377816069,0.25884850045803
"ENSG00000083223",417.717785976488,-0.659181225465577,0.256090138028619,-2.57402034510174,0.0100524361901487,0.259052436072567
"ENSG00000107438",168.934602752745,0.736018811307799,0.286858757156653,2.56578818999018,0.0102941667265893,0.264269333599389
"ENSG00000129116",1428.61457941839,0.60326253342397,0.235242201477766,2.56443159277689,0.0103344948667425,0.26429586491905
"ENSG00000079482",160.410651091758,-0.718391342595585,0.28058305151466,-2.56035187698446,0.0104566228346218,0.265528016068621
"ENSG00000131981",268.066482618525,0.641077181209734,0.250402628183956,2.56018551346343,0.0104616301305657,0.265528016068621
"ENSG00000146112",111.69446135513,0.847438698579397,0.331199100961889,2.55869866831828,0.0105064767877401,0.265663770204287
"ENSG00000017260",1239.03314300934,-0.552785139432914,0.217137755301645,-2.54578085080134,0.0109033615351255,0.269129561828924
"ENSG00000041982",743.757813701069,0.567611246100956,0.224005014200365,2.53392205583955,0.0112793817656382,0.269129561828924
"ENSG00000077235",919.003512832796,-0.604225791819158,0.238295921001925,-2.53561113962281,0.0112251303025949,0.269129561828924
"ENSG00000125733",156.718086215192,0.711391890716712,0.279209899468942,2.54787488577511,0.0108381333509869,0.269129561828924
"ENSG00000135596",296.500098898976,0.712550942855877,0.28127723857974,2.53326912072153,0.0113004156190219,0.269129561828924
"ENSG00000148396",1142.99020053757,-0.534976558363345,0.210951332625958,-2.53601886133576,0.0112120695115479,0.269129561828924
"ENSG00000157570",104.192460137584,0.917934346190888,0.360199679199355,2.54840411915762,0.0108217029923371,0.269129561828924
"ENSG00000159674",3319.0313653943,-1.60560436872237,0.634219271347807,-2.53162343255548,0.011353584915716,0.269129561828924
"ENSG00000164494",182.710046950958,-0.740892890802836,0.292633881852113,-2.53180829955042,0.0113476011345982,0.269129561828924
"ENSG00000171302",1004.09271602593,-0.577078666514368,0.227239521656982,-2.53951716808077,0.011100559707412,0.269129561828924
"ENSG00000171940",469.031760299387,-0.583291942083463,0.228993444942739,-2.54719929747036,0.0108591396009145,0.269129561828924
"ENSG00000179222",952.20646172627,-0.558801362469884,0.219570755727936,-2.54497171363876,0.0109286590720514,0.269129561828924
"ENSG00000179403",518.357560328511,0.665101285675487,0.262727690735194,2.53152335718525,0.0113568253272137,0.269129561828924
"ENSG00000182534",298.639676607415,0.648501107132622,0.256108637778988,2.53213289780665,0.0113371013011199,0.269129561828924
"ENSG00000198932",182.312649421516,0.746654570348484,0.293325579518519,2.54548059386462,0.010912742938305,0.269129561828924
"ENSG00000203499",169.244409711173,-0.733239554892028,0.288993558650162,-2.53721764013309,0.0111737464614081,0.269129561828924
"ENSG00000210127",162.641744334009,0.763354438670069,0.301565141774217,2.53130860609081,0.011363781676987,0.269129561828924
"ENSG00000235162",143.90343959249,0.827333084929484,0.32498692651859,2.54574266661204,0.0109045541863145,0.269129561828924
"ENSG00000164692",2449.81215876046,0.52626281671672,0.208112294847681,2.52874447952197,0.0114471331393547,0.269807603810387
"ENSG00000167332",4182.36438914087,-0.606589733927786,0.239951969663873,-2.52796313686236,0.0114726397100462,0.269807603810387
"ENSG00000162981",294.145345116742,-0.773670598220099,0.306400351755388,-2.52503169068733,0.0115687856398376,0.271120739420026
"ENSG00000162407",556.198164846817,0.6812574627566,0.269945794473289,2.52368244552893,0.011613278125987,0.271218432900655
"ENSG00000138061",743.808979467208,0.616437170643276,0.244547518547842,2.52072551912924,0.0117113165776582,0.272561644641277
"ENSG00000078124",133.433159054335,-0.743614693406205,0.295877153823795,-2.51325485525338,0.0119622883317658,0.273667861630804
"ENSG00000079308",2270.29642745259,0.659964350174415,0.262202089841758,2.51700644557299,0.0118356663925038,0.273667861630804
"ENSG00000079931",262.670816360186,0.74357077641123,0.295616629667034,2.51532120249373,0.0118923981514591,0.273667861630804
"ENSG00000113657",1070.42994221378,0.601400977184241,0.239156830148318,2.51467196990054,0.0119143180726361,0.273667861630804
"ENSG00000131471",316.848543107519,0.681743065020579,0.271153862258004,2.51422959401515,0.0119292744421483,0.273667861630804
"ENSG00000109572",498.90583558954,-0.570516072211135,0.227346590817075,-2.50945514582261,0.0120917571087488,0.274760669977852
"ENSG00000231991",517.980803852956,0.587813433461276,0.234177379674513,2.51012046628196,0.0120689981206707,0.274760669977852
"ENSG00000124198",293.726960220187,-0.611488321664714,0.243959866939034,-2.50651194943276,0.0121928936296564,0.274909865014297
"ENSG00000144713",520.341479768276,0.636767122435198,0.254042987209997,2.50653296683539,0.0121921687633006,0.274909865014297
"ENSG00000186480",245.6447020463,-0.712563092122844,0.284376906794959,-2.50569956665509,0.012220941070365,0.274909865014297
"ENSG00000065534",3535.46901922847,0.730500947262765,0.292776090473912,2.49508402848168,0.0125927305609784,0.281391049013757
"ENSG00000107742",113.538833765711,0.882854916581148,0.353728561424343,2.49585420251674,0.0125654235841174,0.281391049013757
"ENSG00000103942",633.612359353159,-0.709650479533532,0.285073108386908,-2.48936310951638,0.0127972189762098,0.28444888091721
"ENSG00000149596",161.569501743407,0.914705737644198,0.367515104031797,2.48889291245309,0.012814155652381,0.28444888091721
"ENSG00000129009",200.273286451386,0.661232853388084,0.26583464284486,2.48738406067706,0.0128686390924151,0.284718639919685
"ENSG00000197323",274.074802837229,-0.635195230569751,0.255498699344041,-2.48609966391426,0.0129151790339038,0.284811456334546
"ENSG00000183091",108.607671795309,-0.873116714268697,0.351692875217867,-2.4826113230978,0.0130423308343798,0.286675546379212
"ENSG00000142173",1775.00684244302,0.566949699432081,0.22874254775168,2.47854937791264,0.0131917850356602,0.289016111237298
"ENSG00000092841",2143.62872807365,0.502621275466271,0.203576130594553,2.46895976457723,0.0135506453698442,0.292920272121072
"ENSG00000101335",1213.15180186479,0.724196714592203,0.293844937341171,2.46455399621661,0.013718389193895,0.292920272121072
"ENSG00000114812",379.760668224502,-0.595029154147511,0.241339680088233,-2.46552557760071,0.0136812406970566,0.292920272121072
"ENSG00000164938",573.048647745315,-0.575956428528963,0.233110436934674,-2.47074492288977,0.0134831953817983,0.292920272121072
"ENSG00000168461",181.714072733188,0.689306358701173,0.279454357072401,2.46661517795762,0.0136396854578405,0.292920272121072
"ENSG00000169891",365.917450348547,-0.664624326176206,0.269538815532643,-2.46578335985793,0.0136713992973638,0.292920272121072
"ENSG00000183337",247.963368627621,-0.670127154354445,0.271741394311139,-2.46604738322333,0.0136613261122212,0.292920272121072
"ENSG00000240583",296.661516319403,0.657065988318699,0.266495538941126,2.46557969011203,0.0136791743152159,0.292920272121072
"ENSG00000142197",360.719307916424,-0.628415282640162,0.255189658118129,-2.46254212366735,0.0137955966600613,0.293636655492318
"ENSG00000049319",117.851243740113,0.880500117950871,0.357866542653552,2.46041474406082,0.013877653963925,0.29445142132921
"ENSG00000156113",418.929301281184,0.646301108913099,0.262805900424679,2.4592336316221,0.0139233976348369,0.294492995257587
"ENSG00000127184",301.41196931541,0.655850893433283,0.267144637377663,2.4550404599966,0.0140868732415381,0.297016643957948
"ENSG00000064666",261.837340202722,0.610234086289929,0.249064633797098,2.45010332051824,0.0142815227778614,0.297391709609584
"ENSG00000135052",4629.60735925376,-0.544033874725086,0.221996029252873,-2.45064687218068,0.0142599773331976,0.297391709609584
"ENSG00000144747",192.087507495265,-0.665987140259568,0.271708675974326,-2.45110737767718,0.0142417461381144,0.297391709609584
"ENSG00000172638",162.644201923147,0.73215095055287,0.298486231058656,2.45288014779145,0.014171754818004,0.297391709609584
"ENSG00000066468",140.590801502906,0.784823824313241,0.320686495471461,2.44732421039253,0.0143921312579224,0.298769984076501
"ENSG00000005108",112.740367995994,-1.0680490300678,0.436655656854519,-2.44597548045426,0.0144460824579274,0.298967232652369
"ENSG00000182492",870.693296604906,0.625445121617142,0.256023234136358,2.44292329064178,0.0145688335621846,0.30058274398544
"ENSG00000110931",922.695071872067,-0.524953148711054,0.21526849159985,-2.43859723645418,0.0147443913586657,0.302349927678006
"ENSG00000160305",489.644332278608,-0.562668358741998,0.230645404487322,-2.43953856350485,0.0147060329657084,0.302349927678006
"ENSG00000168743",810.006223159417,-0.528105565272249,0.216744326801136,-2.43653696992397,0.0148286535671957,0.303153568063703
"ENSG00000213080",222.011357900355,-0.824674700575582,0.33882073371196,-2.43395583127643,0.0149348173918892,0.304398732660141
"ENSG00000081923",366.046560598453,-0.580591683175987,0.238681106031035,-2.4324995506787,0.014995010117772,0.304702229764757
"ENSG00000078699",495.28881750172,-0.686473450941246,0.282780010286936,-2.42758832296768,0.0151995854012451,0.304870327911711
"ENSG00000111716",545.283602060882,0.595102676859168,0.244967820680474,2.42930959342368,0.015127608517022,0.304870327911711
"ENSG00000130294",244.71800509838,-0.837624275266923,0.344622903481445,-2.43055312576467,0.0150757957271178,0.304870327911711
"ENSG00000133321",126.312039186614,0.876137577012572,0.361016185935647,2.42686508567997,0.0152299182542871,0.304870327911711
"ENSG00000148175",421.620003965958,0.635152217913663,0.261630798130916,2.42766609455452,0.0151963268005355,0.304870327911711
"ENSG00000165521",115.558932905994,-0.819092014557868,0.337678910213927,-2.42565345297684,0.0152808540532449,0.304982268136871
"ENSG00000132470",257.085152003885,0.624623650727984,0.257970830672605,2.42129565230072,0.0154652934297257,0.30775018819034
"ENSG00000104368",146.863723934027,0.771064422279311,0.319592876763353,2.41264583268624,0.0158372003847654,0.314221267811009
"ENSG00000124664",808.647032814216,-0.706874343283193,0.293426103686037,-2.40903700933009,0.0159946759237416,0.314769594157092
"ENSG00000127954",1279.35219682502,-0.519955872305184,0.21570725475835,-2.41047002748088,0.0159319803316905,0.314769594157092
"ENSG00000182890",304.36104065926,-0.644579703455464,0.267594123791884,-2.40879618102815,0.016005233601208,0.314769594157092
"ENSG00000091136",267.483321400522,0.668161315071781,0.277878916801572,2.40450525272812,0.0161943734841218,0.316306900747545
"ENSG00000136149",270.988115774328,0.653430833407812,0.272188077207156,2.40065927983502,0.0163655666756089,0.316306900747545
"ENSG00000165795",675.889365844877,0.62322735942262,0.259439845514537,2.40220371002225,0.016296630380479,0.316306900747545
"ENSG00000167861",770.54497859026,-0.594178833252693,0.247221829627585,-2.40342381636672,0.0162423509547743,0.316306900747545
"ENSG00000177469",1008.4661966676,0.563198947903705,0.2342875541657,2.4038790703555,0.0162221386000325,0.316306900747545
"ENSG00000185201",220.162923173087,0.637439418020172,0.265497547552951,2.40092394033524,0.0163537352833833,0.316306900747545
"ENSG00000172465",107.006053119093,0.767609633100927,0.319907306929777,2.39947514943579,0.0164185942236013,0.31642253509439
"ENSG00000101079",654.63005064436,-0.598848662868395,0.250224692466722,-2.39324367617332,0.0167001456633928,0.320929084948514
"ENSG00000124225",2161.47509731966,-0.576761145401074,0.241513480438627,-2.38811160500683,0.0169351981001285,0.321339395422109
"ENSG00000138642",215.98799098509,-0.842207433050527,0.352442074992313,-2.38963362438748,0.0168651875330408,0.321339395422109
"ENSG00000148735",113.050290221203,0.751578043909178,0.314377950240063,2.39068307219149,0.0168170626288124,0.321339395422109
"ENSG00000159399",115.414962886125,0.772554274797171,0.323574051298098,2.38756560267388,0.0169603754645924,0.321339395422109
"ENSG00000165410",234.214798417064,0.680890038976241,0.284789498360177,2.39085374600123,0.0168092473858739,0.321339395422109
"ENSG00000062038",207.015057880249,0.644241786275171,0.270054298663681,2.38560093086129,0.0170512427510842,0.322153535797169
"ENSG00000249286",107.567489176712,-0.794386557044662,0.333178214174365,-2.38426920863718,0.0171130783751269,0.322416148882642
"ENSG00000163359",951.305892773249,0.50783498626125,0.213451540329982,2.37915821772085,0.0173522262798638,0.326008586475876
"ENSG00000006756",421.925216177981,-0.577854773898038,0.243883098607386,-2.36939245563833,0.0178173359695404,0.326273608284325
"ENSG00000011028",285.091114814053,0.59471410974176,0.250261082530799,2.37637471926371,0.017483697413798,0.326273608284325
"ENSG00000111249",287.393642362028,-0.716273941730146,0.301763138648104,-2.37362967835981,0.0176142066026916,0.326273608284325
"ENSG00000118257",122.555452308294,0.791244211511298,0.33347477280665,2.37272584325311,0.0176573646718468,0.326273608284325
"ENSG00000174444",1337.37137872514,0.494775544128006,0.208708330059278,2.37065546922577,0.0177565743675443,0.326273608284325
"ENSG00000185728",401.395208563395,-0.593316568973708,0.2498904759996,-2.37430645005718,0.0175819513617455,0.326273608284325
"ENSG00000188039",367.618379599031,-0.697262901401254,0.294086665380644,-2.37094361452522,0.0177427376147999,0.326273608284325
"ENSG00000196542",106.438199981791,-0.840725694141132,0.354933439109513,-2.36868550974069,0.0178514254904299,0.326273608284325
"ENSG00000198868",228.346975143777,0.616499878520366,0.259409638107635,2.37654962636572,0.0174754105017284,0.326273608284325
"ENSG00000259583",133.941930426568,-0.752709658497327,0.317558016192693,-2.37030596022047,0.0177733704989937,0.326273608284325
"ENSG00000108582",558.973290262048,-0.544237755726206,0.230220133982058,-2.3639885283388,0.0180793724020389,0.326886717140091
"ENSG00000180817",111.230221490941,0.753958643575259,0.318823405621358,2.36481585191609,0.0180390379575928,0.326886717140091
"ENSG00000196167",453.312007674532,-0.558686755087268,0.236063560916773,-2.36667935075435,0.0179484755181535,0.326886717140091
"ENSG00000227081",362.777357158672,0.577267185390054,0.244122302098545,2.36466386080952,0.0180464420536427,0.326886717140091
"ENSG00000132142",1004.37398529186,-0.523156889866523,0.221658799372834,-2.3601900368799,0.0182655754610543,0.328487327676607
"ENSG00000146411",237.859354656627,-0.689613970245962,0.292100397073222,-2.36087994797588,0.0182316315748421,0.328487327676607
"ENSG00000117472",2020.02954852872,-0.55576597069266,0.235622347352067,-2.35871502401355,0.0183383323017155,0.32891632816357
"ENSG00000186081",422.667746787829,0.618534764171971,0.26261437370988,2.35529668629368,0.0185079220423128,0.331075222490947
"ENSG00000169894",1225.51284418754,0.528443897350904,0.224544682172045,2.35340196988505,0.0186025121973662,0.331884607531791
"ENSG00000101966",201.152465617776,-0.622469435337954,0.265156720360481,-2.34755292828975,0.0188971880874974,0.333282561813229
"ENSG00000111266",250.958421733244,-0.58859964585208,0.250899337636469,-2.34595934527698,0.0189781773973338,0.333282561813229
"ENSG00000112964",270.045519775698,-0.585926576194685,0.249522024016396,-2.34819582962418,0.0188646001259605,0.333282561813229
"ENSG00000114331",138.891186777767,-0.680538325324725,0.289517601962765,-2.35059395598424,0.0187434749434085,0.333282561813229
"ENSG00000172493",456.742421995434,-0.542002935137527,0.230787691650622,-2.34849151296178,0.0188496287704793,0.333282561813229
"ENSG00000186260",214.486078621484,-0.617245700857591,0.263046013801565,-2.34653128529529,0.0189490753277374,0.333282561813229
"ENSG00000087077",155.13351196212,0.696534670124395,0.297044536772682,2.34488295153339,0.019033053627538,0.333375829944845
"ENSG00000074695",881.650282104626,-0.505133140916165,0.215877189054953,-2.33990975668847,0.0192883999292477,0.333505855846068
"ENSG00000093183",432.616350447745,-0.552935136650244,0.235955319794077,-2.34338915152581,0.019109439720036,0.333505855846068
"ENSG00000108298",783.685020891843,0.558201584442627,0.238507643746413,2.34039285145981,0.0192634650529932,0.333505855846068
"ENSG00000135968",289.60826803947,-0.590828063361436,0.252292417299647,-2.34183837027377,0.0191890229663445,0.333505855846068
"ENSG00000155760",147.997717947657,0.692286047786115,0.2957474106002,2.34080172124302,0.0192423833063724,0.333505855846068
"ENSG00000114790",364.505075375201,-0.569720125568208,0.243744528652561,-2.33736580147118,0.0194201717561344,0.334923269825026
"ENSG00000091986",323.987085396257,0.594633576466295,0.254978558053129,2.33209247478132,0.01969582684967,0.33580301208236
"ENSG00000114127",165.756166469555,-0.681500384275179,0.2923393227235,-2.33119642587307,0.0197430045283301,0.33580301208236
"ENSG00000142937",1084.02252526634,0.613160101597705,0.262697912823728,2.33408821184331,0.0195911034248673,0.33580301208236
"ENSG00000145391",618.560925951061,-0.517683154326269,0.222117690111484,-2.33067052906248,0.0197707393375877,0.33580301208236
"ENSG00000246705",536.310360630088,-0.555926990954636,0.238321587726829,-2.33267576075339,0.0196651693151052,0.33580301208236
"ENSG00000255248",115.658231329317,0.7290901487565,0.312505674586392,2.33304611099132,0.0196457253305165,0.33580301208236
"ENSG00000103811",501.309595476826,0.557771664573864,0.239715880968701,2.32680314011691,0.0199757452149155,0.336733990765719
"ENSG00000169083",470.870030651236,-0.576544438025911,0.247616508612421,-2.32837641260963,0.0198921250131566,0.336733990765719
"ENSG00000261115",178.530970943382,-0.653915910807943,0.280982492914129,-2.32724787948902,0.0199520760474099,0.336733990765719
"ENSG00000035403",982.367194286019,0.547864202223393,0.236120403448843,2.3202747167171,0.0203260209422145,0.33945440113262
"ENSG00000100077",222.140724796996,-0.631214236990884,0.272264501808059,-2.31838610174704,0.0204283467118621,0.33945440113262
"ENSG00000109113",152.165726487873,0.65986566115067,0.284295636997553,2.32105447737262,0.0202839038481459,0.33945440113262
"ENSG00000134775",157.999378110554,0.760730068819476,0.328331524576535,2.31695713593334,0.0205060668504219,0.33945440113262
"ENSG00000138080",325.48262517062,0.594319999748288,0.256578113052578,2.31633163358131,0.0205401684129771,0.33945440113262
"ENSG00000144357",255.550180076891,-0.58384392448269,0.252056826135226,-2.31631863907333,0.0205408773804603,0.33945440113262
"ENSG00000239983",107.151674279485,0.728017295615955,0.313535409054902,2.32196196853949,0.0202349835494812,0.33945440113262
"ENSG00000249119",322.951613917883,0.679709081189383,0.293323240487397,2.31726978080548,0.020489040379803,0.33945440113262
"ENSG00000011405",256.524643054594,-0.617243853527283,0.266587210581662,-2.31535433444286,0.020593548471668,0.339490703481468
"ENSG00000071082",538.663861604041,0.569142581924137,0.245961113069543,2.31395351412001,0.0206702721901751,0.339922373474616
"ENSG00000158711",992.856290152677,-0.677336755456648,0.293138328796264,-2.31063866072392,0.020852821936184,0.342088000836033
"ENSG00000109929",573.080345054701,-0.510624522960592,0.221414830849192,-2.30618934152782,0.0211000548817054,0.344433695743154
"ENSG00000163347",136.416648227868,0.774335693332684,0.335859064442725,2.30553757605888,0.0211364847998996,0.344433695743154
"ENSG00000170113",230.253779132036,-0.60604199759488,0.262994311966265,-2.30439203442779,0.0212006467495786,0.344433695743154
"ENSG00000185650",1215.57058671807,0.506437647153875,0.21976607924831,2.30443956085534,0.0211979814179476,0.344433695743154
"ENSG00000029364",425.707362495162,-0.550341867794392,0.239024173738207,-2.30245275692139,0.0213096527269431,0.345370419858842
"ENSG00000165215",413.033034388454,-0.546783350340935,0.238283776381212,-2.29467300982413,0.0217518706923066,0.351690101626092
"ENSG00000126822",131.216741686606,0.742284039311448,0.323984402032904,2.29111041968021,0.0219570281598875,0.354155806722789
"ENSG00000198677",393.02988155565,-0.539463315433312,0.235869722715875,-2.28712404975835,0.0221885835009976,0.357034479970598
"ENSG00000109576",162.892803265366,-0.663013772724638,0.290016831789952,-2.28612170070472,0.0222471397793857,0.357122344048087
"ENSG00000133142",524.094245536574,0.51149975293998,0.224231508054077,2.28112345753222,0.0225411424223746,0.359804859328654
"ENSG00000170759",827.74620395379,-0.506461510773471,0.222078084044873,-2.28055601682485,0.0225747324764633,0.359804859328654
"ENSG00000196865",121.713883807173,-0.679998541853346,0.298045208047147,-2.28152818261644,0.0225172109851516,0.359804859328654
"ENSG00000109846",116.045659986334,0.732520641529688,0.321949059665399,2.27526877168393,0.0228898115739572,0.363964237934837
"ENSG00000135525",389.571140339653,-0.545702599331786,0.239977955638903,-2.27396969808723,0.0229678084894144,0.364343112971229
"ENSG00000089009",328.37993323878,0.567679775964552,0.250006883406143,2.27065658445228,0.0231677751682754,0.365789802304743
"ENSG00000107317",637.45698751115,0.605731202862556,0.266682357321464,2.27135836410954,0.0231252927316454,0.365789802304743
"ENSG00000082014",112.778648481206,0.694578059662816,0.306176165256147,2.26855692402357,0.0232952836531552,0.36694163431176
"ENSG00000198734",302.853767897648,-0.750418606321119,0.330992525035798,-2.26717689845098,0.023379421469184,0.367406515891896
"ENSG00000024422",243.705284603587,0.636324002562166,0.281233654309571,2.2626168412324,0.0236593190519203,0.370938414786051
"ENSG00000142910",199.333329466769,0.677980699114738,0.299837606768413,2.26115965379351,0.023749372488551,0.371484370599986
"ENSG00000070759",159.321427425145,-0.660507138558901,0.292266046936345,-2.25995166213323,0.0238242510357765,0.371790980201005
"ENSG00000213694",148.344635501409,0.681357034103697,0.301631981662008,2.25890182582558,0.0238894924049129,0.37194612480427
"ENSG00000159433",109.083079488087,0.691797618955881,0.307018877570319,2.25327388475464,0.0242418853192815,0.376561017684728
"ENSG00000146950",123.456413662251,-0.71384286154675,0.317054821825109,-2.25148085570045,0.0243550980885051,0.377447902634298
"ENSG00000104413",375.798868358351,-0.542660879430581,0.241430540164961,-2.24768945577391,0.0245959988321666,0.380305030218741
"ENSG00000073849",762.161242540406,0.512002613925674,0.22897125757087,2.23609993392818,0.0253452257866411,0.38132604387294
"ENSG00000108551",183.448989711038,-0.652852985024278,0.29150784712838,-2.23957259283233,0.0251186836583069,0.38132604387294
"ENSG00000116584",111.001686032863,0.710623633620193,0.31833897947991,2.23228595750725,0.0255960693800879,0.38132604387294
"ENSG00000123243",166.956005869452,0.674559101115412,0.301676592629815,2.23603394361842,0.02534954778933,0.38132604387294
"ENSG00000128591",1252.18715513525,0.70167615748631,0.313289519191894,2.23970517525205,0.0251100693724392,0.38132604387294
"ENSG00000137145",216.634941035418,-0.59546520342872,0.266633515097008,-2.23327214964733,0.025531002942693,0.38132604387294
"ENSG00000140443",831.137583225523,-0.507351861718251,0.226806383570757,-2.23693819252655,0.0252903799298245,0.38132604387294
"ENSG00000148143",251.289725245704,-0.581717251059704,0.259579283175594,-2.24100029841826,0.0250260556780344,0.38132604387294
"ENSG00000160336",616.7168865355,-0.695771119780493,0.310145867370373,-2.24336737316448,0.0248731340433875,0.38132604387294
"ENSG00000161638",428.64854724813,0.754169081029579,0.337770040157777,2.23278855838516,0.0255628911560895,0.38132604387294
"ENSG00000163694",726.820548311367,-0.536943536350973,0.239275435545563,-2.24403953179192,0.0248298579443485,0.38132604387294
"ENSG00000174348",279.848332234481,0.585949386483183,0.262613528724543,2.23122315643452,0.0256663508274028,0.38132604387294
"ENSG00000182621",108.733606643144,-0.731938309818447,0.328079448406942,-2.23097884787519,0.0256825301627181,0.38132604387294
"ENSG00000182957",262.29395535241,-0.621614371522434,0.277586951525052,-2.23935011392758,0.0251331445425525,0.38132604387294
"ENSG00000185950",271.845011269543,-0.61904440322253,0.277085096867591,-2.23413099520956,0.0254744551295505,0.38132604387294
"ENSG00000196683",240.39939631299,0.579108024725451,0.258969253356674,2.2362037856589,0.0253384253603856,0.38132604387294
"ENSG00000197756",864.829083836544,0.510171731327647,0.228189373972064,2.23573833630879,0.0253689162724455,0.38132604387294
"ENSG00000211445",153.813862747631,0.632564100065549,0.28290874978459,2.23592978494723,0.0253563709078027,0.38132604387294
"ENSG00000115159",191.827321919846,-0.623713419216192,0.279913143282424,-2.2282391312611,0.0258645729100008,0.381642270693829
"ENSG00000115808",116.808121264908,-0.684217265840931,0.306943292555271,-2.22913248940837,0.0258050907687815,0.381642270693829
"ENSG00000224892",137.74058033247,-0.756099291412363,0.339347576236664,-2.22809692586416,0.0258740522504291,0.381642270693829
"ENSG00000166949",283.466508997695,0.552933385095697,0.248456393528893,2.22547456816158,0.0260493965520069,0.383387836343104
"ENSG00000166025",781.946540437038,-0.521935736443014,0.23471798199061,-2.22367171026502,0.0261705399269926,0.384329806875441
"ENSG00000110719",196.555352543085,0.588234476103853,0.264697511714237,2.22228940610104,0.026263753631035,0.384858402880918
"ENSG00000072310",556.068930327134,-0.53840279408989,0.242613076022831,-2.21918291839812,0.0264742826894013,0.38542429733531
"ENSG00000125967",142.124841506338,-0.772933684092086,0.348175424986687,-2.21995473724672,0.0264218402736648,0.38542429733531
"ENSG00000156804",544.860409285273,0.55954288793159,0.251952543458966,2.22082651061913,0.0263627142590902,0.38542429733531
"ENSG00000102837",377.989091111474,1.83879645005065,0.829560942312957,2.2165899529018,0.0266511247645509,0.386326433548209
"ENSG00000196843",110.975550151779,0.801249126944492,0.361462507084987,2.21668668600282,0.0266445092235412,0.386326433548209
"ENSG00000090382",122.28602419676,0.818367344064328,0.369494546451825,2.21482929023697,0.0267717839738693,0.387240901093
"ENSG00000071537",933.655620523821,-0.472575715862087,0.213482382823574,-2.21365205695981,0.0268527233374398,0.387578148428369
"ENSG00000197043",448.244075972314,0.511071665784364,0.231075222085787,2.21171123918526,0.0269866234264538,0.388676721983573
"ENSG00000102024",260.761669670595,0.576955700342652,0.260981132511184,2.2107180499645,0.0270553678008034,0.38883419621411
"ENSG00000010278",1405.34117366514,-0.511834927356314,0.231668884752329,-2.20933824541652,0.0271511229002823,0.389378363810872
"ENSG00000100280",716.247820689264,-0.53980415413937,0.244629899033206,-2.20661561106272,0.027340925387299,0.389831142905294
"ENSG00000100979",128.268052167824,0.667061121986287,0.302131190700843,2.2078525571588,0.0272545529563831,0.389831142905294
"ENSG00000117318",177.393886175741,0.610903752258796,0.276900680161789,2.20621976046377,0.0273686163481064,0.389831142905294
"ENSG00000137628",178.713893080133,-0.835386749150324,0.378763293885103,-2.20556416800974,0.02741453026973,0.389831142905294
"ENSG00000241015",168.94934895178,-0.747753679606687,0.339382410571383,-2.20327764879674,0.0275751853427677,0.391288389484083
"ENSG00000138744",498.989779569133,-0.623168927081045,0.283135027731245,-2.20096019935959,0.0277388415794656,0.392781996765233
"ENSG00000107130",199.447146677147,0.659382430237757,0.300081772778091,2.19734249145938,0.0279959951216492,0.394179014631439
"ENSG00000159200",133.77647123404,0.735548744373036,0.334582279462285,2.19840914932839,0.0279199622840759,0.394179014631439
"ENSG00000163171",444.400269218535,0.541924841189279,0.246674563572938,2.19692226608132,0.0280259983357426,0.394179014631439
"ENSG00000164187",104.133688606314,-0.726652901657277,0.330856250233219,-2.19627980775658,0.0280719220946267,0.394179014631439
"ENSG00000070404",124.18001203182,0.724225041567643,0.329981794580845,2.19474241749482,0.0281820801413966,0.394901397981319
"ENSG00000082269",317.290804506855,-0.764789128649695,0.349175720894939,-2.19027006428034,0.028504656541375,0.396556228368467
"ENSG00000119681",349.329694888695,0.604035249423565,0.275779440251033,2.19028383288374,0.0285036585962854,0.396556228368467
"ENSG00000137573",645.074649806316,0.660325110416053,0.301495601973624,2.19016498447569,0.0285122736918993,0.396556228368467
"ENSG00000143995",196.657232886382,0.663551571841016,0.303126438647912,2.18902572405354,0.0285949703774467,0.396556228368467
"ENSG00000151746",181.116008108558,-0.616323046537745,0.281480613728142,-2.18957546800363,0.0285550397845344,0.396556228368467
"ENSG00000255823",215.309303692996,0.593409229236339,0.271318326911924,2.18713286341683,0.0287328261818362,0.397648125306647
"ENSG00000136111",314.450019853251,-0.535801358058127,0.245134294716431,-2.18574621995644,0.0288341773445057,0.398231369238492
"ENSG00000160781",121.811683888518,-0.756887888716545,0.346467809387929,-2.18458358383616,0.028919392666992,0.398589825979893
"ENSG00000163939",208.287242397722,-0.590009491447727,0.27121728385957,-2.17541258083397,0.0295992125708519,0.407125365545092
"ENSG00000118523",2357.49760412388,0.570146328101588,0.262272033431828,2.17387389971103,0.0297146066815307,0.407722480377761
"ENSG00000196878",159.421535644131,0.639870649256293,0.294434542812216,2.17321868264753,0.0297638623053049,0.407722480377761
"ENSG00000231500",937.208962177959,0.506853348803801,0.233332206861001,2.17223912473317,0.0298376310194197,0.407902248448409
"ENSG00000162576",226.481684574188,0.588300558782207,0.271486825196628,2.16695804061992,0.030238053675908,0.412537827635208
"ENSG00000089472",123.702663330945,0.720638187739029,0.333713459303737,2.15945197188802,0.0308151195762616,0.414863469013679
"ENSG00000103528",156.064044246546,-0.699358281217961,0.323894614600214,-2.15921552780736,0.0308334499466598,0.414863469013679
"ENSG00000113719",2418.05059058012,-0.482599800068046,0.223331671352793,-2.16091070802803,0.0307022375854466,0.414863469013679
"ENSG00000117620",210.998881995747,-0.581509552811871,0.269118270542883,-2.1607955180405,0.0307111384498144,0.414863469013679
"ENSG00000123191",113.959980755086,-0.666924491107755,0.308886117591534,-2.15912743605294,0.0308402816691703,0.414863469013679
"ENSG00000138018",142.361497889897,-0.635218871462229,0.293986372215441,-2.16070856167688,0.0307178591368377,0.414863469013679
"ENSG00000187498",676.27007181744,0.543797778542898,0.251318541693474,2.16377898295364,0.0304813158835288,0.414863469013679
"ENSG00000196739",216.826123765504,0.586034570777849,0.271620510625056,2.1575490357089,0.0309629107540824,0.415681712039837
"ENSG00000073712",350.326517044437,0.581386693404553,0.269943438968115,2.15373522552339,0.0312609420130701,0.418846804740855
"ENSG00000140563",110.494520133971,-0.675558536687822,0.314105495212812,-2.1507377202367,0.0314969073083089,0.421169380826413
"ENSG00000148180",1183.4071789709,0.474287638423164,0.220637913821035,2.14961984642345,0.0315852972529637,0.42151331214967
"ENSG00000175130",773.068241870199,-0.523952104639354,0.243907352777176,-2.14816035135282,0.0317010192170541,0.422219911393873
"ENSG00000137942",249.633227628403,-0.547743143399477,0.255689691772661,-2.14221832566675,0.0321759175171152,0.427698065652405
"ENSG00000198523",104.169606885084,0.816919992975201,0.382017844917194,2.13843411726558,0.0324815259403519,0.430908764250113
"ENSG00000181804",137.023917930798,0.665497814535542,0.311470863534595,2.13662943295376,0.0326281437176186,0.431615721139138
"ENSG00000269028",163.532765871065,0.656857662108825,0.307488916494174,2.13619947540864,0.0326631582009844,0.431615721139138
"ENSG00000197312",279.256527052281,-0.532035461433016,0.249384067799367,-2.13339795973272,0.0328920942931167,0.433788678853927
"ENSG00000166482",366.225133341019,0.603851154113839,0.283153273948743,2.13259463926647,0.0329579934637723,0.433807170327461
"ENSG00000113296",284.790850310265,0.694872032759264,0.32600873872868,2.13145216741436,0.0330519090565172,0.434193633426044
"ENSG00000124212",148.175917978426,0.692979168214592,0.325268683130476,2.13048228788941,0.0331318165781301,0.434394928468817
"ENSG00000148120",215.185869935479,0.581103864431767,0.273329641207606,2.12601846570454,0.033501722021528,0.438390237970423
"ENSG00000177853",121.216420426461,-0.686299660438983,0.323184204894023,-2.12355569995765,0.0337073132247225,0.440224055824239
"ENSG00000099725",148.802369694815,0.643139327648965,0.303272034969424,2.1206680916485,0.0339497435326672,0.440627273011784
"ENSG00000112851",394.424732244264,-0.506891900752387,0.239264603824535,-2.11854111577706,0.0341292666413626,0.440627273011784
"ENSG00000127328",169.962334906075,-0.616112673720986,0.290653701669336,-2.11974824398386,0.0340272821040305,0.440627273011784
"ENSG00000177565",593.01374885666,-0.509956545541202,0.240492799256227,-2.12046492501375,0.0339668564571956,0.440627273011784
"ENSG00000183044",352.102773270734,-0.679395192306128,0.320351948905936,-2.12077745937365,0.033940534434438,0.440627273011784
"ENSG00000240990",162.39958921845,-0.64122988224757,0.30267856752952,-2.11851763235609,0.0341312532321052,0.440627273011784
"ENSG00000130635",462.044979963002,0.49519022116138,0.233911892427441,2.11699463427233,0.0342603031846908,0.441445975517682
"ENSG00000153201",743.882367974442,-0.498495317037384,0.235792203353479,-2.11412977167053,0.0345041850108906,0.442047901682381
"ENSG00000167601",164.364844409598,0.617813702805314,0.292128767928612,2.11486772489415,0.0344412226760564,0.442047901682381
"ENSG00000183853",188.42201686377,0.585177362617896,0.276627254616613,2.11540024654806,0.0343958488073126,0.442047901682381
"ENSG00000109654",299.025334791594,-0.53920764595595,0.255235904190836,-2.11258540472736,0.0346362690267467,0.442896474284978
"ENSG00000153064",106.265449731437,-0.659474023223909,0.312387185555059,-2.11107898696976,0.0347655232422748,0.443469518070383
"ENSG00000204262",178.595823210303,0.591353276801549,0.280192177004668,2.11052743557397,0.0348129505710916,0.443469518070383
"ENSG00000141424",1338.8869007437,-0.459176118644301,0.217699095628284,-2.10922382253867,0.0349252665627786,0.444059249340735
"ENSG00000198832",153.523413608633,0.622853196498331,0.295407871815738,2.1084515882056,0.0349919461283953,0.444067603131295
"ENSG00000019582",2960.58320035489,0.567399732214158,0.26989798598909,2.10227479147286,0.0355292114810829,0.44736078374455
"ENSG00000094975",192.518647320653,-0.58810936639121,0.279892958512896,-2.10119386181026,0.0356239520187224,0.44736078374455
"ENSG00000110344",169.118061884111,-0.583119718855053,0.277337299374511,-2.10256507209879,0.035503805820538,0.44736078374455
"ENSG00000136859",149.196860861036,0.666318112351311,0.316845544856468,2.10297453496831,0.0354679955594683,0.44736078374455
"ENSG00000141367",1582.16427526643,-0.432849124492418,0.206004524521317,-2.10116319288719,0.0356266432072008,0.44736078374455
"ENSG00000166206",149.017231159905,-0.655052646991285,0.311909885821063,-2.10013429124551,0.035717029567473,0.44736078374455
"ENSG00000221869",140.907679284677,0.67242205226199,0.320179721839876,2.10013941044734,0.0357165793750649,0.44736078374455
"ENSG00000152818",820.517013160257,-0.462150946242984,0.220180004931425,-2.09896873418148,0.035819656970311,0.447812291416936
"ENSG00000026508",627.197866766874,0.508490209348909,0.242473393244962,2.09709693316825,0.0359849954249809,0.449044673893175
"ENSG00000039319",183.812210539335,-0.577032341659898,0.275531238808636,-2.09425379189277,0.0362373782243441,0.451356677660997
"ENSG00000113615",146.139334564266,-0.606681483955185,0.29016395301245,-2.09082305936587,0.0365439282184578,0.454333569680863
"ENSG00000008988",910.457589083519,0.529130824884695,0.253307713228769,2.08888556191268,0.0367180258253289,0.455655796496609
"ENSG00000020181",529.190611240672,0.50820664073043,0.243570496968909,2.08648685721285,0.0369345444911412,0.457498611873693
"ENSG00000105643",114.421151327561,0.690156734305878,0.331330219391837,2.08298758734616,0.0372523550021293,0.458899889641615
"ENSG00000148516",176.292453223648,0.592804601578025,0.284417431085243,2.08427661875743,0.037135012869324,0.458899889641615
"ENSG00000159184",798.340933830081,-0.538835825264849,0.258611900090332,-2.0835693372062,0.0371993585653686,0.458899889641615
"ENSG00000102580",801.773497519866,-0.455272135152159,0.219121313331558,-2.07771726186797,0.0377354082027282,0.463153933524727
"ENSG00000163644",240.953428432431,-0.597458855403793,0.287453026062698,-2.07845735210134,0.0376672550505152,0.463153933524727
"ENSG00000167747",372.721020195729,-0.696650341787566,0.335463479462107,-2.07668012895054,0.0378310918071171,0.463482556456593
"ENSG00000173898",512.648863817341,-0.565915210329942,0.272684855372936,-2.07534521693906,0.0379545515634926,0.464149661483729
"ENSG00000077782",335.866842912467,0.516991308690253,0.249335447084701,2.07347697543634,0.0381279117311426,0.464269921404492
"ENSG00000102547",696.800879869553,-0.458162616157916,0.221274593255134,-2.07056133023662,0.0383998090636696,0.464269921404492
"ENSG00000109475",669.482681013853,0.460827439508326,0.222603146590417,2.07017486754684,0.0384359718997964,0.464269921404492
"ENSG00000117480",501.464424035106,-0.590493505388746,0.285062810546136,-2.07145051386202,0.0383167144603232,0.464269921404492
"ENSG00000139865",179.001835596486,-0.700735487982051,0.338529184197895,-2.06994114744453,0.0384578560542293,0.464269921404492
"ENSG00000166833",115.901588238906,0.66353227321865,0.320512509110517,2.0702227038192,0.0384314941021479,0.464269921404492
"ENSG00000167676",123.478020997685,0.862747757672265,0.416234806486259,2.07274294275231,0.0381962090032842,0.464269921404492
"ENSG00000196220",145.249740975309,-0.59504922820161,0.287649131654635,-2.06866339132932,0.0385776848129698,0.464269921404492
"ENSG00000198840",5148.57776776966,0.460084644662195,0.222415808080256,2.06857888669577,0.0385856208839,0.464269921404492
"ENSG00000100316",2598.85711574934,0.444558455679601,0.215089141710298,2.06685680246181,0.0387476491998603,0.464557377037898
"ENSG00000137699",240.398001826626,0.585216886352186,0.283086050735284,2.06727560341511,0.0387081917417014,0.464557377037898
"ENSG00000137094",112.530328499106,0.750795950424326,0.363537141864314,2.06525238817153,0.038899125964323,0.464716733989407
"ENSG00000145730",675.659015215797,0.531604562177064,0.257371220288285,2.06551673330688,0.038874133920048,0.464716733989407
"ENSG00000118971",415.426648952506,0.513916101875085,0.249035357003602,2.06362706106688,0.0390530897917177,0.464904569803705
"ENSG00000168077",125.787455903469,0.704928823599554,0.341493095050732,2.06425498440848,0.0389935466857827,0.464904569803705
"ENSG00000118689",263.767459462895,-0.524206772258086,0.254217543694448,-2.06204011194501,0.039203917238497,0.465053875390001
"ENSG00000185432",176.871611182294,0.691995900038503,0.335540284903584,2.06233329103045,0.0391760156032389,0.465053875390001
"ENSG00000130653",517.162927220275,-0.493875518511048,0.239984795335463,-2.05794503697905,0.0395954097991763,0.468348338909715
"ENSG00000163513",283.783961554915,0.543055216070692,0.26391632068327,2.05767955033907,0.0396209046743425,0.468348338909715
"ENSG00000101333",135.518683124533,-0.613774991016,0.298469183180671,-2.05640992639587,0.0397430203021078,0.468599641459029
"ENSG00000115902",192.702090626789,-0.548122042421547,0.26659496233978,-2.05601050226506,0.0397815039062006,0.468599641459029
"ENSG00000160613",540.91353094132,0.488082629526479,0.237556366945428,2.05459712910411,0.0399179331974277,0.468789111685563
"ENSG00000170271",113.994423971566,0.662555309305835,0.322618587611229,2.05367990174281,0.0400066830370968,0.468789111685563
"ENSG00000198087",239.375558683285,-0.548993875583477,0.267305728012349,-2.05380513042397,0.039994556199212,0.468789111685563
"ENSG00000065357",187.37641295525,0.55148530183169,0.268735779954483,2.05214691517854,0.0401553866790758,0.469713270962546
"ENSG00000186205",246.938152042987,-0.674083439984804,0.328753350492667,-2.05042302679084,0.0403231680447865,0.470856993522976
"ENSG00000115648",1808.56909346724,-0.458641302150669,0.224062089029128,-2.04693843629676,0.0406641295919367,0.473195390372606
"ENSG00000198744",949.837195254652,0.442658285483421,0.216240035507277,2.04706905659255,0.0406513046599277,0.473195390372606
"ENSG00000067057",216.217554942394,0.532151921917915,0.260935967034561,2.03939659206671,0.041410462269535,0.477937243963139
"ENSG00000072756",122.284898077678,-0.644822205371534,0.316333944405906,-2.03842242280559,0.0415077057411551,0.477937243963139
"ENSG00000076554",886.331101671409,-0.526714341408344,0.258470895823225,-2.03780909154499,0.0415690288014327,0.477937243963139
"ENSG00000118526",102.890627223568,0.652753788105802,0.320264755793495,2.03816928431143,0.0415330061462977,0.477937243963139
"ENSG00000152332",220.409777002364,-0.585523216786548,0.287073258403359,-2.03962995384211,0.0413871963084967,0.477937243963139
"ENSG00000168734",130.652101707895,0.671977306544615,0.329696019475702,2.03817233709168,0.0415327009526358,0.477937243963139
"ENSG00000214535",215.90773018007,0.553217720525488,0.271016647614074,2.04126840692556,0.0412241555199115,0.477937243963139
"ENSG00000143578",615.859458876101,-0.563591184475105,0.276756534867409,-2.03641509222218,0.0417086912138082,0.478724670826064
"ENSG00000140682",149.015958109705,0.638225060348091,0.313524393668032,2.0356472199221,0.0417857925594614,0.478792573688139
"ENSG00000139926",205.716983005716,0.562503934374463,0.276602706001504,2.0336168886627,0.0419902376899987,0.480316902556005
"ENSG00000027001",149.980512829483,0.610142668232896,0.300282654935569,2.03189447743431,0.0421643397477562,0.481489557119538
"ENSG00000027075",172.152094491066,-0.563215550407594,0.278101779228697,-2.02521376155754,0.0428454191939057,0.482890881386725
"ENSG00000076864",366.182282115091,-0.550668282317651,0.271910314945058,-2.0251834963632,0.0428485256801262,0.482890881386725
"ENSG00000084207",266.780255723125,0.553907959200372,0.273306762708257,2.0266895473481,0.0426941721212671,0.482890881386725
"ENSG00000120437",118.661590652324,-0.669740344757608,0.330890016240849,-2.0240572754849,0.0429642589225895,0.482890881386725
"ENSG00000120708",300.552546803633,0.542161540640153,0.267085394719525,2.02991833832582,0.0423648407031612,0.482890881386725
"ENSG00000130203",179.674726534052,0.647858497525583,0.319503474436038,2.0277040763614,0.0425904593689138,0.482890881386725
"ENSG00000134909",336.936397781982,-0.491760948636249,0.243053788868219,-2.0232597521978,0.043046374100749,0.482890881386725
"ENSG00000164587",994.894526998374,0.445254426189144,0.219873076306276,2.0250520603483,0.0428620187713866,0.482890881386725
"ENSG00000182899",611.854117675142,0.472682613495487,0.23365836949883,2.02296461500325,0.0430767958418131,0.482890881386725
"ENSG00000198715",283.851455133137,-0.6398718213735,0.315944701762695,-2.02526523725062,0.0428401360526804,0.482890881386725
"ENSG00000220848",154.655558321222,0.607801493345384,0.300355947205092,2.0236039905358,0.0430109141236759,0.482890881386725
"ENSG00000157240",183.849498664066,0.548792748566683,0.271390029319114,2.02215516149779,0.0431603248367466,0.483022204412575
"ENSG00000049323",661.824215335495,0.525231876952847,0.260512877885104,2.01614554035404,0.0437847591840882,0.484856083530073
"ENSG00000083307",702.117636083301,-0.517479516656446,0.256896735176957,-2.01434835791118,0.0439729721905061,0.484856083530073
"ENSG00000095564",225.078412542173,-0.531307369476579,0.263601157705648,-2.01557297434129,0.0438446481602837,0.484856083530073
"ENSG00000111335",257.793069009511,-0.725348166481734,0.360076546539002,-2.01442769170518,0.0439646494358992,0.484856083530073
"ENSG00000111816",112.208117876993,-0.631393675071534,0.312768553721112,-2.0187249247395,0.0435158179005886,0.484856083530073
"ENSG00000130589",184.788184729679,-0.572952250760189,0.284271519651776,-2.01551056349942,0.0438511803573551,0.484856083530073
"ENSG00000131263",207.740879074215,-0.549135399933541,0.27240774389654,-2.01585825747341,0.0438147996160633,0.484856083530073
"ENSG00000144339",1785.39656495087,-1.73817231169758,0.860966587712703,-2.01886151739676,0.0435016149631207,0.484856083530073
"ENSG00000211895",1108.69890317981,-0.546417446908052,0.271189247855576,-2.01489347836921,0.043915811481465,0.484856083530073
"ENSG00000011465",914.959838716288,0.477645160805245,0.237251504760066,2.01324396778133,0.0440889698312846,0.485339461677939
"ENSG00000147854",270.125365882063,-0.650932115587516,0.323463917914724,-2.01237937073131,0.0441799614040009,0.485508307884284
"ENSG00000198722",574.154336002425,-0.475846175932865,0.236536105675535,-2.01172744674168,0.0442486756962631,0.485508307884284
"ENSG00000006210",235.745479780666,0.565635178023797,0.281582914291649,2.00876952867226,0.0445615811905477,0.485771791065841
"ENSG00000076555",178.691636106179,0.585278939162477,0.291349240736117,2.00885692265311,0.0445523094625302,0.485771791065841
"ENSG00000124172",248.161463948349,0.540483777315721,0.269027523741897,2.00902781172032,0.044534184347451,0.485771791065841
"ENSG00000125503",294.609299208042,0.498451803608211,0.248065937087315,2.00935206768338,0.0444998096839428,0.485771791065841
"ENSG00000104723",325.666492847118,-0.516497254328638,0.257407713689612,-2.00653370843207,0.0447993360654259,0.486421408974706
"ENSG00000189043",196.854071031037,0.543692646826414,0.271010279833611,2.00616982927813,0.0448381316628483,0.486421408974706
"ENSG00000227008",391.344662561575,0.500078348318926,0.249190832665695,2.00680876968621,0.044770028732909,0.486421408974706
"ENSG00000166801",847.062638112223,-0.526378491047976,0.262565204678839,-2.00475341617266,0.0449894148833849,0.487276657819077
"ENSG00000163945",207.326700204328,-0.524925014227911,0.262156889266333,-2.00233156449542,0.0452490833817345,0.489301181391553
"ENSG00000157514",534.486812715772,-0.692145976334976,0.346052807349471,-2.00011663432626,0.0454876709652058,0.491091613020825
"ENSG00000109182",181.558784961533,-0.611869553884556,0.306579796201595,-1.99579216068829,0.045956550463008,0.491420919577412
"ENSG00000134138",182.82095978968,0.580940773720487,0.2910200420016,1.99622256159695,0.0459097027075898,0.491420919577412
"ENSG00000154447",495.810071806991,-0.48225845210558,0.241349341719809,-1.99817595800801,0.0456975870741776,0.491420919577412
"ENSG00000164023",146.186317512959,-0.572045171038639,0.28661342902683,-1.99587707031372,0.0459473051363042,0.491420919577412
"ENSG00000197603",141.992326738497,-0.612562778549226,0.30670821911358,-1.9972167042657,0.045801647222031,0.491420919577412
"ENSG00000221983",712.956762429304,0.442463812088744,0.221599335693174,1.99668383799389,0.0458595389198217,0.491420919577412
"ENSG00000011347",944.269459859669,-0.594461142955957,0.298188457820542,-1.99357529563978,0.0461984873769934,0.492155846997739
"ENSG00000101443",107.323621371822,0.646666009876779,0.324395036570795,1.99345223253949,0.0462119491941563,0.492155846997739
"ENSG00000179820",389.847205202191,0.504855232386397,0.253294886614679,1.99315208898947,0.0462447956144173,0.492155846997739
"ENSG00000108821",1989.039943344,0.420225129229888,0.211225939137901,1.98945797540301,0.0466506759503182,0.494319821899423
"ENSG00000167552",405.524494666135,0.51075814194558,0.256761527643581,1.98923159023488,0.0466756465758067,0.494319821899423
"ENSG00000171793",109.966885982764,0.616637145511701,0.309869796976614,1.98998789662046,0.0465922687982003,0.494319821899423
"ENSG00000198034",1784.39115779977,0.426750917486208,0.214595481370243,1.98862955902568,0.0467421062634601,0.494319821899423
"ENSG00000145623",278.841446824296,0.652852803476438,0.328642999124011,1.98651060639235,0.0469766563109375,0.494467903517004
"ENSG00000162105",176.698305190335,-0.557542753994384,0.280569686189371,-1.98718101576401,0.0469023408444803,0.494467903517004
"ENSG00000171867",459.093171382683,0.474361570172336,0.238746544525733,1.98688350072103,0.0469353084308962,0.494467903517004
"ENSG00000143753",445.605853132808,-0.475340747617276,0.239584313360855,-1.98402283083255,0.0472532948316361,0.495055546787515
"ENSG00000148219",421.560074846744,-0.528987324745849,0.266500598873037,-1.9849385966966,0.0471513035206298,0.495055546787515
"ENSG00000152931",180.493313981749,-0.6949263597525,0.350237120740291,-1.98415964099878,0.0472380461362584,0.495055546787515
"ENSG00000076685",222.087673489335,-0.530208506162914,0.26752449795032,-1.98190636829594,0.0474897210656178,0.496758730773476
"ENSG00000144674",513.322647226555,-0.495219160588371,0.24998887362798,-1.98096480615905,0.0475952205015145,0.497089212877619
"ENSG00000169504",648.412207789249,0.50184219671199,0.253418079755466,1.98029358124818,0.0476705496357749,0.497104057132127
"ENSG00000106483",278.436534822746,0.566093342466073,0.286076177545131,1.97882028249894,0.0478362440644369,0.498059717612079
"ENSG00000013364",280.341778216181,0.492427446542466,0.249037577103387,1.97732186551927,0.0480052596302136,0.498582207743637
"ENSG00000117519",546.689240847327,0.492324923156308,0.249018520518031,1.97706147370938,0.0480346819235619,0.498582207743637
"ENSG00000164654",253.926438776357,-0.54449434929905,0.275530766687383,-1.97616533298741,0.0481360548368255,0.498708168865674
"ENSG00000164684",419.585976494571,-0.481627077270211,0.243782318034231,-1.97564401369988,0.048195109985532,0.498708168865674
"ENSG00000109063",109.110934487867,0.645614794321937,0.327168866197519,1.97333811687377,0.048457052944036,0.500648445624556
"ENSG00000140836",423.735169644671,-0.476450607023791,0.241709976594829,-1.97116649356369,0.0487048350793666,0.501667259944594
"ENSG00000233137",418.325736852593,-0.466171854747555,0.236425781525645,-1.97174712393618,0.0486384812100398,0.501667259944594
"ENSG00000244331",126.65974688671,0.599803263479482,0.304503288101842,1.9697759824481,0.0488640503352596,0.50253761858556
"ENSG00000133816",311.560947471168,0.566343586069116,0.287620912259334,1.96906261655436,0.0489459010456956,0.502610886157784
"ENSG00000111077",382.035820909716,0.482670439044585,0.245341763516166,1.96733907887143,0.0491441326299154,0.50310129557719
"ENSG00000131941",379.513146646795,-0.469357715500003,0.238731344453536,-1.96604981459129,0.0492928566436765,0.50310129557719
"ENSG00000182795",729.302739754287,-0.583704367493897,0.296818245969397,-1.96653802594763,0.0492364943036909,0.50310129557719
"ENSG00000197256",653.665241691322,0.480993775887741,0.244526615868353,1.96704057830128,0.0491785328371981,0.50310129557719
"ENSG00000163565",138.540687393775,0.598820601274466,0.304866484405668,1.96420607677442,0.049506198394418,0.504319848509719
"ENSG00000184584",126.101281156621,0.59907245594801,0.305069715928419,1.9637231251383,0.049562209316819,0.504319848509719
"ENSG00000072042",5803.86857352535,-1.1737898335991,0.598809630651618,-1.9602053365805,0.049971794998163,0.507075906266467
"ENSG00000111961",192.690871795312,-0.519430882827269,0.265088841304945,-1.95945962972369,0.0500589832505759,0.507075906266467
"ENSG00000169129",127.000394110813,0.671389883705804,0.342640698053095,1.95945749445609,0.0500592330896423,0.507075906266467
"ENSG00000131023",169.869210434582,-0.537756139472569,0.27473829156311,-1.95733960640518,0.0503075538762785,0.508801193961772
"ENSG00000138119",557.451642113288,0.467220356441714,0.238777788873358,1.95671615289778,0.0503808497143236,0.508801193961772
"ENSG00000164114",130.363805447743,-0.609945352715306,0.312016863248234,-1.95484739627693,0.0506010850018448,0.510259216975125
"ENSG00000166033",187.971762929819,0.577769473784207,0.295671981471824,1.95408936250277,0.0506906498867343,0.510397172362537
"ENSG00000013588",196.974038068223,0.715762304381907,0.366563804807964,1.95262678691608,0.0508638346941484,0.511375414279285
"ENSG00000153487",144.806448471742,-0.579024331090105,0.296656796223996,-1.95183234788561,0.0509581124073989,0.511558603062933
"ENSG00000113140",1955.01790023725,0.430864556777761,0.220950663024143,1.95004871621807,0.0511703128616742,0.512923285108228
"ENSG00000124762",288.68978650384,0.508247885612394,0.26113640572407,1.94629272086035,0.0516195874789662,0.515420440421206
"ENSG00000158710",254.040261871803,0.526655400764803,0.270628575040423,1.94604505709029,0.0516493275117295,0.515420440421206
"ENSG00000187514",596.670064204509,0.494725543644309,0.254152693312776,1.94656817205344,0.0515865275028475,0.515420440421206
"ENSG00000185624",3860.32522743835,-0.403364315630116,0.207473668636929,-1.94417112436561,0.0518748186534089,0.516903748537523
"ENSG00000196562",152.141481002945,0.557961253597737,0.287151006480725,1.94309349786378,0.0520048625057824,0.517432995878539
"ENSG00000165140",208.475018033462,-0.509768793626106,0.262539917603925,-1.94168109093093,0.0521757192153924,0.518366155749969
"ENSG00000083642",185.744298824031,-0.527834933300115,0.272179983489952,-1.93928637415617,0.052466477125233,0.520486025286604
"ENSG00000007237",102.823536841715,0.652225902538737,0.337462754481658,1.9327344836634,0.0532689148770496,0.522273041900286
"ENSG00000008394",279.744023504504,-0.525053963274577,0.271852992666232,-1.93138930759983,0.0534349264420946,0.522273041900286
"ENSG00000023287",225.403632305648,-0.547594840320701,0.283446281043675,-1.93191753408937,0.0533696852298316,0.522273041900286
"ENSG00000084093",150.904460018622,-0.544986795457047,0.282251273904995,-1.93085681391995,0.0535007620977248,0.522273041900286
"ENSG00000104332",455.278560814263,0.508761237186338,0.263268485175682,1.93248058857799,0.0533002156828767,0.522273041900286
"ENSG00000111331",191.027909486758,-0.712020643309645,0.368527747141407,-1.9320679347285,0.0533511214316832,0.522273041900286
"ENSG00000132356",509.117964972771,-0.473154720666848,0.244823679278428,-1.93263462938464,0.053281223323892,0.522273041900286
"ENSG00000137970",451.899395923199,0.453315909616074,0.234632817885015,1.93202261176536,0.0533567150311695,0.522273041900286
"ENSG00000170275",585.885891364713,0.440461481384352,0.227782269771427,1.93369519860498,0.0531506145329448,0.522273041900286
"ENSG00000175745",224.999504213513,0.496253686486867,0.25696224335537,1.93123191954923,0.05345437830263,0.522273041900286
"ENSG00000196922",157.598965601569,-0.539787631883421,0.279248020676542,-1.93300432560153,0.0532356649370951,0.522273041900286
"ENSG00000111275",225.784504562685,0.549287151504832,0.284723944829446,1.92919198219828,0.0537070331729172,0.523015965916487
"ENSG00000134333",564.772899970267,0.468917404701128,0.243089885759396,1.92898772088465,0.05373238662627,0.523015965916487
"ENSG00000105738",298.15733849903,-0.47926661797218,0.248817274662184,-1.92617903488765,0.0540820226694619,0.523087132255516
"ENSG00000125637",576.454064158677,-0.453284311497872,0.235551469954708,-1.92435356733299,0.0543102803767115,0.523087132255516
"ENSG00000155090",226.497576949015,0.535690363907369,0.278295966519935,1.92489445896801,0.0542425632695888,0.523087132255516
"ENSG00000156273",154.873796062572,-0.544984782574536,0.282993856564315,-1.92578308656916,0.0541314642032448,0.523087132255516
"ENSG00000173064",765.780906540006,-0.420285253816085,0.218193659242451,-1.92620287535063,0.0540790469462316,0.523087132255516
"ENSG00000179362",1456.64188640023,-1.61734445339492,0.840641001183567,-1.92394190994468,0.0543618652165634,0.523087132255516
"ENSG00000184304",291.066964302717,-0.485550131306086,0.252159334875762,-1.92556873432948,0.0541582458127149,0.523087132255516
"ENSG00000240409",236.919440767364,0.567440738864066,0.294528874223944,1.92660478657388,0.0540289016842919,0.523087132255516
"ENSG00000131473",1013.58013257337,-0.465483622014883,0.242384722092844,-1.92043301242635,0.0548032269876019,0.524512132138102
"ENSG00000151552",191.303111847488,-0.540970176494735,0.281701872344633,-1.92036414948962,0.0548119186254609,0.524512132138102
"ENSG00000160959",116.329917246195,-0.608844013152944,0.31699083225415,-1.92069912187491,0.0547696503897743,0.524512132138102
"ENSG00000172071",191.442482327488,-0.511911315689401,0.266580883777227,-1.92028516237191,0.0548218895172593,0.524512132138102
"ENSG00000262580",154.68897637894,-0.611807246654213,0.318946790090729,-1.91821101720502,0.0550842598247727,0.526273766450882
"ENSG00000060656",157.77230025258,0.546438166769754,0.285206852280881,1.91593631920036,0.0553732018539225,0.527707836930269
"ENSG00000143387",178.883107562862,0.570941054928094,0.29801792440675,1.91579434715089,0.0553912775606259,0.527707836930269
"ENSG00000184779",115.712573908516,0.602772763684522,0.314854400809654,1.91444922521166,0.0555627809568711,0.527846419090275
"ENSG00000225946",289.83371492233,0.50642366852659,0.26450821377049,1.91458579417124,0.0555453482231459,0.527846419090275
"ENSG00000132388",273.467256885627,-0.480719830626093,0.251228185922513,-1.9134788911558,0.0556867733159676,0.528278190864877
"ENSG00000005810",295.07348600191,-0.492267827225802,0.257523544481723,-1.91154493549905,0.055934587919381,0.529136481498954
"ENSG00000173542",122.09551382436,-0.579869380916248,0.303287168430457,-1.91194828293308,0.055882827827458,0.529136481498954
"ENSG00000019144",342.693297636081,0.498181538656231,0.261265856218248,1.90679924988007,0.0565465885317671,0.534174655147002
"ENSG00000133805",173.943579314667,-0.527856414846979,0.277035611486576,-1.90537386877628,0.056731489501432,0.534435451169013
"ENSG00000137558",1100.81193132568,-0.582271607214291,0.305596415542399,-1.90536137729503,0.0567331121223127,0.534435451169013
"ENSG00000166444",254.767925032072,0.507501201997062,0.266500410268092,1.90431677567224,0.05686894070682,0.534965727544155
"ENSG00000133678",238.449181736242,-0.555349529468416,0.291859626303512,-1.90279668518075,0.0570670799303828,0.536079859792953
"ENSG00000064042",682.276121124828,-0.443791960287467,0.233518721929149,-1.90045558926156,0.0573733577821178,0.536708212020201
"ENSG00000128585",164.098203472749,-0.563682540227973,0.29658898365753,-1.90055117110774,0.0573608264132793,0.536708212020201
"ENSG00000158270",279.519729493754,-0.514123164182286,0.270487598598423,-1.90072730449123,0.057337740203423,0.536708212020201
"ENSG00000112972",264.314320504569,-0.520828975228335,0.274489855068749,-1.89744344139016,0.0577694367809913,0.538167911065024
"ENSG00000164647",305.04139690198,-0.536359651155182,0.282633473260241,-1.89772161438684,0.057732763731427,0.538167911065024
"ENSG00000246763",144.384054159553,-0.60374801586616,0.317998270591966,-1.89858899151326,0.057618536946622,0.538167911065024
"ENSG00000174804",273.896732040861,-0.525312288284224,0.2770483633308,-1.89610320006472,0.0579463995378152,0.539069824745982
"ENSG00000188257",926.647955146853,0.555602250895878,0.293604281139958,1.89235064536074,0.0584442772504582,0.54295056462235
"ENSG00000102910",574.165610965898,-0.426148749695574,0.225348855253984,-1.89106241172281,0.0586160134054954,0.543794905055671
"ENSG00000104549",118.703795877543,-0.57985651011125,0.307000000078564,-1.88878342007446,0.0589208552972549,0.544076175591993
"ENSG00000155254",167.594909109727,0.537364433400628,0.284322030063172,1.88998521599341,0.0587599373537327,0.544076175591993
"ENSG00000174469",452.391576141688,-1.29153218830071,0.683922943515337,-1.88841769463426,0.0589698977113534,0.544076175591993
"ENSG00000247627",1940.62219153903,0.407341224586094,0.215692087873279,1.88853113993412,0.0589546814966271,0.544076175591993
"ENSG00000072364",513.080836146993,-0.443974883274467,0.235280185488193,-1.88700498664282,0.0591596549398686,0.544873960101622
"ENSG00000133019",179.470347108194,-0.617372745485235,0.327762623700669,-1.88359715490029,0.0596194869994975,0.544873960101622
"ENSG00000175899",2569.76914833221,0.525328837956282,0.278839213368255,1.88398479399845,0.0595670323386814,0.544873960101622
"ENSG00000178038",116.335161552861,0.601490220946562,0.31924936893698,1.88407646019591,0.0595546338245583,0.544873960101622
"ENSG00000187097",1387.63279095463,-0.460998186045503,0.244747304707643,-1.88356797880237,0.0596234366093955,0.544873960101622
"ENSG00000197629",150.386494555485,0.547208427931172,0.290212326191004,1.88554509421845,0.0593562822559504,0.544873960101622
"ENSG00000242899",203.729416174582,-0.527152126412658,0.279699847795894,-1.88470651867261,0.0594694717941455,0.544873960101622
"ENSG00000092969",159.382404397627,0.582878216545806,0.310219862487641,1.87891971800815,0.0602554560350566,0.546713480565676
"ENSG00000100852",239.330696426397,-0.513205917228867,0.273556108373588,-1.87605358286497,0.0606479225461497,0.546713480565676
"ENSG00000101224",108.587586368701,0.576798104616054,0.307353931328552,1.87665764391826,0.0605650313576183,0.546713480565676
"ENSG00000133657",237.159358231085,-0.484349422861518,0.258072250947583,-1.87679776141409,0.0605458174083238,0.546713480565676
"ENSG00000135929",133.133683295622,0.612658886758028,0.325900195596079,1.87989726620894,0.0601220805683272,0.546713480565676
"ENSG00000146555",119.630746440851,-0.634308401462659,0.33805653307669,-1.87633824345812,0.0606088488044759,0.546713480565676
"ENSG00000147364",183.506540157304,-0.509200553123225,0.270840697215269,-1.88007400054248,0.0600979933022005,0.546713480565676
"ENSG00000147408",528.326968804795,-0.440243460100691,0.234729252346867,-1.87553726559027,0.0607188477523878,0.546713480565676
"ENSG00000176014",195.751425648355,0.558923553099955,0.297511348580886,1.87866296786994,0.0602905273509817,0.546713480565676
"ENSG00000181852",313.414203574965,-0.477798630578774,0.254681268663885,-1.87606506393428,0.0606463462011324,0.546713480565676
"ENSG00000198911",684.518233945866,-0.408395155314461,0.217432465960228,-1.87826207788658,0.0603453215851942,0.546713480565676
"ENSG00000102158",440.462228388116,-0.446219553949838,0.238435060108028,-1.87145109342422,0.0612825826398581,0.549582201114247
"ENSG00000116641",159.741986367461,-0.519890543288894,0.277765370752849,-1.87168955539632,0.0612495653696186,0.549582201114247
"ENSG00000136152",302.578931237087,-0.460362975292662,0.245922439392602,-1.87198442089994,0.0612087588797659,0.549582201114247
"ENSG00000133104",172.426177022929,0.572308934387553,0.305919240754104,1.87078437098885,0.0613749747632395,0.549677869850265
"ENSG00000136999",608.745049707787,-0.515713995329231,0.276054255539894,-1.8681617290073,0.0617395314645962,0.550013362424998
"ENSG00000141756",200.576346410702,0.498439275808466,0.26660070966495,1.86960971122275,0.0615380357248593,0.550013362424998
"ENSG00000166575",142.640975462,-0.554743427365732,0.296897487157238,-1.86846791017782,0.0616968789806779,0.550013362424998
"ENSG00000196735",154.584828966278,0.591489413447613,0.316423708749071,1.86929549554289,0.0615817144772313,0.550013362424998
"ENSG00000125868",1642.00357597682,0.413011143197298,0.221296583473987,1.86632408288331,0.0619960373767085,0.550838077282697
"ENSG00000148672",482.925208863673,-0.447151847770064,0.239537623512353,-1.86672908085775,0.0619394305274443,0.550838077282697
"ENSG00000187605",179.889553466165,-0.535820000563796,0.287189048899607,-1.86573966736142,0.0620777969937979,0.550838077282697
"ENSG00000115109",149.766715941552,-0.573090437312125,0.307273988308986,-1.86507956780201,0.062170252068064,0.550931640856124
"ENSG00000001561",165.075739651207,-0.5177926991575,0.277834407392499,-1.86367377610653,0.0623675302001767,0.551952642271564
"ENSG00000105373",431.183351313284,0.431897872866927,0.232314505434854,1.85910850490582,0.0630117600027586,0.556921284860124
"ENSG00000005700",244.111794642557,-0.465854511241538,0.251740170972979,-1.85053704158937,0.0642361843642271,0.558357270266508
"ENSG00000112200",196.980867486062,-0.495235139760092,0.267362173398363,-1.85230069558944,0.063982655895155,0.558357270266508
"ENSG00000113161",203.507892804643,-0.566074115722413,0.305137260893271,-1.85514582540744,0.0635754053925757,0.558357270266508
"ENSG00000113721",435.996266509942,0.445927382216404,0.240983966761192,1.85044419431565,0.0642495542762351,0.558357270266508
"ENSG00000127241",199.629196877206,0.717707994836298,0.386479396590218,1.857040766386,0.0633053543945338,0.558357270266508
"ENSG00000140092",210.025108131743,0.518358489405561,0.280130585632978,1.8504173267417,0.0642534236078319,0.558357270266508
"ENSG00000187164",271.866407350352,-0.488532447342027,0.263392700275473,-1.85476836233915,0.0636293117534433,0.558357270266508
"ENSG00000197563",153.511430565205,-0.521224723677603,0.281045499234855,-1.85459196143199,0.0636545169121787,0.558357270266508
"ENSG00000197958",659.672710688456,0.431793258861665,0.232721113192952,1.85541076586231,0.0635375911817593,0.558357270266508
"ENSG00000213366",183.83416958387,0.542008042130987,0.292496835651794,1.85303899415933,0.0638767697690556,0.558357270266508
"ENSG00000213563",117.265999148722,-0.660534644186597,0.356704724182833,-1.8517687022503,0.0640590437245107,0.558357270266508
"ENSG00000254285",152.909488043005,-0.528890545879153,0.285381682430462,-1.85327432852326,0.0638430487560165,0.558357270266508
"ENSG00000256618",119.193749099585,0.605811716916172,0.326891967923409,1.85324748345641,0.0638468946371056,0.558357270266508
"ENSG00000154556",461.11548298084,-0.421265234042435,0.227910264949822,-1.84838201182023,0.0645470990840244,0.559899189792237
"ENSG00000176903",235.316638031369,0.496183619789545,0.268492614489071,1.84803451943645,0.064597349283196,0.559899189792237
"ENSG00000168487",130.744886266511,0.561482541299578,0.304000790742996,1.84697723952389,0.0647504390623489,0.560503800686433
"ENSG00000106460",221.06253808818,-0.501509736027154,0.271824049414899,-1.84497926915096,0.0650405543306208,0.561774617214507
"ENSG00000113569",124.198316381001,-0.556635198895832,0.301775945968637,-1.84453136948722,0.0651057385115573,0.561774617214507
"ENSG00000159840",423.524193049287,0.464847133691838,0.252209814673457,1.84309692425605,0.065314860342216,0.561774617214507
"ENSG00000162601",212.96051195181,-0.529366072690482,0.287156383583017,-1.8434765965683,0.0652594556567312,0.561774617214507
"ENSG00000169562",185.62763819701,-0.628034036639404,0.340690343529762,-1.84341601858328,0.0652682930596571,0.561774617214507
"ENSG00000095951",139.584251305763,-0.54358071224209,0.295155610009708,-1.84167501415342,0.0655227011020348,0.562842512914797
"ENSG00000115020",218.044100643037,-0.482184408996239,0.262189201427546,-1.83907043604726,0.0659048267301954,0.565402888504202
"ENSG00000166341",188.900750188488,0.507814518332216,0.276428796017989,1.83705361253018,0.0662019811941595,0.567228694919639
"ENSG00000071553",809.046163496634,-0.433770000530169,0.236545833336451,-1.83376724253349,0.0666885522201173,0.56828081000899
"ENSG00000132294",425.451319383009,-0.450945748093382,0.245768865079228,-1.83483675992894,0.066529880147259,0.56828081000899
"ENSG00000137154",2041.09142286008,0.381258811164926,0.207750403199063,1.83517723813807,0.0664794325841565,0.56828081000899
"ENSG00000172348",119.133371614809,0.649986573082533,0.354497159228767,1.83354522359678,0.0667215296617359,0.56828081000899
"ENSG00000226666",144.155781943397,-0.595038753800993,0.324559696540636,-1.83337228911444,0.0667472256775353,0.56828081000899
"ENSG00000130396",711.454265397182,-0.408102557238142,0.222699038329966,-1.83252949944701,0.0668725708922915,0.568628207106894
"ENSG00000095203",217.817613271289,-0.479998302371332,0.262097020935542,-1.83137641419198,0.0670443792092937,0.569369311315289
"ENSG00000039068",1913.81264509337,-0.386398472334132,0.211351148676303,-1.82822981920919,0.0675150675050366,0.57003262715437
"ENSG00000101557",366.353838200186,-0.43946204946263,0.240640848288176,-1.82621550991359,0.0678178059891434,0.57003262715437
"ENSG00000110237",314.814022630402,0.508062421728898,0.277739745126194,1.82927517809183,0.0673583951933793,0.57003262715437
"ENSG00000130529",741.34802016628,-0.463177604747977,0.253634139839769,-1.82616427362888,0.0678255210305596,0.57003262715437
"ENSG00000149499",177.225490965192,0.499298185676568,0.273402951192706,1.82623553805256,0.0678147903944719,0.57003262715437
"ENSG00000162522",803.475506262508,-0.400249074954856,0.218947590430388,-1.82805882525623,0.0675407235961014,0.57003262715437
"ENSG00000180917",132.312197675373,-0.539352130676031,0.295159376116643,-1.82732508034197,0.0676509064399495,0.57003262715437
"ENSG00000189180",280.544567469843,-0.469144429167888,0.25660382126711,-1.82828309746618,0.0675070752246796,0.57003262715437
"ENSG00000198589",522.403561274962,-0.409248977600808,0.224151708459513,-1.82576782668033,0.0678852415032189,0.57003262715437
"ENSG00000047346",236.838145298575,-0.469969962913635,0.257735949538662,-1.82345522134131,0.0682344731966548,0.570333494311359
"ENSG00000054267",202.436082795439,-0.490511378250467,0.268801247990672,-1.82481064324332,0.0680296091852884,0.570333494311359
"ENSG00000090924",130.618158396268,0.555053507240615,0.304386795239194,1.82351375263976,0.0682256160697229,0.570333494311359
"ENSG00000096696",948.680745777848,-0.397698542061013,0.218188995702896,-1.822725022313,0.0683450485303234,0.570333494311359
"ENSG00000167972",192.437132452373,-0.485950536963231,0.266586094817978,-1.82286528220848,0.068323797302713,0.570333494311359
"ENSG00000065882",208.490017505248,0.478327752737298,0.262720237162353,1.82067342015114,0.0686565148897352,0.570808058279801
"ENSG00000106211",456.208765645178,0.440806592866159,0.242097663518979,1.82078003752235,0.0686402999634551,0.570808058279801
"ENSG00000172954",131.020203852479,-0.55625483999755,0.305399781770667,-1.82139894394311,0.0685462355966803,0.570808058279801
"ENSG00000138613",136.870545489633,-0.530265554647183,0.291357601031602,-1.81998188058141,0.0687617642809758,0.57097731673314
"ENSG00000055332",352.202097952763,-0.491127337843395,0.270221518835001,-1.81749899105289,0.0691407426566167,0.571302991533665
"ENSG00000067113",966.46148544498,-0.413235713208172,0.227334386522434,-1.81774398290332,0.0691032719427398,0.571302991533665
"ENSG00000162512",372.041190952261,0.445427366120157,0.244901729293788,1.81880041192284,0.0689418855389775,0.571302991533665
"ENSG00000163131",142.865041793009,0.629611104373576,0.346207216407352,1.81859613126252,0.068973068498736,0.571302991533665
"ENSG00000101384",966.392763818059,-0.576837014871527,0.317740954567545,-1.81543174268051,0.0694575866618096,0.571562668000164
"ENSG00000163531",319.315882951898,0.469038921002164,0.258233097669641,1.81633928894044,0.0693183419136501,0.571562668000164
"ENSG00000211689",1139.82572637604,-1.31225865112232,0.722681905605483,-1.81581777673384,0.0693983294426936,0.571562668000164
"ENSG00000249264",485.065499581555,0.414227305449641,0.228214732669769,1.81507696985118,0.069512081835286,0.571562668000164
"ENSG00000099889",148.187942372471,-0.535728552607522,0.295742728482231,-1.81146821548889,0.0700684048465041,0.574427535262395
"ENSG00000151090",177.481346557899,-0.49741738610678,0.274618001913612,-1.81130655179428,0.0700934120704571,0.574427535262395
"ENSG00000179119",119.955242995272,-0.562805185091033,0.310743633102864,-1.81115596632267,0.0701167122287283,0.574427535262395
"ENSG00000071575",209.702118295799,0.471354985813981,0.260355636711322,1.81042742829729,0.0702295290252508,0.574606315165758
"ENSG00000120137",191.153793361048,-0.484898712236124,0.267912829447748,-1.80991225106932,0.0703093959829644,0.574606315165758
"ENSG00000170899",156.754140347295,0.545299989545726,0.301630530798961,1.80784083130223,0.0706312768219862,0.576536368816358
"ENSG00000077147",1635.23606254837,-0.377587179180276,0.208947625308271,-1.80709007160623,0.0707482364298614,0.576791076639088
"ENSG00000163681",446.153647461103,0.465729846906184,0.257898254337737,1.80586661240551,0.0709391774001903,0.577647587401549
"ENSG00000012171",120.315727010455,0.599327576329905,0.332511923569789,1.80242431578282,0.0714786723821376,0.578149824190269
"ENSG00000113407",308.069079940277,-0.444318055212959,0.246441098848557,-1.80293813527427,0.0713979310276253,0.578149824190269
"ENSG00000113916",187.857451486931,0.544081353571685,0.301456642144017,1.80484115295014,0.0710995425603377,0.578149824190269
"ENSG00000119314",213.711109965557,-0.477983089287687,0.265203392110348,-1.80232645398745,0.0714940588185079,0.578149824190269
"ENSG00000154723",107.767841641479,0.563650387826571,0.312390336276665,1.80431441812393,0.0711820307747264,0.578149824190269
"ENSG00000164715",207.527523743942,-0.486278402391116,0.269961942153981,-1.80128502007054,0.0716579676881805,0.578149824190269
"ENSG00000186340",202.419148379869,0.7102689862181,0.394292189695267,1.80137726483256,0.0716434370818433,0.578149824190269
"ENSG00000211897",498.492299305185,-0.555577698985785,0.308467286933256,-1.80109114489666,0.0716885152207381,0.578149824190269
"ENSG00000238103",204.481584829658,0.478558933542888,0.265814387105917,1.80035000645846,0.071805389501873,0.57839886202347
"ENSG00000181192",214.105677083769,-0.536261087577363,0.298095248552266,-1.79895885688141,0.0720251891650011,0.579475385554782
"ENSG00000119899",233.38977247798,-0.479838003738276,0.267127620350655,-1.79628749400155,0.0724488057788103,0.582187177620404
"ENSG00000132821",276.119799211088,-0.496002400640711,0.2764180829306,-1.79439201437932,0.0727506206282335,0.583914885853816
"ENSG00000081181",374.904027901832,-1.35484295293764,0.755953907484057,-1.79222957844982,0.073096198457428,0.585726626180594
"ENSG00000100596",207.94272024977,-0.480027427986235,0.267970069152541,-1.79134718106514,0.0732375992592744,0.585726626180594
"ENSG00000100612",917.70131673093,-0.513477868652792,0.286570857131399,-1.79180072179269,0.0731648931709227,0.585726626180594
"ENSG00000018625",164.711560562395,0.663194404496991,0.37050187297217,1.78998934385092,0.073455624498641,0.586076548490936
"ENSG00000154930",566.878306435056,-0.439000120633482,0.245250052529067,-1.79001030216477,0.0734522552344673,0.586076548490936
"ENSG00000110066",252.48038974278,-0.449401120870513,0.251324920392984,-1.78812797460677,0.073755363221275,0.586675106672245
"ENSG00000117335",1492.47986758656,-0.373870463168115,0.209107251619812,-1.78793638322915,0.0737862721153557,0.586675106672245
"ENSG00000149177",210.96292169536,-0.474492218644137,0.265460488596749,-1.7874306686933,0.0738679084816413,0.586675106672245
"ENSG00000179979",174.609461358171,-0.515137213777879,0.28821144598708,-1.78735862489296,0.0738795443579232,0.586675106672245
"ENSG00000131002",419.917073871607,-0.455773689044712,0.25521750702877,-1.78582454766057,0.0741276707946925,0.587258791242758
"ENSG00000179889",968.387756716033,-0.386908377752267,0.21661840497736,-1.78612882775453,0.0740784015064593,0.587258791242758
"ENSG00000235655",146.779324385244,-0.506750961002499,0.284090841195672,-1.78376380903271,0.0744620526633646,0.58921384260446
"ENSG00000103978",603.151407226369,-0.392882318471238,0.220570685793994,-1.78120821929247,0.0748784414214933,0.589745013361042
"ENSG00000114867",1612.00525923147,-0.397663246076697,0.223091576948951,-1.78251125172553,0.0746658980198361,0.589745013361042
"ENSG00000120693",212.52481477826,-0.469757791292696,0.263777928671905,-1.7808836154635,0.0749314658025619,0.589745013361042
"ENSG00000166086",178.609168055873,0.484196619545444,0.271919351550095,1.78066260008803,0.0749675864442002,0.589745013361042
"ENSG00000168056",763.45639818914,0.390011811017673,0.218856249862437,1.78204557220923,0.074741800409054,0.589745013361042
"ENSG00000197045",117.530937737255,-0.53554869060583,0.300952314552086,-1.7795134468492,0.0751556223094265,0.590533546323835
"ENSG00000005156",180.049684597285,-0.486298426160819,0.273481768894745,-1.77817493329137,0.0753751285086694,0.591384553779817
"ENSG00000198695",8543.00717419412,0.392443008313828,0.220748752651071,1.77778131745164,0.0754397780468455,0.591384553779817
"ENSG00000145495",734.552989156337,-0.417357158861316,0.234942704644006,-1.77642101930218,0.0756635491603353,0.591759339130716
"ENSG00000159692",500.977233574282,-0.402004378887254,0.226243380461565,-1.77686692122048,0.0755901380140827,0.591759339130716
"ENSG00000164190",261.06922428466,-0.472905835904199,0.266449670322111,-1.77484113728684,0.0759241217447962,0.592419539275521
"ENSG00000204257",153.73258195321,0.573275709823947,0.322975294897415,1.77498316088242,0.0759006676454808,0.592419539275521
"ENSG00000010327",245.150287363155,0.524622575001332,0.295682562839486,1.77427633866299,0.0760174523951911,0.592460469073065
"ENSG00000057704",166.98340346194,-0.524347491952105,0.295730099397294,-1.77306095328389,0.07621860725063,0.593340685610807
"ENSG00000085063",911.633648963435,0.377637389998618,0.213354094510995,1.77000301242944,0.076726638897388,0.596605055750095
"ENSG00000139083",210.655726988121,0.482141171293208,0.272634584972297,1.76845197883533,0.0769853734694234,0.597925660456515
"ENSG00000234797",398.554871582582,0.410357384300915,0.232219190658679,1.76711228360134,0.0772094257464696,0.598974160981263
"ENSG00000055917",570.842456149713,-0.392596803499098,0.222451662480954,-1.7648634274995,0.0775867215511474,0.600936896569737
"ENSG00000169908",320.486415479777,0.442630163741973,0.250847348791544,1.76453993185235,0.0776411185130986,0.600936896569737
"ENSG00000071794",162.984850611643,-0.500597457086801,0.283932886666981,-1.76308374476516,0.0778863663915482,0.601419906513305
"ENSG00000077238",220.154070493771,0.509709898732918,0.289026274844441,1.76354173684469,0.0778091644469952,0.601419906513305
"ENSG00000105270",122.689059207717,0.532359241510618,0.302292495311925,1.76107329744093,0.078225997879295,0.601419906513305
"ENSG00000139218",237.301380870425,-0.470762433166845,0.267328221105204,-1.76099040804817,0.0782400264940741,0.601419906513305
"ENSG00000149260",186.566855664673,-0.541110915377369,0.307135593513474,-1.76179813348019,0.0781034102298186,0.601419906513305
"ENSG00000230551",201.96440746087,-0.473730084842077,0.268974351899223,-1.76124631027857,0.0781967229199611,0.601419906513305
"ENSG00000150764",180.692155893108,0.499855016862177,0.284140496172749,1.75918260013975,0.0785464986702485,0.601949904691074
"ENSG00000165997",129.362243903619,-0.57395014943182,0.326293383714611,-1.7590002680956,0.0785774630268752,0.601949904691074
"ENSG00000169071",108.986313230056,0.622613522572679,0.353860393305534,1.75948914982156,0.0784944615595509,0.601949904691074
"ENSG00000115415",918.262410020199,-0.529785511552627,0.301461290376526,-1.75739150751635,0.0788510998647059,0.602795899405222
"ENSG00000130164",390.379029710082,-0.42363889587326,0.241074112225022,-1.75729733882761,0.0788671411651198,0.602795899405222
"ENSG00000149428",1339.07155737633,-0.369380411032374,0.210337789965342,-1.75612956232562,0.0790662884122048,0.603112684564646
"ENSG00000154065",155.933023670929,-0.713717049062415,0.406444134116806,-1.7560028283181,0.0790879256297974,0.603112684564646
"ENSG00000099204",271.812995134395,0.440539976309565,0.250957641717945,1.75543559181471,0.0791848285866893,0.603167788305857
"ENSG00000137962",324.51826704098,-0.443554847940842,0.252916530842149,-1.75375981342111,0.0794716716907313,0.604667945465904
"ENSG00000122585",5039.16891678424,-2.56768936094656,1.4645968177114,-1.75317147347,0.0795725780272007,0.604751593006725
"ENSG00000176788",485.011010839583,-0.445122793327559,0.254135058025224,-1.75152061579548,0.0798562733306419,0.605539227082184
"ENSG00000243244",196.770413390557,-0.461270424921552,0.263297302648283,-1.7518995458063,0.0797910826791807,0.605539227082184
"ENSG00000118785",120.957084856844,0.774326272967057,0.442490450499983,1.74992764723425,0.0801307993233306,0.606936662442254
"ENSG00000082512",137.649295598932,0.527405009738101,0.302301077013614,1.74463490156322,0.081048441508692,0.612053523809399
"ENSG00000103769",857.332207142912,-0.373251925192899,0.214028520480022,-1.74393545475047,0.081170345411535,0.612053523809399
"ENSG00000178425",200.180668428075,-0.467213667518883,0.267900956327772,-1.74397909557014,0.0811627350696092,0.612053523809399
"ENSG00000178904",260.983529950102,-0.453191481232139,0.259665736540145,-1.74528795085013,0.0809347582557474,0.612053523809399
"ENSG00000099246",591.132166120195,-0.39289827898931,0.225458146520238,-1.74266614470745,0.0813919486798965,0.613037230482625
"ENSG00000153827",690.670278576923,-0.417805663738535,0.239933768982493,-1.74133747621419,0.0816244407761978,0.613574763342519
"ENSG00000162413",234.069147950383,0.479874438435736,0.275597342827965,1.74121576613054,0.0816457646731422,0.613574763342519
"ENSG00000159216",168.920219899618,0.532173548235192,0.305893632722212,1.7397339836703,0.0819057391460434,0.614171986024842
"ENSG00000184557",255.727332986831,0.61988018903696,0.356416367653916,1.73920236356505,0.0819991738701024,0.614171986024842
"ENSG00000196126",435.058088536854,0.497780792018221,0.286168924788551,1.73946487161745,0.0819530260514245,0.614171986024842
"ENSG00000117500",237.425739217559,-0.439669076203714,0.253179936165847,-1.73658735704754,0.0824600327224975,0.614365940841625
"ENSG00000157625",264.250308405991,-0.430963003680241,0.248182355927345,-1.73647720471477,0.0824794915479574,0.614365940841625
"ENSG00000159352",191.127591090369,0.464265754029053,0.26744228062393,1.73594748349417,0.0825731208029779,0.614365940841625
"ENSG00000162909",655.887734554784,0.401997519823413,0.231359780721437,1.73754279404089,0.0822914072686094,0.614365940841625
"ENSG00000181789",1236.54775882435,-0.374212191564161,0.215287448860587,-1.73819790027095,0.0821759489695686,0.614365940841625
"ENSG00000205277",314.080244271507,0.495808312098609,0.285575707206987,1.73617117838124,0.0825335717929376,0.614365940841625
"ENSG00000167283",175.012421274437,0.474546755531889,0.273557791343043,1.73472213385728,0.0827900339055174,0.615299191213823
"ENSG00000075420",384.725339532403,-0.471851348636542,0.272334327572162,-1.73261796573006,0.0831635938836176,0.616653108025845
"ENSG00000120833",286.341656519969,0.425864353462837,0.245859133268448,1.73214778642307,0.0832472527635247,0.616653108025845
"ENSG00000232573",1041.97674095269,0.385783458632705,0.222678398670392,1.73246916151818,0.0831900632075995,0.616653108025845
"ENSG00000113742",157.205290327122,-0.525020300558453,0.303504930320075,-1.72985756773298,0.0836557260587814,0.618997154533953
"ENSG00000173020",596.129595176209,-0.389522623918136,0.225529844907459,-1.72714446763339,0.0841417211780443,0.620549359481586
"ENSG00000180867",1007.09034715622,-0.367886203748318,0.212944550195707,-1.72761502189284,0.0840572678078797,0.620549359481586
"ENSG00000212907",6848.95030484541,0.343755671689074,0.199031583213193,1.72714132169093,0.0841422860314014,0.620549359481586
"ENSG00000125691",894.525045377864,0.397394882798862,0.230360666099636,1.72509868775506,0.0845096890008929,0.622289508355046
"ENSG00000184702",122.383155955668,-0.525778967090097,0.304834505803543,-1.72480134984767,0.0845632784175605,0.622289508355046
"ENSG00000181885",243.804533426841,-0.439363776436442,0.255009418247638,-1.7229315664325,0.0849009011291761,0.62409121420201
"ENSG00000136938",259.204413293898,0.433496811059569,0.251744461096145,1.72197159441776,0.0850746642734603,0.624685799021063
"ENSG00000104133",381.171835346022,-0.409591307343264,0.237956281066029,-1.72128806816244,0.0851985635706314,0.624753377775861
"ENSG00000120519",171.055690074516,-0.555718480150472,0.323016761194384,-1.720401375135,0.0853595072162437,0.624753377775861
"ENSG00000130827",304.577714131584,-0.425119819246851,0.247146694699165,-1.72011128760723,0.0854122143298123,0.624753377775861
"ENSG00000147050",166.529085599381,-0.476660093611371,0.277215769135369,-1.71945519224273,0.0855315198545193,0.624753377775861
"ENSG00000196950",196.729241076618,-0.634148989398587,0.368827872870274,-1.71936297672826,0.0855482992761772,0.624753377775861
"ENSG00000131469",485.500531584346,0.434609143249577,0.252949597137575,1.71816499479618,0.0857665244946288,0.624805965601147
"ENSG00000177694",124.870597907432,-0.5126141430073,0.298414199014028,-1.71779407515124,0.0858341826071157,0.624805965601147
"ENSG00000210196",177.162079400776,0.502847184617592,0.292705609233004,1.71792807775443,0.0858097347018914,0.624805965601147
"ENSG00000066777",315.546071437568,-0.419969027959838,0.244737227681829,-1.71599977632262,0.0861620833605866,0.626514781279249
"ENSG00000198755",843.801955636013,0.377190047189518,0.219959571437508,1.71481533958471,0.0863790882380062,0.627095351599976
"ENSG00000217128",113.001214762774,-0.521894937748402,0.304392399480818,-1.714546547938,0.0864283959163214,0.627095351599976
"ENSG00000005889",200.97900600287,-0.453006478034415,0.264851935965285,-1.71041407110496,0.0871893308406887,0.627921274133407
"ENSG00000132182",278.694890056671,-0.431161497143752,0.251830125519331,-1.71211246571314,0.086875944536583,0.627921274133407
"ENSG00000143878",696.456009182694,0.394683669531693,0.230605940908619,1.71150694546977,0.0869875701391917,0.627921274133407
"ENSG00000183036",384.275304590299,1.23212971595514,0.720383839830361,1.71037945027374,0.0871957285222423,0.627921274133407
"ENSG00000184254",1002.73459481944,-0.364793458326534,0.213163012789984,-1.71133562784619,0.0870191729643672,0.627921274133407
"ENSG00000214357",163.294620150627,0.505368572575161,0.295288709326979,1.71143886173973,0.0870001283810225,0.627921274133407
"ENSG00000224411",228.84257745765,-0.437402980412081,0.255513192958292,-1.71186064933829,0.0869223519777601,0.627921274133407
"ENSG00000167106",198.214196315843,0.499991040999988,0.292529073780153,1.70920118994993,0.0874136885347262,0.628145800304026
"ENSG00000180182",258.534919145999,-0.434316934265819,0.254040513775478,-1.70963649778188,0.0873331121421016,0.628145800304026
"ENSG00000114853",145.882344833774,0.506639857663888,0.296626754897695,1.70800458589322,0.0876354915609382,0.628396925627794
"ENSG00000198862",166.093179293526,-0.482709263500436,0.282586876434895,-1.70818004569171,0.0876029398829509,0.628396925627794
"ENSG00000092621",310.000438282784,-0.51278515241142,0.300440597486892,-1.70677716893368,0.0878634775488988,0.628691223397759
"ENSG00000188549",183.70323708981,0.458874811450824,0.268824209808019,1.70696981413441,0.0878276631415923,0.628691223397759
"ENSG00000249242",128.039723721655,-0.594439670041687,0.348388614681189,-1.70625458178552,0.0879606903317234,0.62871796298743
"ENSG00000140403",359.37149439458,-0.440046526647361,0.258611074102976,-1.7015765012141,0.0888347856828418,0.632278061907718
"ENSG00000151458",204.630829455699,-0.461066161289589,0.270822140832186,-1.7024684904743,0.0886675803634925,0.632278061907718
"ENSG00000159140",1126.6105582614,-0.365988801300447,0.215013301691046,-1.70216818411699,0.0887238450971439,0.632278061907718
"ENSG00000231389",484.356668153564,0.441910008411003,0.25963856767363,1.70201989777763,0.0887516383063291,0.632278061907718
"ENSG00000181523",361.960042329963,-0.419377571428475,0.246611532652939,-1.70055944633649,0.0890257447234832,0.632967398530812
"ENSG00000122482",122.299466424648,-0.516684956904019,0.304338973960528,-1.69772852349509,0.0895590116860368,0.63474595637543
"ENSG00000160789",700.997849383572,0.38306056515569,0.225569685552947,1.69819168837638,0.0894715887644233,0.63474595637543
"ENSG00000172466",416.70831566883,-0.402491905306043,0.237064261389743,-1.69781772649539,0.0895421691679007,0.63474595637543
"ENSG00000164104",114.451699757101,0.516444073902996,0.304473120509056,1.69618938131399,0.08985002077632,0.635469232115172
"ENSG00000180921",236.976064157504,-0.434070482968007,0.255841468689542,-1.69663848941839,0.0897650283484303,0.635469232115172
"ENSG00000170471",403.761398752883,-0.420915836296545,0.248275232952094,-1.69535974769486,0.0900071969332371,0.635912191778312
"ENSG00000014123",213.474250745563,-0.438671546587641,0.259352713260198,-1.69140912802998,0.0907586901308587,0.639207277298592
"ENSG00000096060",582.890772002408,-0.548747910257975,0.324338463680715,-1.69189896267799,0.0906652398216688,0.639207277298592
"ENSG00000197774",193.226628051015,-0.458323655816629,0.270927484774062,-1.69168386957434,0.0907062655966693,0.639207277298592
"ENSG00000196323",171.910596754628,-0.467717267907702,0.276652587762429,-1.69063037396689,0.0909074197592044,0.639585047385365
"ENSG00000104490",318.384769839845,-0.431193246265429,0.255763870353351,-1.68590366446094,0.0918143560267854,0.644064433188239
"ENSG00000135373",663.964518782828,-0.37440652172227,0.222354022693089,-1.6838306642154,0.0922143992209745,0.644064433188239
"ENSG00000144320",126.483928292964,-0.502356333359023,0.297887921574804,-1.68639376414889,0.091719981731759,0.644064433188239
"ENSG00000163378",166.91396956579,0.492029398468508,0.291971600102823,1.68519608857585,0.091950745473802,0.644064433188239
"ENSG00000165475",237.940366016908,-0.438819533902617,0.260579348141771,-1.68401501128889,0.092178767693897,0.644064433188239
"ENSG00000178464",549.945034783753,-0.44348140230166,0.263361619877095,-1.6839257083421,0.0921960272341331,0.644064433188239
"ENSG00000228794",174.621563540655,-0.476305493948108,0.282667564172149,-1.68503767081684,0.0919813037265497,0.644064433188239
"ENSG00000037042",102.974508305062,0.542781073664349,0.322854996018491,1.68119149574276,0.0927257248293235,0.646104098228683
"ENSG00000107669",146.925752718025,-0.492828372868719,0.293063725685109,-1.68164235173292,0.0926382128926356,0.646104098228683
"ENSG00000123124",270.594259809808,-0.420000696979635,0.249875947688987,-1.68083683469366,0.0927946117884193,0.646104098228683
"ENSG00000071189",183.002890681865,-0.448998487580451,0.267656387195936,-1.67751829980342,0.0934411740489271,0.647728619305135
"ENSG00000073282",106.009952599903,0.55929128540808,0.333494119200652,1.67706491121534,0.0935297893610752,0.647728619305135
"ENSG00000140937",244.374144345606,0.525510417323363,0.313042406093845,1.67871958269393,0.0932067075991787,0.647728619305135
"ENSG00000169604",728.830724271884,0.414874736918612,0.247438737104296,1.6766765857835,0.0936057415944976,0.647728619305135
"ENSG00000223865",460.372545305247,0.457535950787473,0.27263769747003,1.67818300636055,0.093311378183604,0.647728619305135
"ENSG00000229644",166.097460307131,-0.471028464844726,0.280905186399295,-1.67682366738213,0.0935769682137258,0.647728619305135
"ENSG00000152268",130.922174345454,0.494688891136657,0.295146240530047,1.67608061091429,0.0937224040269699,0.647869362266598
"ENSG00000164951",256.554534382863,-0.49397930832269,0.294983286480009,-1.67460100610197,0.0940125417485461,0.648153023246982
"ENSG00000170571",326.854677094016,-0.430132947236573,0.256888216851023,-1.6743973410272,0.0940525350414889,0.648153023246982
"ENSG00000237807",153.812313750687,-0.501566631094816,0.299548820945631,-1.67440696148109,0.0940506455857665,0.648153023246982
"ENSG00000104783",192.205157551592,0.492764505147244,0.2947729884292,1.67167455801534,0.0945885137091933,0.650513643361998
"ENSG00000125247",206.352496085965,-0.446782674111413,0.26719407071248,-1.67212795149254,0.0944990939112233,0.650513643361998
"ENSG00000168907",211.990900091539,-0.567401345092521,0.339580082740194,-1.67089112092192,0.0947431856399197,0.650911814723289
"ENSG00000136381",209.039373836069,-0.440170707287782,0.263530685355892,-1.67028255815197,0.0948634723980378,0.650986839884583
"ENSG00000198818",162.709356011491,-0.460531102921277,0.275790759365931,-1.66985690158757,0.0949476791446292,0.650986839884583
"ENSG00000119950",159.893252285164,0.489542167969417,0.293263499023773,1.66929116510927,0.0950596902843922,0.651091116958067
"ENSG00000101972",377.971875701323,-0.408460140479694,0.245338619996491,-1.66488317446937,0.0959360656505468,0.652433990428535
"ENSG00000102554",150.593102077033,0.495251957073575,0.297618751160695,1.66404823332577,0.0961027908416483,0.652433990428535
"ENSG00000103067",358.097900455998,-0.396720673587731,0.238191774926851,-1.66555152338725,0.0958027733266849,0.652433990428535
"ENSG00000112977",791.510333106348,-0.374395266691678,0.224657707559684,-1.66651423073128,0.0956110361797785,0.652433990428535
"ENSG00000115084",209.162094164942,-0.445122171163221,0.266955982139631,-1.66739912548729,0.0954350676554113,0.652433990428535
"ENSG00000132718",118.261827844476,0.579450336084879,0.348109858351793,1.66456169563373,0.0960002327091772,0.652433990428535
"ENSG00000134970",362.375315137681,-0.400524767481384,0.240732577680422,-1.66377468035543,0.0961574656610636,0.652433990428535
"ENSG00000139163",197.751190202121,-0.438497478285866,0.263533969846133,-1.66391254433684,0.0961299077837484,0.652433990428535
"ENSG00000180139",131.962342937338,0.555480146834779,0.333698140962324,1.66461864376252,0.095988863380492,0.652433990428535
"ENSG00000187239",441.372292037386,0.408480524717787,0.245564742180609,1.66343311784294,0.0962257684366796,0.652433990428535
"ENSG00000057252",359.42861890479,-0.451818301862445,0.271746934028273,-1.6626436043449,0.096383797241985,0.652847351711572
"ENSG00000108510",217.034483283235,-0.429792904687525,0.258813978055204,-1.66062477736752,0.0967888295236556,0.654273032538801
"ENSG00000169992",192.268013003272,0.455903682492619,0.274531892418644,1.66065836095062,0.0967820806151668,0.654273032538801
"ENSG00000100307",387.592196919974,0.388696616679874,0.234141421611723,1.66009334873028,0.0968956747688483,0.654337659131801
"ENSG00000168916",134.375556066198,-0.496394405867041,0.299302637998476,-1.65850327677222,0.0972159266893185,0.655841848457729
"ENSG00000088387",204.656343095203,-0.432993070370796,0.26122119827243,-1.65757248352878,0.0974037874543691,0.656450775970027
"ENSG00000075624",8949.22366819171,0.357436400752384,0.215865240493819,1.65583120253498,0.0977560070013177,0.658165068159022
"ENSG00000103226",295.262579462815,-0.416293274636373,0.251556751009006,-1.65486822741429,0.0979512304808846,0.658622442542573
"ENSG00000116016",614.070463078128,0.38491111881553,0.232640699422427,1.65453044016434,0.098019783673077,0.658622442542573
"ENSG00000059758",155.34514576995,-0.466774375822676,0.282336026543575,-1.65325828778225,0.0982783083146788,0.659042773404317
"ENSG00000211679",245.162437836956,-0.482460293773733,0.291764046987396,-1.65359748315588,0.0982093244222555,0.659042773404317
"ENSG00000101310",446.192989295702,-0.380308986657133,0.230161796404314,-1.6523549633279,0.0984622107973298,0.659618356397251
"ENSG00000153214",404.392950661703,-0.393357949283615,0.238700094961084,-1.64791702050955,0.0993697001960454,0.665035426386668
"ENSG00000149573",247.568067711577,0.422150430919807,0.256393259558848,1.64649582304216,0.0996617193441147,0.666326763726159
"ENSG00000182985",256.454880235952,-0.417081677951037,0.253787092545267,-1.64343140452127,0.100293706950634,0.6698862690665
"ENSG00000121892",335.92047657533,-0.393447349876741,0.239511721109623,-1.64270603565436,0.100443769406902,0.670223008959153
"ENSG00000179178",190.692651259233,-0.489932779565898,0.298752621582865,-1.63992796772833,0.101020144940598,0.673400886888464
"ENSG00000140564",493.139356956318,-0.380276235310194,0.231958727805996,-1.63941335127621,0.101127202925238,0.673447095915993
"ENSG00000069399",167.21614195862,0.450892857588545,0.27520336197675,1.63839879843705,0.101338529651263,0.67352070201027
"ENSG00000152518",716.167187278583,0.368847280161864,0.225083451455551,1.63871345395067,0.101272950751267,0.67352070201027
"ENSG00000142733",130.307819086262,0.477067364791849,0.291436597895872,1.63695077500974,0.10164075538252,0.67486250809756
"ENSG00000091039",148.318496775973,-0.511920836698754,0.312865359795715,-1.63623367263481,0.101790691638331,0.675191510808104
"ENSG00000138138",186.602524582235,-0.436823088139606,0.267261297281846,-1.63444199583805,0.102166076265802,0.675682427693004
"ENSG00000167034",3130.89654664719,-0.440655905404428,0.269550027861675,-1.63478337917501,0.10209446622222,0.675682427693004
"ENSG00000171466",141.631649513702,-0.475836098626882,0.291010890636294,-1.63511440271692,0.102025067447403,0.675682427693004
"ENSG00000158286",147.930961861868,0.480444219044764,0.294138798393319,1.63339288005902,0.102386393526159,0.676474344653188
"ENSG00000102038",363.901596005998,-0.399727722515987,0.245076890120014,-1.63102984667481,0.1028840218557,0.679095123652048
"ENSG00000131620",150.042450772487,0.461169664187194,0.283069297421543,1.62917585336154,0.103275797121303,0.681012756311654
"ENSG00000128923",146.675920596521,-0.468000318612344,0.287485019703082,-1.62791201814864,0.103543542722022,0.682105675109825
"ENSG00000137818",981.050331991095,0.34633118607332,0.212857248134412,1.62705845870291,0.103724682644671,0.682105675109825
"ENSG00000196932",106.010371124611,-0.540360183200755,0.332128922914919,-1.62695912917882,0.103745778417685,0.682105675109825
"ENSG00000112936",396.482453734621,0.389786111251692,0.239750633366383,1.62579804598901,0.103992624184909,0.682394527090438
"ENSG00000189221",724.587676940113,-0.395878567555639,0.243448035906443,-1.62613169616113,0.103921642574923,0.682394527090438
"ENSG00000112893",209.913601419956,-0.432267591660489,0.266573617830539,-1.62156928798289,0.104895603056142,0.683677562003473
"ENSG00000123575",164.598502500894,-0.460449456738631,0.283743703721573,-1.62276537135235,0.104639570921929,0.683677562003473
"ENSG00000129636",264.30325315033,-0.405940041763242,0.250411701578228,-1.62109054490981,0.104998221469653,0.683677562003473
"ENSG00000132849",319.874887079032,-0.38915637429904,0.240060526861316,-1.62107606522024,0.105001326427236,0.683677562003473
"ENSG00000152700",382.263959364195,-0.389898434958488,0.240459055375174,-1.62147536656564,0.104915728799606,0.683677562003473
"ENSG00000166557",348.408050198162,-0.409594310843263,0.252654295987263,-1.62116503597434,0.104982249102596,0.683677562003473
"ENSG00000179299",103.597852263944,-0.558174581539145,0.343983927978469,-1.62267634077974,0.104658611587453,0.683677562003473
"ENSG00000228360",126.157391005647,0.484947718943734,0.298775208673499,1.62311900340327,0.104563967998475,0.683677562003473
"ENSG00000168016",256.865149802614,0.410110212232487,0.253235534258902,1.61948130001851,0.105343746789029,0.685243753291114
"ENSG00000008283",669.172072702474,-0.4211839943736,0.260359279399669,-1.61770302692786,0.10572661336525,0.686595111268442
"ENSG00000135404",1139.53027436211,0.348094004674492,0.215195855612737,1.61756834806762,0.105755654961955,0.686595111268442
"ENSG00000100503",150.211984141978,-0.457745058316173,0.28318713865887,-1.61640482856666,0.106006815083011,0.687562042669559
"ENSG00000105372",591.574106689764,0.367206927725686,0.227326055730856,1.61533145219589,0.106238935957613,0.688403741089505
"ENSG00000114126",193.421947355711,-0.436871114960945,0.270742187248405,-1.61360562016926,0.106612997025432,0.690162673718054
"ENSG00000118495",122.655128127816,0.483439219242951,0.29993600928441,1.61180786660576,0.10700375582433,0.692026213148504
"ENSG00000114270",486.467007891269,0.374247945399142,0.232596765252959,1.60899892563911,0.107616576546356,0.695320935495479
"ENSG00000164506",107.627894384424,-0.504317373022239,0.313748658039682,-1.607392924557,0.107968201213214,0.696923341036544
"ENSG00000107897",125.958019281231,-0.476314451320309,0.296436290527589,-1.60680209050173,0.108097789534026,0.697090826851252
"ENSG00000182107",317.763234665256,-0.401006710561183,0.249818733741809,-1.6051907098994,0.108451841325836,0.698035487806288
"ENSG00000198964",188.488877990713,-0.441829986736796,0.275193960990505,-1.60552210210762,0.108378953133702,0.698035487806288
"ENSG00000164244",302.901517914015,-0.395786156840533,0.246797032185538,-1.60369090882336,0.108782200808131,0.698824338715845
"ENSG00000188959",201.646736423708,-0.513757513806174,0.32030441448461,-1.60396638501796,0.108721462372456,0.698824338715845
"ENSG00000112079",183.07404807122,0.432907662539132,0.270033742958322,1.60316135974884,0.108899033955169,0.698907349601592
"ENSG00000134371",191.295779310062,-0.426223656214936,0.265959899636518,-1.60258616730359,0.109026049717333,0.699055491323908
"ENSG00000142949",2331.69243114673,-0.337426609807272,0.210742539697148,-1.60113193231978,0.10934770095143,0.700450130094591
"ENSG00000066084",191.604693042322,-0.428777339176446,0.268077533347479,-1.59945271736244,0.109720046659007,0.70129542600257
"ENSG00000115145",197.60800258893,-0.421042593402807,0.26329533559799,-1.59912667061323,0.109792459646254,0.70129542600257
"ENSG00000167657",184.152844283956,0.438416111846192,0.273999256605585,1.60006314351896,0.10958457624305,0.70129542600257
"ENSG00000108861",365.742900234909,0.409225646414489,0.25647366249433,1.59558545869612,0.110581376202528,0.702893603283235
"ENSG00000163017",5197.02219195272,1.13313033596828,0.709467529223168,1.59715602095138,0.110230933228045,0.702893603283235
"ENSG00000169242",330.486689145522,0.394250920342235,0.247149773871579,1.59519029358729,0.110669688652534,0.702893603283235
"ENSG00000180785",107.540556620581,-0.684233910074341,0.428613515400357,-1.5963890206197,0.110401965912872,0.702893603283235
"ENSG00000188352",260.577346672347,-0.399175703900157,0.250122136314864,-1.59592313491861,0.110505955615024,0.702893603283235
"ENSG00000251321",122.455585543651,2.48622366786316,1.55677714948844,1.59703247743592,0.110258467929322,0.702893603283235
"ENSG00000080345",145.233368391224,-0.475432973936264,0.298203284959116,-1.59432507258076,0.110863244799347,0.703458664641892
"ENSG00000117592",527.175369950566,-0.357603051016791,0.224709923570438,-1.59139856991984,0.111519905969755,0.706958423706479
"ENSG00000023902",112.235562971101,0.485541791723974,0.30595366240462,1.58697819763913,0.112517582621655,0.707283421227338
"ENSG00000034510",500.163313120977,0.408439879547712,0.25728220386749,1.58751702763738,0.112395593570893,0.707283421227338
"ENSG00000102893",488.203230625589,-0.358614358810364,0.225936319081904,-1.58723644019518,0.112459104475543,0.707283421227338
"ENSG00000106261",805.504955148226,-0.350519400209141,0.22078416410964,-1.5876111478497,0.112374295817318,0.707283421227338
"ENSG00000116260",309.437499272642,0.427169792913399,0.268642410428866,1.59010556907771,0.111811010877738,0.707283421227338
"ENSG00000132254",466.309290963887,-0.376461077782558,0.236764159593411,-1.59002561210719,0.11182903197205,0.707283421227338
"ENSG00000142178",409.214979152087,-0.400618196424569,0.252358081615913,-1.58749897708569,0.1123996784579,0.707283421227338
"ENSG00000168538",143.105387406058,-0.455385157738505,0.286950398679603,-1.58698213988882,0.112516689732501,0.707283421227338
"ENSG00000187653",615.490468334275,0.370074228007506,0.232854549103314,1.58929352865385,0.111994139083133,0.707283421227338
"ENSG00000142396",111.330483765216,-0.485082168622752,0.305866630355591,-1.58592706912425,0.112755854503001,0.707458840846254
"ENSG00000172175",313.66966689333,-0.4158888725007,0.262212378951094,-1.58607642463085,0.112721974082112,0.707458840846254
"ENSG00000163539",181.741869707741,-0.42626299806239,0.269039121869889,-1.58439038567981,0.11310490844303,0.708987524872153
"ENSG00000163932",342.023733671981,-0.395099319616393,0.249452553496383,-1.58386560521667,0.113224305902275,0.709075122438269
"ENSG00000169855",256.513172053432,0.41546202291736,0.262406728224834,1.58327503920321,0.113358789549335,0.709256947450073
"ENSG00000144749",900.138110085482,-0.349760018811965,0.221032933208079,-1.58238871346246,0.113560859688054,0.709860912882762
"ENSG00000117289",1508.53818675017,0.330291458172143,0.208977440787247,1.58051250377979,0.113989545701782,0.711879001290793
"ENSG00000169499",114.524595498102,0.478612472918588,0.302926963522014,1.57995995917282,0.114116036499408,0.712007849253263
"ENSG00000052795",247.573470982047,-0.460151740807854,0.292542044075927,-1.57294224924615,0.115732191055301,0.712246963108095
"ENSG00000053747",291.803165461916,-0.556417325666641,0.353412597119518,-1.57441282569356,0.115392040602343,0.712246963108095
"ENSG00000085831",207.062824725151,-0.462502548527297,0.294045119870763,-1.57289652938492,0.115742778869632,0.712246963108095
"ENSG00000090661",313.780962830084,-0.419103984838073,0.266037935437097,-1.57535422213186,0.115174704722422,0.712246963108095
"ENSG00000091527",321.981114671933,0.400610261093698,0.25422457393807,1.57581249872126,0.115069021082094,0.712246963108095
"ENSG00000110906",408.842122149895,0.412699617982876,0.26232163546622,1.57325802444542,0.115659084561381,0.712246963108095
"ENSG00000116171",505.054258093883,-0.385642233037222,0.244621204412888,-1.57648734484321,0.114913533000193,0.712246963108095
"ENSG00000127922",103.77181902048,0.519370326955257,0.329037314361531,1.57845418828272,0.114461304718981,0.712246963108095
"ENSG00000128829",330.701270274747,-0.397280762596049,0.252023977311437,-1.57636097499212,0.114942636691517,0.712246963108095
"ENSG00000134107",714.285713540454,0.385634431270918,0.244835326155161,1.57507675598466,0.115238728572236,0.712246963108095
"ENSG00000138326",1310.96896496492,0.344040533254915,0.218133409710912,1.57720238138149,0.11474896523008,0.712246963108095
"ENSG00000147027",169.982850718293,0.468734721542307,0.298006755366245,1.57289965110435,0.115742055917021,0.712246963108095
"ENSG00000157985",192.320203306059,-0.42524236283319,0.270205537784815,-1.57377367732501,0.115539781567718,0.712246963108095
"ENSG00000189306",195.783561237348,-0.432404213687437,0.273992100684954,-1.57816306603901,0.114528152817006,0.712246963108095
"ENSG00000204832",132.781932746416,-0.620095054831565,0.393659701976489,-1.5752058229943,0.115208943559713,0.712246963108095
"ENSG00000064787",192.228239582665,-0.535042001380543,0.340938952398193,-1.56931907491653,0.116573609825421,0.715967888690381
"ENSG00000125676",269.560939984309,-0.39755413937991,0.253762393482564,-1.56663930349958,0.117199025490352,0.715967888690381
"ENSG00000140263",742.55190409636,-0.491482234943911,0.313677633186988,-1.5668386360558,0.117152413970544,0.715967888690381
"ENSG00000145425",209.028602022826,0.412481200964927,0.263111717061681,1.56770365672552,0.116950307897858,0.715967888690381
"ENSG00000163349",284.613596226359,-0.388376428918917,0.247686695630095,-1.56801489854317,0.11687765542301,0.715967888690381
"ENSG00000170017",517.93039551511,-0.358846957272655,0.228923394629495,-1.56754165669017,0.116988137230801,0.715967888690381
"ENSG00000175066",152.896267535999,-0.486695103394455,0.310079091505105,-1.56958375049432,0.116511981313182,0.715967888690381
"ENSG00000237973",4215.83071071989,0.330373306094051,0.210819435530384,1.56709131329799,0.117093349357143,0.715967888690381
"ENSG00000115762",568.802711027122,-0.350711513085634,0.224160193719868,-1.56455750356781,0.117686699846008,0.716993426779211
"ENSG00000117151",141.671968554492,-0.450488827737039,0.287803938032658,-1.56526290368522,0.11752127749791,0.716993426779211
"ENSG00000151914",668.71344613783,0.346374797619911,0.221357794657736,1.56477343910783,0.117636041724228,0.716993426779211
"ENSG00000131724",283.263380276,0.426320346329756,0.272664488470858,1.56353454283916,0.117926917428384,0.71780673902562
"ENSG00000067900",249.747122081144,-0.43664246649321,0.279494102850517,-1.56226003353903,0.118226743126387,0.717976935442262
"ENSG00000113300",192.588792211716,-0.414729561657287,0.265579615805424,-1.56160163271393,0.11838186461574,0.717976935442262
"ENSG00000172379",149.787728492754,-0.449675966314583,0.287896913621388,-1.56193395982685,0.118303547271153,0.717976935442262
"ENSG00000183023",198.498066455894,0.498683259755267,0.319129025918958,1.56263836647033,0.11813767874601,0.717976935442262
"ENSG00000025423",112.031546840389,0.568533570141277,0.364466958630779,1.55990428399087,0.118782501967807,0.71864262624551
"ENSG00000103495",199.601290365573,-0.434736417581155,0.278716710466388,-1.55977880498694,0.118812161817575,0.71864262624551
"ENSG00000139496",187.623076691543,-0.423936476882999,0.271739486062879,-1.56008419322947,0.118739986407629,0.71864262624551
"ENSG00000122863",121.013470477371,0.542476019335194,0.348041361821333,1.55865388095359,0.119078322902303,0.718959425350887
"ENSG00000147894",122.990803403338,-0.46695137451474,0.299560455653346,-1.5587884371998,0.11904646182487,0.718959425350887
"ENSG00000112306",949.532179608821,0.342866274382113,0.220133001413031,1.55754145076503,0.119341987231285,0.719260041324038
"ENSG00000147535",457.456986933372,-0.405133264032095,0.260066932151794,-1.5578038341131,0.119279756856828,0.719260041324038
"ENSG00000136731",468.007794616442,-0.354524735749393,0.227707681327742,-1.55692918957407,0.119487298296582,0.719491108632776
"ENSG00000175084",4705.65714334898,1.00776407571647,0.647627921733799,1.55608497085569,0.11968788832194,0.720054326344694
"ENSG00000142089",532.217590823375,0.456320356768197,0.29364033497391,1.55401115725039,0.120181755284024,0.722379344093252
"ENSG00000064932",254.109635100984,0.415351702187813,0.267610627580818,1.55207476602318,0.120644335034337,0.723024685938222
"ENSG00000113384",953.857446182397,-0.335767584601033,0.216238734397637,-1.55276336377181,0.12047967820595,0.723024685938222
"ENSG00000118217",210.064789258383,-0.427808541582456,0.275892816636776,-1.55063312918975,0.120989628151301,0.723024685938222
"ENSG00000155660",1313.37875861899,-0.323557107626298,0.208402618092257,-1.55255778736458,0.120528817008298,0.723024685938222
"ENSG00000157557",247.496137099512,0.423284197497606,0.273013231282552,1.55041642307633,0.121041599221891,0.723024685938222
"ENSG00000176542",123.86549380973,-0.468276088482842,0.30194378661209,-1.5508717491327,0.120932421843058,0.723024685938222
"ENSG00000198642",220.121549589216,-0.405939067280347,0.26180396558998,-1.55054590699402,0.121010543924183,0.723024685938222
"ENSG00000164961",223.400808429771,-0.397388722259411,0.256518615771061,-1.54916133889509,0.121342940632823,0.724181560511419
"ENSG00000134109",287.780825046971,-0.38380947484644,0.247918519358075,-1.54812748898397,0.121591604944269,0.725022282673009
"ENSG00000158321",175.592318510909,0.426951021694344,0.276171710372944,1.54596218822626,0.122113699964351,0.727490474721191
"ENSG00000164031",131.599675855958,-0.448735900369547,0.290394841495812,-1.54526126586177,0.122283080521637,0.727854866892506
"ENSG00000171603",1518.08190857195,-0.326972941951371,0.211819912012935,-1.54363647328587,0.122676423946695,0.729245284822122
"ENSG00000176024",153.505173692403,-0.481738149512201,0.312127672681278,-1.54340095953016,0.122733521025668,0.729245284822122
"ENSG00000123349",573.555765391198,0.35352007975201,0.229193315830059,1.54245370756858,0.122963378960027,0.729966184364644
"ENSG00000113658",208.568006436911,-0.415693322552965,0.269628299837543,-1.54172734391542,0.123139864310353,0.730369248105321
"ENSG00000144645",187.705494442696,0.449831692089045,0.291944374735283,1.54081301445497,0.123362301057599,0.730404428922828
"ENSG00000171988",238.741082047117,-0.417474359614388,0.270944699916864,-1.5408102086606,0.123362984129696,0.730404428922828
"ENSG00000162688",152.444081723138,-0.434913428751928,0.282378145146589,-1.5401809106939,0.123516261666595,0.73066875634962
"ENSG00000058799",213.789888592456,-0.444872626767167,0.28908204712575,-1.53891475167826,0.123825109336045,0.730996388497291
"ENSG00000105514",372.819888151922,-0.389537264827648,0.253591868226511,-1.53607947901432,0.124518888570296,0.730996388497291
"ENSG00000115464",273.02341034418,-0.397065419766819,0.258352340820343,-1.53691434924113,0.124314285144124,0.730996388497291
"ENSG00000131236",541.024751027932,0.351234630086902,0.228341321686259,1.53820003971729,0.12399971129382,0.730996388497291
"ENSG00000154124",103.124436086812,-0.512793841812771,0.333560867302916,-1.53733213958545,0.124211994883833,0.730996388497291
"ENSG00000165322",224.931964189361,-0.396374328573214,0.258064016515105,-1.53595349683327,0.124549786086514,0.730996388497291
"ENSG00000169213",1121.60408721018,-1.0020211776873,0.651648787302692,-1.53767059374862,0.124129177159608,0.730996388497291
"ENSG00000198848",122.790596087374,0.468061685840139,0.304568875714459,1.53680078025753,0.1243421023153,0.730996388497291
"ENSG00000271043",197.678268086519,0.419827294641766,0.27288669922007,1.53846741465108,0.123934369932322,0.730996388497291
"ENSG00000008869",220.773714314016,-0.397184320564959,0.258812433008552,-1.53464157787132,0.124871893696227,0.731120181166484
"ENSG00000010270",180.47356421768,-0.453737646610621,0.295683260386533,-1.53453951372652,0.124896980101143,0.731120181166484
"ENSG00000117525",645.264814327619,-0.492371557160858,0.320776432452871,-1.53493682000219,0.124799348083001,0.731120181166484
"ENSG00000152503",119.387439005385,-0.491555472419921,0.320540101454403,-1.53352254582051,0.125147155919361,0.731947626707496
"ENSG00000120899",276.309985030656,0.392563761937374,0.256384760825053,1.53115091815166,0.125732097986442,0.734729879284801
"ENSG00000111670",439.732477326545,-0.385752666239927,0.252011356471214,-1.53069556722135,0.125844649843665,0.734749231639315
"ENSG00000136003",322.740867793095,0.366731299410507,0.240073844388947,1.52757706839717,0.126617578901553,0.736803869111929
"ENSG00000165272",471.860664464608,0.417702395009671,0.273300032308659,1.52836569934221,0.126421766147112,0.736803869111929
"ENSG00000171862",190.828699758478,0.414483483372139,0.271346196443261,1.52750799091746,0.126634741702853,0.736803869111929
"ENSG00000185551",430.225295177187,0.379334634007834,0.248335592064832,1.52750812259244,0.126634708985525,0.736803869111929
"ENSG00000026297",150.142650657908,0.442387853685197,0.290027592466147,1.5253302278018,0.127176751889986,0.737356011838176
"ENSG00000107562",197.351311768077,0.445430167449413,0.292368026313775,1.52352558200522,0.127627265471982,0.737356011838176
"ENSG00000108639",691.4253663528,-0.347651260492692,0.228465313606834,-1.52168070944443,0.128089103456157,0.737356011838176
"ENSG00000119888",511.163851328462,-0.359356092083036,0.235403928114076,-1.5265509584398,0.126872709775883,0.737356011838176
"ENSG00000122176",421.214212460108,0.353105340468554,0.23181680502813,1.52320855438288,0.127706536597674,0.737356011838176
"ENSG00000125149",154.303541661363,-0.444594420736836,0.291840809504559,-1.52341415681925,0.127655122403261,0.737356011838176
"ENSG00000129083",680.369163426068,-0.333150374715347,0.218859496062231,-1.52221119352581,0.127956171302664,0.737356011838176
"ENSG00000140526",1106.24287810855,-0.359748286823723,0.235931330361482,-1.52480082349612,0.127308784462945,0.737356011838176
"ENSG00000145824",121.953323854286,0.649969947005696,0.426560023586004,1.52374791604129,0.127571694826852,0.737356011838176
"ENSG00000157764",149.799690152761,-0.432995428088193,0.28431548144304,-1.52294003087883,0.127773709467914,0.737356011838176
"ENSG00000164985",168.944324420429,0.41977918712694,0.275677894733729,1.52271616675104,0.127829731510803,0.737356011838176
"ENSG00000211892",224.112297581047,-0.511428418934762,0.336152315446637,-1.52141870049368,0.128154798965035,0.737356011838176
"ENSG00000225485",108.279013862357,0.496433271409591,0.325843518926316,1.52353274677791,0.127625474399799,0.737356011838176
"ENSG00000123094",168.455586037984,-0.424037617067764,0.278874618056365,-1.52053141308851,0.128377469905397,0.738005865456153
"ENSG00000265150",103.431406641868,-0.729520589375015,0.480000696277845,-1.51983235656129,0.128553114710016,0.738384500033791
"ENSG00000144908",122.304656977511,0.508820596381467,0.33506682042985,1.51856455297099,0.128872139237415,0.738421960421464
"ENSG00000168672",220.343894699791,-0.418431714025293,0.275499571897518,-1.51881075946261,0.128810136835012,0.738421960421464
"ENSG00000181163",306.653885904279,0.376943787736774,0.248260785880389,1.51833801057241,0.128929210095505,0.738421960421464
"ENSG00000197496",270.508402873327,-0.401177464365339,0.264269494086648,-1.51806195320373,0.128998781370089,0.738421960421464
"ENSG00000052802",117.665574420018,-0.518764200486892,0.341941284956694,-1.51711484780959,0.129237690148557,0.739160462533329
"ENSG00000144810",184.173715681425,0.53369959262731,0.351954083352269,1.51638983001408,0.129420809117866,0.739578897303965
"ENSG00000074590",106.813541047201,0.469875547029535,0.310176111467489,1.51486697285128,0.129806095770232,0.740522307167581
"ENSG00000171346",392.768203674076,0.523931636320986,0.345765075959636,1.5152821171047,0.129700975063618,0.740522307167581
"ENSG00000149257",297.390676199814,0.383792233953335,0.253431649746292,1.51438162651565,0.129929076540716,0.740595736282079
"ENSG00000123739",210.798917467962,-0.414429321705256,0.273958604219439,-1.51274431728854,0.130344617760564,0.742335223588109
"ENSG00000102265",589.627115681245,0.366938576846999,0.242714268546121,1.51181296033806,0.13058145140262,0.743054857981405
"ENSG00000091157",133.925336058705,-0.43891690660443,0.290913701497145,-1.50875295438341,0.131361927396705,0.743720811170232
"ENSG00000100336",145.008977623048,0.45722595242463,0.302717535080252,1.51040458328064,0.130940219851299,0.743720811170232
"ENSG00000104419",7707.37291558402,-0.389164476368728,0.257885803592973,-1.50905738488403,0.131284118633151,0.743720811170232
"ENSG00000166225",104.358356476223,-0.493480506494324,0.326931171340156,-1.50943241193995,0.131188315370083,0.743720811170232
"ENSG00000166266",144.750990636551,-0.436037668931546,0.288727098333117,-1.51020694437371,0.13099062728018,0.743720811170232
"ENSG00000174977",191.145847217373,-0.403768406403298,0.267493330318689,-1.50945223913528,0.131183251884598,0.743720811170232
"ENSG00000184709",154.672912288395,-0.520833644910803,0.345422513852403,-1.50781614985685,0.131601587622189,0.744451033092384
"ENSG00000158470",214.194992940116,0.392336389227945,0.260636911380286,1.50529864381143,0.132247313718032,0.746847550014678
"ENSG00000173065",131.012752772653,-0.438755791425578,0.291450023755107,-1.50542376278633,0.132215163553903,0.746847550014678
"ENSG00000170265",105.549340624638,-0.469382922210999,0.312392545695769,-1.5025420058138,0.132957188062379,0.749391796798131
"ENSG00000204217",300.903494564716,-0.3785088178539,0.251846404568766,-1.50293516598744,0.132855763618901,0.749391796798131
"ENSG00000236801",191.427918452945,0.426758114692963,0.284078945839577,1.50225182451204,0.133032085247839,0.749391796798131
"ENSG00000071967",605.386749561605,0.408224337564981,0.271970845211915,1.5009856561901,0.133359271589277,0.749500537030332
"ENSG00000077044",315.713382997642,-0.375485519045534,0.250113770009357,-1.50125888323336,0.133288615257504,0.749500537030332
"ENSG00000138760",1528.01868190169,-0.31287284631954,0.208504207641901,-1.50055890889689,0.133469686143147,0.749500537030332
"ENSG00000175928",192.551752539065,-0.59832494423344,0.398762893032376,-1.50045291246511,0.133497122117505,0.749500537030332
"ENSG00000184481",104.618459754528,0.494282413164931,0.329676329524025,1.49929603341119,0.133796850953913,0.750556813608024
"ENSG00000100906",280.583021645268,0.371600627201724,0.24806238332679,1.49801280717435,0.13412992301973,0.751580736955487
"ENSG00000133858",173.925293607406,-0.41485599951264,0.277009260146209,-1.49762502269301,0.134230701780724,0.751580736955487
"ENSG00000197892",373.088359398788,-0.354683054790387,0.23688138717441,-1.49730233776976,0.134314606871914,0.751580736955487
"ENSG00000099290",163.18672523607,-0.417795896184368,0.279321384354239,-1.49575334931934,0.134717942226897,0.75243303216646
"ENSG00000198961",761.03430356156,-0.336030850805453,0.224705325722862,-1.49542895667677,0.134802528064315,0.75243303216646
"ENSG00000205100",102.642200715168,-0.475630715895016,0.31797281792206,-1.49582193535675,0.134700063576427,0.75243303216646
"ENSG00000151690",319.334220425196,-0.362661289021952,0.242685207823805,-1.49436915531025,0.13507915889907,0.753351925999293
"ENSG00000187109",521.653352824004,0.356860678600673,0.238994601857825,1.49317464004047,0.13539147856373,0.754468173007163
"ENSG00000076826",150.725239904406,-0.437115283702884,0.293014763428939,-1.49178586972083,0.135755289403951,0.754619897959484
"ENSG00000159263",639.268228859241,-1.18685104391165,0.795562655836128,-1.49183855627849,0.135741473544636,0.754619897959484
"ENSG00000240616",345.039549980285,0.35921980144055,0.240746624428981,1.49210732359206,0.135671012286818,0.754619897959484
"ENSG00000007944",157.639014795656,0.431048226958594,0.289184262642464,1.49056599076252,0.136075478841849,0.755775120305759
"ENSG00000163682",139.929252158314,0.46745008743876,0.313804079714803,1.48962399680589,0.136323128729732,0.75652587775262
"ENSG00000149639",592.999238873317,-0.328515429236569,0.22074081140428,-1.48824056207215,0.136687463703255,0.757530417500094
"ENSG00000177144",123.272323702041,-0.444134870627965,0.298461385202247,-1.48808151623033,0.136729397389996,0.757530417500094
"ENSG00000149577",540.883411362352,-0.385214110409954,0.258973096795744,-1.48746767589445,0.136891334313303,0.757803386494877
"ENSG00000073756",432.060056115889,-0.418319644166268,0.281520758670293,-1.48592823542433,0.137298104209307,0.758809180083553
"ENSG00000169359",200.076408076278,-0.389739370995061,0.262287175491014,-1.48592614284495,0.137298657770099,0.758809180083553
"ENSG00000164327",129.753149143872,-0.478534608699502,0.322264266109552,-1.48491365324639,0.137566698806057,0.759666351534925
"ENSG00000004399",203.119153159854,0.411498250640342,0.277316922507304,1.48385553582474,0.137847250074107,0.760591143559021
"ENSG00000197608",177.568949153058,-0.404796336392502,0.273089787046658,-1.48228295451906,0.138265021840472,0.761646631366927
"ENSG00000198258",163.245324407385,0.420008227676965,0.283301096934447,1.48255065801652,0.138193834936222,0.761646631366927
"ENSG00000138449",344.133668424012,0.384808551375886,0.259761381246563,1.48139245922253,0.138502022995109,0.762327828694848
"ENSG00000113163",208.071353920983,-0.38586447975007,0.260960291066603,-1.47863292983372,0.139238446722743,0.763258184724668
"ENSG00000132549",296.815866095159,-0.37948140991658,0.256590177937943,-1.47893973559798,0.139156422139273,0.763258184724668
"ENSG00000149809",215.145827363764,-0.441356245416932,0.29824819557437,-1.4798287197244,0.138918962131783,0.763258184724668
"ENSG00000182670",807.625434773396,-0.335812785028788,0.227082803543111,-1.47881204472198,0.139190555799835,0.763258184724668
"ENSG00000248923",551.434961905401,0.368489228802232,0.248985711512213,1.47996134623234,0.138883562516204,0.763258184724668
"ENSG00000067064",216.861668674368,-0.454562818983273,0.307605351916404,-1.47774678220425,0.139475567500545,0.763313805540007
"ENSG00000244509",112.973461857468,0.477658129653376,0.323198104314554,1.47791129736483,0.139431522051186,0.763313805540007
"ENSG00000090238",138.929073470133,0.440883899181824,0.298639067259217,1.47631019353251,0.139860638902271,0.76479890833876
"ENSG00000102531",320.756404060054,-0.401991217927083,0.272675155916095,-1.47424952074027,0.140414421027541,0.767203408473792
"ENSG00000099250",639.181128688856,-0.457571054525785,0.310546706573421,-1.47343715080618,0.140633199004266,0.767775078330108
"ENSG00000110048",386.55830237045,-0.343242417132849,0.233054224907623,-1.4728006637464,0.140804793326131,0.768088434640354
"ENSG00000105976",116.006702733221,0.467204876683669,0.317586994539676,1.47110834107315,0.141261819647489,0.768089732375919
"ENSG00000124767",868.979656662793,-0.329846429094479,0.22420543222209,-1.47117947065504,0.141242587566637,0.768089732375919
"ENSG00000182158",553.422162388696,-0.328030316387296,0.222803907417565,-1.47228260127648,0.140944579659135,0.768089732375919
"ENSG00000183508",144.860219215651,-0.435554218863667,0.295916502978567,-1.47188215080797,0.141052704390304,0.768089732375919
"ENSG00000101938",416.369386456425,1.00123075485528,0.681918577798974,1.46825557691499,0.142034812802679,0.770923535165501
"ENSG00000108518",767.751680338191,0.316007588599911,0.215362340499539,1.46732983987322,0.142286350078691,0.770923535165501
"ENSG00000134444",233.910101927749,-0.37248922628301,0.25389593644486,-1.46709408389411,0.142350463290987,0.770923535165501
"ENSG00000198740",241.916493960239,-0.376962124546938,0.256948371445494,-1.46707341411153,0.142356085440909,0.770923535165501
"ENSG00000251495",144.733606400548,-0.428387911997809,0.291818256433471,-1.46799558476381,0.142105422234646,0.770923535165501
"ENSG00000159251",180.161501107436,1.32101553771766,0.901536607489912,1.46529328564447,0.142840917618083,0.772926799597127
"ENSG00000213942",229.537584837841,0.376730278646796,0.257295504684961,1.46419300682332,0.143141220437424,0.773929138795911
"ENSG00000141664",165.507523494335,-0.417062849606562,0.284947471427785,-1.46364818581048,0.143290099487112,0.774111814578568
"ENSG00000054983",180.208992122771,-0.397937554959365,0.272725033000794,-1.45911635092994,0.144533086619455,0.776678495944685
"ENSG00000143158",290.509961753141,-0.390149203029733,0.26735557456639,-1.45928957592336,0.14448542324394,0.776678495944685
"ENSG00000160551",226.0680196382,-0.377924785008263,0.259035434838143,-1.4589694465717,0.14457351723502,0.776678495944685
"ENSG00000180353",103.108763633582,0.532761159334342,0.364856413197074,1.46019403815872,0.1442367533807,0.776678495944685
"ENSG00000186468",868.509756596644,0.313759922392072,0.21500276704316,1.45932969471545,0.144474386156394,0.776678495944685
"ENSG00000188021",210.738165261792,-0.38010136122868,0.260148483036931,-1.46109389834389,0.143989674488796,0.776678495944685
"ENSG00000244462",264.739464494398,-0.3671883116004,0.251418834998509,-1.46046461317259,0.1441624261667,0.776678495944685
"ENSG00000113716",425.441864284772,-0.363529395769395,0.249475731847644,-1.45717338146303,0.145068526349137,0.77809482314537
"ENSG00000149212",194.899783534826,-0.401681614337588,0.27560589668836,-1.45744927508495,0.144992403698721,0.77809482314537
"ENSG00000124145",329.464380434082,0.370964931139916,0.25471080519642,1.45641615342485,0.145277612761826,0.778340643101114
"ENSG00000187098",103.140566284163,0.496132989541166,0.340733390361688,1.45607387938858,0.145372197446827,0.778340643101114
"ENSG00000198406",170.864320330916,-0.399657839866786,0.274537262482564,-1.4557508013768,0.145461520722287,0.778340643101114
"ENSG00000112245",419.124539688963,-0.338184798747006,0.232582383337469,-1.4540430530214,0.14593437028055,0.77963032129228
"ENSG00000164855",291.224882329398,-0.365863348031714,0.25157767529628,-1.45427589153466,0.145869831654271,0.77963032129228
"ENSG00000128245",239.58977092067,0.418478366871378,0.288223144916469,1.45192492085484,0.146522482363929,0.782150965380781
"ENSG00000164062",354.809482487715,-0.344683108212752,0.237529933379632,-1.45111440612356,0.146748005674736,0.782733613138994
"ENSG00000050130",136.763645970392,-0.418856607225056,0.288899172642027,-1.44983664506391,0.147104077957049,0.782760396789266
"ENSG00000078747",247.597563580411,-0.38734408887119,0.267295870565162,-1.44912111082076,0.147303763455067,0.782760396789266
"ENSG00000130669",300.702080621174,-0.394635868308779,0.272060016468428,-1.45054710145023,0.146906014395505,0.782760396789266
"ENSG00000131171",514.881625813538,0.329989271157282,0.227547605567767,1.45019882909296,0.147003081505339,0.782760396789266
"ENSG00000135047",314.041447205833,0.348780154386661,0.240728781960698,1.4488510744162,0.147379176863057,0.782760396789266
"ENSG00000210082",18684.1878374841,0.28802103491545,0.198828137995102,1.44859292965136,0.147451296867678,0.782760396789266
"ENSG00000108828",337.030100901283,0.364261017549621,0.251966175265122,1.44567427420105,0.148268583224838,0.786478305023867
"ENSG00000136942",282.473158417784,0.361330152649188,0.250232103433401,1.44397999973395,0.148744601351507,0.788381551371345
"ENSG00000128849",665.373984239583,-0.315887066895245,0.218875815927407,-1.44322507974117,0.148957076769265,0.788388543992849
"ENSG00000198466",237.108563207404,-0.388730052936054,0.26936976733968,-1.44310943568458,0.14898964573218,0.788388543992849
"ENSG00000239559",459.487789766313,0.369240560505125,0.255932494509485,1.44272637678465,0.149097565857702,0.788388543992849
"ENSG00000185722",351.047363377092,-0.345199207587352,0.239403333085863,-1.44191479349013,0.149326412333231,0.788978357700951
"ENSG00000153904",403.14866607447,-0.350406431787269,0.243211826575068,-1.44074585813414,0.149656494236712,0.79010171133134
"ENSG00000107938",206.02370287962,-0.38705836782919,0.268735729671846,-1.44029366062275,0.149784334190997,0.790156417073448
"ENSG00000101752",176.915685867813,-0.397274601915592,0.276255251073,-1.43807077104432,0.150413974918638,0.79232109166708
"ENSG00000144366",213.220625265196,-0.437139214219218,0.304183003812771,-1.43709283142027,0.150691617860472,0.79232109166708
"ENSG00000146802",260.050207809108,-0.371220199973778,0.258390893860028,-1.43666130964689,0.150814253633407,0.79232109166708
"ENSG00000221963",256.675845854998,-0.458432285343712,0.319163733218696,-1.43635456547811,0.150901474639538,0.79232109166708
"ENSG00000234107",137.53747314415,-0.436805193973452,0.303997998275497,-1.43686865193632,0.150755318768821,0.79232109166708
"ENSG00000272565",188.519284122349,-0.390059843448516,0.271340059167636,-1.437531356944,0.150567069553946,0.79232109166708
"ENSG00000008952",1034.93906549121,-0.318810025712792,0.222200851483045,-1.43478309639654,0.151348916229471,0.79405055425852
"ENSG00000139178",270.659229335586,0.382885459340169,0.266952683836419,1.43428211261135,0.15149177271054,0.7941805637187
"ENSG00000104331",535.493396604169,-0.328250344208972,0.229138112924652,-1.43254363064826,0.151988300834496,0.794850879533105
"ENSG00000105402",576.280923913219,-0.33427575168582,0.233205987917726,-1.43339266144294,0.15174565442406,0.794850879533105
"ENSG00000114626",140.874703389737,0.420410747143159,0.293438669993195,1.4327039689517,0.151942454779561,0.794850879533105
"ENSG00000114942",171.746136899638,0.392905531033305,0.27434090438657,1.43217990737418,0.152092340463739,0.794850879533105
"ENSG00000138757",860.688741486272,-0.311777448423186,0.217903657446299,-1.43080410892149,0.152486365156703,0.796291375810545
"ENSG00000164116",703.316353402326,-0.341449121280536,0.238783612573459,-1.42995207083356,0.152730775651872,0.796948950375866
"ENSG00000107521",133.9489223704,0.473060243321356,0.331171043443906,1.42844687869422,0.15316327421876,0.797967608362032
"ENSG00000133116",222.304643361992,-0.441854571388577,0.30924104564891,-1.42883545895853,0.153051531328652,0.797967608362032
"ENSG00000158985",283.669632971047,-0.358709507542262,0.25125358372356,-1.42767916869568,0.153384224726339,0.798500228722413
"ENSG00000121741",441.792273853778,-0.336965713892084,0.236301576961902,-1.42599858293122,0.153868751098445,0.799784559418965
"ENSG00000197321",748.069857659341,0.351444090521675,0.246423452945889,1.42617955523433,0.153816519500814,0.799784559418965
"ENSG00000073969",313.903139025076,-0.371553200651359,0.260815915374319,-1.42458024510548,0.154278573826937,0.800117884408259
"ENSG00000111371",356.201675977272,-0.335659620007991,0.235626410013377,-1.4245415867811,0.154289755586903,0.800117884408259
"ENSG00000118263",128.792273307157,0.417243500863795,0.292839277970367,1.42482082238304,0.154209001686735,0.800117884408259
"ENSG00000065154",268.097871083674,0.357859861116251,0.251320509805161,1.42391825240879,0.154470137495933,0.800270184065654
"ENSG00000104517",408.550418043628,-0.337868646907961,0.237359100506536,-1.42344930608067,0.154605947818879,0.800270184065654
"ENSG00000105778",221.434322132502,-0.372644368423223,0.262510437806236,-1.41954114867722,0.155741309164871,0.800270184065654
"ENSG00000110274",128.86046989179,0.413857088145458,0.29156940215513,1.41941193104091,0.155778956038399,0.800270184065654
"ENSG00000144857",172.872825366005,0.385848155562789,0.271168978433146,1.42290669748537,0.154763204453872,0.800270184065654
"ENSG00000160190",320.282558664738,-0.342021918404565,0.240979122581281,-1.4193010362929,0.155811270141694,0.800270184065654
"ENSG00000163629",271.621081630003,-0.367397841956853,0.258800990524318,-1.41961528513675,0.155719713017563,0.800270184065654
"ENSG00000170088",171.52933785317,-0.435947087491415,0.307014043719477,-1.41995813028588,0.155619870872481,0.800270184065654
"ENSG00000198833",530.256863125665,-0.33848203820851,0.238416180425254,-1.41971085018127,0.155691878019696,0.800270184065654
"ENSG00000214199",846.268665363686,-0.352363384700843,0.247994224687664,-1.42085318778946,0.155359444409575,0.800270184065654
"ENSG00000214485",241.989929097394,0.359357475131581,0.253014549007383,1.42030360128063,0.155519313191535,0.800270184065654
"ENSG00000215835",198.823605567622,-0.373126812610671,0.262297545614294,-1.42253261172085,0.154871691213402,0.800270184065654
"ENSG00000224520",116.828090260596,-0.455651284751575,0.321081602249116,-1.41911365073496,0.155865884794232,0.800270184065654
"ENSG00000128833",305.14003732727,-0.345805686646611,0.244020572848564,-1.41711693653475,0.156448741594695,0.802650065572785
"ENSG00000176853",158.712183541179,-0.409847551856012,0.289343620281038,-1.41647343548798,0.156636936474171,0.803003075247923
"ENSG00000100968",124.066355937291,0.427209808386759,0.301812837086598,1.41547925035469,0.156928027967261,0.803882647454528
"ENSG00000136636",433.879236356932,-0.329460218805046,0.232886458549076,-1.41468173314001,0.157161832560552,0.804467645207211
"ENSG00000143149",354.247287278391,-0.367844992054437,0.260104929627975,-1.41421768737933,0.157297996260017,0.80455233676416
"ENSG00000164975",146.492729312083,-0.406763267776238,0.287858828177262,-1.41306511372914,0.157636579637124,0.805671454893083
"ENSG00000136828",132.766518310485,-0.411150579594416,0.291065143985493,-1.41257236769961,0.157781498518717,0.805799817036363
"ENSG00000023516",191.397075515604,-0.40355627214194,0.285924797140427,-1.41140704191438,0.158124627773135,0.806327707658915
"ENSG00000127955",132.025062996953,-0.448542913690158,0.317795579181753,-1.41141961397024,0.158120922928153,0.806327707658915
"ENSG00000105520",250.553277195589,-0.35310898589938,0.250428592825681,-1.41001864809093,0.15853417662668,0.807227433508123
"ENSG00000105894",154.346245474676,0.474095589951227,0.336336077100029,1.40958886729903,0.158661116131094,0.807227433508123
"ENSG00000166963",107.801340680116,0.468500305528814,0.332364951492021,1.40959599809086,0.158659009362043,0.807227433508123
"ENSG00000005884",278.185741712369,0.363784564154411,0.258564384766303,1.40693995610884,0.159445194182763,0.81003882721721
"ENSG00000103710",115.823536928499,0.485676800424411,0.345208554859109,1.40690835608819,0.159454565452808,0.81003882721721
"ENSG00000125730",946.5361755608,0.926768379795111,0.659014696985759,1.40629394766766,0.159636856605614,0.810352828324047
"ENSG00000105640",111.286848237134,0.431942689929283,0.307293119979244,1.40563736005042,0.159831836237446,0.81073071684243
"ENSG00000091483",134.184151987496,0.408042665010506,0.290477754058286,1.40472948206777,0.160101735407943,0.811487771178465
"ENSG00000102804",1828.71996815093,-0.292799664048274,0.208675434539621,-1.4031343205023,0.160576788544225,0.812883254278051
"ENSG00000134030",140.248742627507,0.411261402360044,0.293216039559286,1.40258835423254,0.160739626552157,0.812883254278051
"ENSG00000243517",245.043832655454,0.380190944739433,0.271033217184777,1.40274667691465,0.160692392937647,0.812883254278051
"ENSG00000175274",426.282491005455,-0.329918153838564,0.23533179738323,-1.40192765069186,0.160936852526694,0.813269173624752
"ENSG00000075539",167.014854587331,-0.407859591441845,0.291129386004232,-1.40095645114958,0.161227096171051,0.814124210845715
"ENSG00000111859",342.194453538761,0.368772440060751,0.26348171061294,1.39961304791469,0.161629224567003,0.815542508955487
"ENSG00000164930",153.625607394013,-0.420787505366311,0.300925822875629,-1.39830972744476,0.162020078035015,0.816901832731268
"ENSG00000076321",134.104496896158,-0.431429584327563,0.308960421218184,-1.39639110610512,0.162596751884593,0.818582150580669
"ENSG00000159267",209.948499297341,-0.367540048014015,0.263153934421058,-1.39667320126757,0.162511866486259,0.818582150580669
"ENSG00000144891",105.399378887123,-0.571633822893874,0.409486242579539,-1.39597809023545,0.162721093029366,0.818595416391559
"ENSG00000082701",234.339420289091,-0.355102918971512,0.254575666932597,-1.39488162105269,0.163051540238475,0.818887435455118
"ENSG00000113597",152.857937313037,-0.405108906984029,0.290325412156647,-1.39536151511756,0.16290685046706,0.818887435455118
"ENSG00000129354",205.445651627284,-0.404563355022143,0.290182133034099,-1.3941704500966,0.163266139004656,0.818887435455118
"ENSG00000164403",934.942562173261,0.357927932406715,0.25672998411193,1.39418047971625,0.163263111045903,0.818887435455118
"ENSG00000012822",521.372262666993,0.316469372897945,0.227567323981082,1.39066262836686,0.164327755215736,0.820098012799253
"ENSG00000072415",245.846135332158,-0.358116563058079,0.257208426254032,-1.39232049382544,0.163825368306749,0.820098012799253
"ENSG00000084073",307.807178081671,-0.34125573981474,0.245254178063146,-1.39143700837128,0.16409294875887,0.820098012799253
"ENSG00000084234",3475.93896203729,-0.283463220833654,0.204378805156871,-1.38695018114076,0.165456954580241,0.820098012799253
"ENSG00000100129",841.864047650846,0.302073380719372,0.218111532961594,1.38494914330166,0.166068018648912,0.820098012799253
"ENSG00000109118",783.825250496344,-0.300868531626811,0.216942837224091,-1.38685625889565,0.165485598054341,0.820098012799253
"ENSG00000114019",243.344330219571,0.376163208203226,0.270628020899793,1.38996400650807,0.164539807470136,0.820098012799253
"ENSG00000115677",3336.38506323173,-0.280853213833444,0.202716305198867,-1.38544955008885,0.16591504871619,0.820098012799253
"ENSG00000123505",2441.37699261553,-0.308082288570715,0.222322293229762,-1.38574626995379,0.165824394146643,0.820098012799253
"ENSG00000123607",114.602505431467,-0.425584043651521,0.306901750947019,-1.38671103158675,0.165529895382877,0.820098012799253
"ENSG00000137876",116.168609879926,0.41697295359948,0.300394657360496,1.38808378705311,0.165111532907603,0.820098012799253
"ENSG00000142676",1583.02757303807,0.296238189980229,0.213347945688421,1.38852140818297,0.16497833045922,0.820098012799253
"ENSG00000150054",112.524295173178,-0.427135306404844,0.308263248507341,-1.38561865053035,0.165863380173191,0.820098012799253
"ENSG00000157224",190.987950327531,-0.375577974398223,0.270522135769672,-1.38834470358462,0.165032105792654,0.820098012799253
"ENSG00000160255",140.554598355326,0.480324388904208,0.346251331915,1.38721311553574,0.165376787300144,0.820098012799253
"ENSG00000165156",156.14276563093,-0.392233775167516,0.282432813853827,-1.38876842890684,0.164903178399027,0.820098012799253
"ENSG00000197081",868.91620928765,-0.302359218918535,0.217114669784179,-1.39262454821267,0.163733355719941,0.820098012799253
"ENSG00000217130",186.898459383277,0.372214514348001,0.268753381572211,1.38496681295893,0.166062615384796,0.820098012799253
"ENSG00000223764",124.627416554718,0.568296696404132,0.41014781183475,1.38558997514072,0.165872141069713,0.820098012799253
"ENSG00000227347",145.105683219831,-0.404256393173229,0.291097484480441,-1.38873200465733,0.164914258267528,0.820098012799253
"ENSG00000228057",123.88603580112,-0.416457249868176,0.300286971730356,-1.38686419683281,0.165483177076708,0.820098012799253
"ENSG00000204138",240.272041466371,-0.352998605359386,0.255017447653946,-1.38421354541356,0.166293076962516,0.820606922707176
"ENSG00000071127",910.238082389847,0.299504260507793,0.217508211465657,1.37697909651141,0.16851871071701,0.822969103735028
"ENSG00000092439",158.089553163992,-0.38041965490655,0.276555372646396,-1.37556414567637,0.168956613530325,0.822969103735028
"ENSG00000092964",164.606344433949,0.40279818821488,0.292224924245287,1.37838409661723,0.168084730874345,0.822969103735028
"ENSG00000093072",109.151895624524,0.437451825811295,0.317938619343107,1.37590024991338,0.168852517852785,0.822969103735028
"ENSG00000100568",232.94979669281,-0.38468622254095,0.278900668675591,-1.379294730155,0.167803900688121,0.822969103735028
"ENSG00000101493",156.017948337258,0.462153923891467,0.335651087370732,1.37688790914302,0.168546905926719,0.822969103735028
"ENSG00000102189",107.833402503542,-0.450325730100382,0.326444824825497,-1.37948497220351,0.167745276482948,0.822969103735028
"ENSG00000109971",2548.22170031807,-0.279466239722898,0.202453453636259,-1.38039749237869,0.167464291852637,0.822969103735028
"ENSG00000115295",105.321395044476,0.434366795813496,0.315263199660951,1.37779098949904,0.168267828785393,0.822969103735028
"ENSG00000120742",1068.93705438317,-0.302108752883386,0.218953398594606,-1.37978562937378,0.167652658574791,0.822969103735028
"ENSG00000125810",162.809371858477,0.414796816111852,0.300318783687233,1.38118838595138,0.167221044822601,0.822969103735028
"ENSG00000129946",291.086195265177,-0.348421110015272,0.252835201559669,-1.37805617202811,0.168185945872887,0.822969103735028
"ENSG00000134531",232.396905758945,0.420955904829924,0.30612467826498,1.3751126084175,0.169096536033572,0.822969103735028
"ENSG00000137076",1687.56131840648,0.317734868365747,0.230983947107059,1.37557121326046,0.168954424115871,0.822969103735028
"ENSG00000150977",102.706120602652,0.434804265779262,0.316014075521955,1.37590157989357,0.168852106036924,0.822969103735028
"ENSG00000163946",206.518681172365,-0.367994715293071,0.267446017980524,-1.37595884983365,0.168834373653328,0.822969103735028
"ENSG00000170242",372.024390329521,-0.322776870238738,0.234597580687793,-1.37587467565702,0.168860436827377,0.822969103735028
"ENSG00000173175",198.740003488622,0.414600721150585,0.300184799520506,1.38115161664694,0.167232347693325,0.822969103735028
"ENSG00000196177",343.779908960025,-0.326423952299373,0.237352572915232,-1.37527033429695,0.169047650014701,0.822969103735028
"ENSG00000091409",353.765420394447,-0.330363957694108,0.240360719326638,-1.37445069485401,0.169301807093116,0.823372345992986
"ENSG00000139970",136.166892262047,-0.420642623704224,0.306545624016339,-1.37220234362832,0.170000456049491,0.826172736552654
"ENSG00000088881",163.99653066907,0.389872428988679,0.284264822309783,1.37151134572609,0.170215609146034,0.826621073730125
"ENSG00000079819",156.799457161392,0.396279008992085,0.289847991309999,1.36719598159387,0.171563884562919,0.830202235077565
"ENSG00000119682",192.632389728334,-0.363913210834133,0.265954407090669,-1.36832931183602,0.171209019696333,0.830202235077565
"ENSG00000163683",513.407665884476,-0.315139261262952,0.23045327048541,-1.36747576026656,0.171476229988979,0.830202235077565
"ENSG00000165801",134.703523010934,0.415703532855646,0.304147633097696,1.36678207428994,0.171693623103315,0.830202235077565
"ENSG00000177189",234.768647937607,-0.35144824045018,0.257012784292547,-1.36743485899962,0.171489042250895,0.830202235077565
"ENSG00000188994",166.540028781439,-0.398439231116692,0.291442763402287,-1.36712686383197,0.171585544302396,0.830202235077565
"ENSG00000022267",995.699865177318,0.881162392019448,0.645931971689042,1.36417212746925,0.172513398307234,0.832968497497815
"ENSG00000142871",1430.21584953853,0.337622136608673,0.247488605884593,1.36419264798845,0.172506941485688,0.832968497497815
"ENSG00000174705",204.966780077677,0.418846343146372,0.307129808700827,1.36374370471597,0.172648243648963,0.833021583058055
"ENSG00000042445",315.066897975955,-0.340479310367712,0.250520519253873,-1.35908751659051,0.17411885808978,0.833838243440744
"ENSG00000073910",136.953638494581,0.44080983178542,0.324389446464678,1.35889079188468,0.174181197150497,0.833838243440744
"ENSG00000112701",485.515877292452,-0.328783601341469,0.241403027262401,-1.36196966985044,0.173207457187432,0.833838243440744
"ENSG00000148411",204.217389061973,0.377025239623405,0.277437142736265,1.35895733319965,0.174160109356784,0.833838243440744
"ENSG00000156931",154.243009388264,-0.381417642224137,0.28014474247039,-1.36150205376226,0.17335508495348,0.833838243440744
"ENSG00000166432",180.281040384196,-0.382879849557409,0.281510694739709,-1.3600898889878,0.173801480300342,0.833838243440744
"ENSG00000173889",293.917265183796,-0.342012628169842,0.251664403484932,-1.35900279671582,0.174145702483548,0.833838243440744
"ENSG00000187678",184.709799453576,-0.432570896817307,0.317938602421697,-1.36054852579231,0.173656407874965,0.833838243440744
"ENSG00000197971",202.758769631837,-0.376192623793741,0.276362144528734,-1.36123065782126,0.173440808561817,0.833838243440744
"ENSG00000215895",124.988799819903,-0.405825695835354,0.298342055097681,-1.360269827539,0.173744552748705,0.833838243440744
"ENSG00000234176",128.493798629746,-0.409540842701303,0.300886740962968,-1.36111296028065,0.173477994564539,0.833838243440744
"ENSG00000125354",144.265054126186,0.386847234664697,0.285158633840485,1.35660361902665,0.174907191236133,0.83493667015914
"ENSG00000162078",203.635727158357,-0.390353028771652,0.287704132388114,-1.35678631214467,0.174849117946444,0.83493667015914
"ENSG00000165476",276.781048143127,-0.341532403424675,0.251741275149795,-1.35668019962738,0.174882846544988,0.83493667015914
"ENSG00000244245",102.455140167911,-0.439352158213381,0.323790853043172,-1.35690108007715,0.174812643630103,0.83493667015914
"ENSG00000100342",315.911154784359,0.492404954553291,0.363100862255887,1.35611067264908,0.175063957621022,0.835092325502831
"ENSG00000118873",137.052868701612,-0.39896330223441,0.294320270676338,-1.35554136763195,0.175245137964667,0.835364137455956
"ENSG00000143153",310.991544391709,0.432644017239772,0.319322817626835,1.35487974349946,0.175455874447548,0.835776353777765
"ENSG00000120992",187.384924856353,-0.36801797138341,0.272306996906766,-1.35148187730708,0.176541121368995,0.840350730592964
"ENSG00000082258",204.613445061022,-0.353625438475837,0.261740276306175,-1.35105473053821,0.176677901303141,0.840407046792735
"ENSG00000115760",342.868773278622,-0.326358088741877,0.241754253504809,-1.34995800078192,0.177029455205413,0.841484180714919
"ENSG00000141198",173.935502615587,-0.383849037782438,0.284542512120673,-1.34900417839725,0.177335623994262,0.842344213972747
"ENSG00000107651",248.656318651885,-0.341126112752277,0.253154310769661,-1.34750268211968,0.177818390193232,0.842851650767922
"ENSG00000162729",172.338471994354,-0.365371274018937,0.2710830844911,-1.34782026220796,0.177716199259571,0.842851650767922
"ENSG00000169738",328.281212804856,-0.461882565351402,0.342755537135709,-1.34755683076981,0.17780096314544,0.842851650767922
"ENSG00000175054",125.100739429978,-0.406802730278112,0.301999385409713,-1.34703164950556,0.17797003963952,0.842976399024936
"ENSG00000065613",262.28629622547,-0.368450040988522,0.27439413838217,-1.34277664661828,0.179344307486418,0.844162821080525
"ENSG00000100219",1775.97313207088,-0.280367629604666,0.208906743201197,-1.34207075036657,0.179573056695211,0.844162821080525
"ENSG00000102898",150.416135600176,0.378467625990975,0.28189359984469,1.34259034685248,0.179404657802368,0.844162821080525
"ENSG00000137575",298.931742334064,0.342010745613382,0.254539718119378,1.34364392378631,0.179063558677973,0.844162821080525
"ENSG00000167608",313.55094697099,-0.35361992308212,0.262936217898315,-1.34488860419706,0.178661210880285,0.844162821080525
"ENSG00000175356",477.01303463808,0.349167293344676,0.259795170697896,1.34400994601515,0.178945170685491,0.844162821080525
"ENSG00000175866",307.5263790277,-0.364295171710182,0.271062946924158,-1.34395045816465,0.17896440775948,0.844162821080525
"ENSG00000176907",459.596506059947,-0.382213297570964,0.284501984704253,-1.34344685844032,0.179127322560084,0.844162821080525
"ENSG00000204287",1325.22513840113,0.414811109258108,0.308305671022308,1.34545403554414,0.178478655313127,0.844162821080525
"ENSG00000214548",368.954413412395,0.327145843556197,0.24342769634908,1.34391381285991,0.178976258817693,0.844162821080525
"ENSG00000235957",110.026960225493,-0.435291529735376,0.324457670553059,-1.34159728445746,0.179726607164334,0.844162821080525
"ENSG00000259479",180.095751018549,-0.479944579874903,0.357654185416368,-1.34192356596126,0.179620779850706,0.844162821080525
"ENSG00000213598",117.489310827341,0.421099469732209,0.314131347749988,1.34052036750995,0.180076227167027,0.845214727093806
"ENSG00000101856",371.518730079791,0.335039743047334,0.250211610439658,1.33902556503522,0.180562350456592,0.846905417831966
"ENSG00000068323",195.694736297688,0.351632435144115,0.2629692932596,1.33716157801355,0.181169900526435,0.847391342796109
"ENSG00000110367",358.669787237813,-0.319298722266427,0.238765288534781,-1.33729121274642,0.181127598195888,0.847391342796109
"ENSG00000163728",219.805000830161,-0.352900775344924,0.26382979048672,-1.33760776102609,0.181024333158891,0.847391342796109
"ENSG00000177548",218.580741461472,-0.371627990846091,0.277716229687997,-1.33815726673086,0.180845176071825,0.847391342796109
"ENSG00000242951",115.828066775073,0.424261264364608,0.31745404923857,1.3364493708057,0.181402438401932,0.847889368096871
"ENSG00000101236",231.850609757288,0.341215841314306,0.25551491479973,1.33540479068217,0.181743897666649,0.84830635371678
"ENSG00000171303",189.583036132813,-0.369168335273349,0.276420385918671,-1.33553223307476,0.181702212930823,0.84830635371678
"ENSG00000145012",1107.63489456163,0.300805057862635,0.225341403409434,1.33488588120705,0.181913699414652,0.848510084787066
"ENSG00000124593",107.821196666002,-0.416152658909669,0.31188457991294,-1.33431623655724,0.182100238615604,0.848791548807038
"ENSG00000203875",148.294204717801,0.383580397394016,0.287629792882252,1.33359063242466,0.182338054641887,0.849311465042472
"ENSG00000033178",190.846901361595,-0.374072580177434,0.280946399146849,-1.33147312552637,0.183033382082575,0.849608369832572
"ENSG00000081277",241.018899162432,-0.483193882150541,0.362864318129931,-1.33161035133117,0.182988261671106,0.849608369832572
"ENSG00000107862",591.694305193283,-0.294836591626958,0.221248043161778,-1.33260655060968,0.182660954355313,0.849608369832572
"ENSG00000182551",636.223789122296,-0.322859932177028,0.242453773464748,-1.33163500639007,0.182980155859578,0.849608369832572
"ENSG00000184432",902.007234230922,-0.285496763853123,0.214340461942939,-1.33197792551706,0.182867442375716,0.849608369832572
"ENSG00000198879",117.03516668455,-0.416799287159306,0.313279732232971,-1.33043808544037,0.183373973205653,0.850602306056017
"ENSG00000122218",1050.29159030001,-0.308671190552885,0.232345294874719,-1.32850200697768,0.184012320995906,0.851942164368277
"ENSG00000176720",129.004484475696,0.419390773454705,0.315705953770375,1.32842212332728,0.184038694875852,0.851942164368277
"ENSG00000198648",340.028348912954,-0.325320392508235,0.244894632340193,-1.32840964867012,0.184042813682294,0.851942164368277
"ENSG00000133112",3628.83623846392,0.278628561999529,0.209921968114796,1.32729587332737,0.184410828404116,0.852273995711448
"ENSG00000166123",407.506760858057,-0.472431910580209,0.355969437445595,-1.32716986595911,0.184452498155797,0.852273995711448
"ENSG00000169895",277.105824177432,-0.361776893848975,0.272697629137036,-1.32665947626254,0.184621351732319,0.852273995711448
"ENSG00000178026",171.066449187716,-0.390837726802367,0.294596342312107,-1.32668900005655,0.184611581180991,0.852273995711448
"ENSG00000211677",189.835467162971,-0.418552578996682,0.315756913600295,-1.32555317387765,0.184987745360428,0.853379681271769
"ENSG00000133789",173.560189142434,0.365507233365568,0.276140552662683,1.32362751447104,0.18562678258746,0.853984774065157
"ENSG00000141425",252.991532315715,-0.332626825820765,0.251155750760137,-1.32438466893174,0.185375323607241,0.853984774065157
"ENSG00000177706",138.336615618004,0.384253202440794,0.290250854035657,1.32386588048967,0.185547591530497,0.853984774065157
"ENSG00000247556",292.82885443614,-0.330678318895879,0.249800127419304,-1.32377161818183,0.185578904801836,0.853984774065157
"ENSG00000115380",243.121337322728,0.35969968472506,0.271968600091688,1.32257799100262,0.185975757395104,0.854156702774055
"ENSG00000148484",163.792507515545,0.379378449654278,0.286836261732029,1.32263071399496,0.185958215024035,0.854156702774055
"ENSG00000161533",380.949024233734,-0.317679635033243,0.240304466231132,-1.32198805962969,0.186172127009629,0.854156702774055
"ENSG00000227418",148.642044374392,-2.55838622823595,1.934963416082,-1.32218842329137,0.186105415065229,0.854156702774055
"ENSG00000213445",103.463421227893,0.415634227474804,0.314553052481588,1.32134857441618,0.186385164591055,0.854551204525861
"ENSG00000142634",150.121537015467,0.373246542579176,0.28257430653039,1.32087926592517,0.186541624213746,0.854685943093772
"ENSG00000196535",156.374864102579,0.375932009341507,0.284746960113599,1.32023186197152,0.186757617129573,0.85509307883833
"ENSG00000157693",222.806158875466,-0.352351848338033,0.267082109634206,-1.31926413499059,0.187080823581648,0.855408306872989
"ENSG00000257093",245.841760895628,-0.339106544464174,0.257018303749449,-1.31938674995983,0.18703984916243,0.855408306872989
"ENSG00000171517",123.910506757678,-1.10048676292559,0.835019142818959,-1.31791800510158,0.187531097679505,0.856668983265676
"ENSG00000189339",313.807487598015,-0.322339113390221,0.244697120862593,-1.31729834929781,0.187738638319002,0.856668983265676
"ENSG00000197619",297.831271153943,-0.399375369978989,0.303109216395127,-1.31759560045304,0.187639059168913,0.856668983265676
"ENSG00000117020",273.893821252992,-0.33685176498764,0.255883427891536,-1.31642665475947,0.188030880927537,0.857160228796108
"ENSG00000198478",263.739026236449,-0.376527385250946,0.286067834331027,-1.31621713476267,0.188101174205034,0.857160228796108
"ENSG00000049656",408.756919725047,-0.304633558855245,0.23278300536516,-1.30865893056658,0.190649909297821,0.858373916166364
"ENSG00000050327",109.388506967217,-0.401573672422087,0.307447701666985,-1.30615278710737,0.19150060473234,0.858373916166364
"ENSG00000067225",1472.23264220985,0.270887223151811,0.206714555267098,1.31044097403685,0.190046700015529,0.858373916166364
"ENSG00000068912",413.801186230032,-0.304473587592814,0.231615329008822,-1.31456578843802,0.188655874284442,0.858373916166364
"ENSG00000077232",627.73213049727,-0.296972936740572,0.226298027164449,-1.3123089956271,0.18941589818737,0.858373916166364
"ENSG00000091592",155.112624404133,0.375320698911748,0.286656704766891,1.30930375138777,0.190431479413868,0.858373916166364
"ENSG00000100139",166.675170210086,0.382827820873077,0.291437802858522,1.31358326585697,0.188986483173236,0.858373916166364
"ENSG00000106333",150.907753780396,0.372733886254051,0.284709839457791,1.30917107383396,0.190476408218776,0.858373916166364
"ENSG00000109686",284.779928579172,0.332283632446835,0.253446716866089,1.31105913130609,0.189837786844808,0.858373916166364
"ENSG00000114573",312.097602029878,-0.314526428277452,0.24021256490284,-1.30936709495055,0.190410032037795,0.858373916166364
"ENSG00000121900",104.336752712232,-0.418295045685724,0.319568439606278,-1.30893728492426,0.190555595511427,0.858373916166364
"ENSG00000122862",154.914377156303,0.401984851811017,0.307802294540175,1.3059839349526,0.191558020839386,0.858373916166364
"ENSG00000123144",265.327020036726,0.326046735871564,0.249372860958295,1.30746679738375,0.191054224199263,0.858373916166364
"ENSG00000123933",410.895719385932,-0.326024980091228,0.249543232470989,-1.3064869636532,0.191387009416014,0.858373916166364
"ENSG00000126016",173.591441139998,0.364306068514918,0.277927706921827,1.31079435206288,0.189927251230668,0.858373916166364
"ENSG00000126561",104.920845305505,0.419076877985034,0.319242933045692,1.31272092380211,0.189277004348196,0.858373916166364
"ENSG00000133703",116.932746380881,-0.392517812210394,0.299907802642881,-1.30879493214716,0.190603824088245,0.858373916166364
"ENSG00000138166",265.381549765826,0.398338180528558,0.303360156503541,1.31308667927823,0.189153741941903,0.858373916166364
"ENSG00000164597",209.686963915219,-0.363285382279855,0.276935589995944,-1.3118046051256,0.189586070734243,0.858373916166364
"ENSG00000165209",132.923459906565,-0.38324736143041,0.293296053834902,-1.30669116211888,0.19131762144315,0.858373916166364
"ENSG00000177311",279.488025700587,-0.327674350186595,0.250689309885649,-1.30709343105242,0.191180981984448,0.858373916166364
"ENSG00000185052",106.078894757428,0.425008254892943,0.32505458842683,1.30749809424275,0.191043601733015,0.858373916166364
"ENSG00000188243",141.607661218817,0.373277638438801,0.284815316572354,1.31059538135469,0.189994500472907,0.858373916166364
"ENSG00000188846",345.322673347319,0.320827520935016,0.245233685976477,1.3082522478816,0.190787765878648,0.858373916166364
"ENSG00000206053",600.706352560204,-0.307053164539389,0.234636734769435,-1.30863210673773,0.190658999732526,0.858373916166364
"ENSG00000137312",447.39528438969,0.307940417200103,0.235945724076717,1.30513243418634,0.191847756207314,0.859099872337145
"ENSG00000056097",345.393538131631,-0.30815584243545,0.236658895707504,-1.30210969469033,0.192878889531306,0.859985802127032
"ENSG00000109436",248.385614950988,-0.330902776928552,0.254163433618662,-1.30192912574917,0.192940614839383,0.859985802127032
"ENSG00000130429",158.270494823397,0.374804706597524,0.28786596137994,1.3020112027168,0.19291255602194,0.859985802127032
"ENSG00000182774",146.913870720716,0.367552014014157,0.282309353602919,1.30194770142521,0.192934264299592,0.859985802127032
"ENSG00000198853",119.901559729945,0.402515682381645,0.30874610518767,1.30371096385808,0.192332149797596,0.859985802127032
"ENSG00000204291",298.572236611835,0.354235449251314,0.271991509592839,1.30237686382782,0.19278758761269,0.859985802127032
"ENSG00000230629",410.834037050398,0.301319370979604,0.231257109006786,1.30296263009481,0.192587520020436,0.859985802127032
"ENSG00000143365",255.758503898667,-0.330800654598225,0.254190853479679,-1.30138693060673,0.193126044908066,0.860242237120301
"ENSG00000134824",477.792605880206,-0.316368144610885,0.243270230474771,-1.30048030946267,0.193436400648649,0.860484940980697
"ENSG00000166128",128.674338639791,-0.381489740591566,0.29328997823544,-1.3007254556967,0.193352445759045,0.860484940980697
"ENSG00000062194",236.469191807769,0.364333753402275,0.280327099657433,1.29967368066627,0.193712834664636,0.861145093162154
"ENSG00000107104",376.621411297863,0.339707963201734,0.26198101205571,1.29668925444679,0.194738128097314,0.861575565644444
"ENSG00000113441",183.576234028254,-0.357879574777254,0.275919342175293,-1.29704417224179,0.194615988673039,0.861575565644444
"ENSG00000118705",1427.890520378,-0.279483715894586,0.215208731379601,-1.29866346083149,0.194059448894958,0.861575565644444
"ENSG00000119912",187.77983274789,-0.361206309157284,0.278228009452361,-1.29823848385448,0.19420539774008,0.861575565644444
"ENSG00000138448",457.136257204009,-0.350645684118499,0.270571643430225,-1.29594394916304,0.194994796299405,0.861575565644444
"ENSG00000142687",681.721062153768,-0.285191317026924,0.220087187652316,-1.29581062881978,0.195040735302734,0.861575565644444
"ENSG00000152620",166.271811326058,-0.356395305246493,0.275174505015149,-1.29516106598201,0.195264672680272,0.861575565644444
"ENSG00000158526",162.050619453286,0.359910224465846,0.277511913351612,1.29691810387194,0.194659366698594,0.861575565644444
"ENSG00000168813",115.351804965267,-0.421891720836323,0.325746346094694,-1.29515411575385,0.195267069796738,0.861575565644444
"ENSG00000174748",1253.98312304327,0.270585430206552,0.208828820318185,1.29572838554693,0.195069078326846,0.861575565644444
"ENSG00000177239",364.814471647994,-0.304725012000915,0.235047014094688,-1.29644281240755,0.194822970355001,0.861575565644444
"ENSG00000196730",200.464313860853,-0.357711213037114,0.276241318993992,-1.2949229113871,0.195346823908382,0.861575565644444
"ENSG00000104872",135.756031186547,0.373204225270473,0.288490934942386,1.29364281531066,0.195788826189114,0.862394004550086
"ENSG00000129925",392.967132497474,-0.344723432387648,0.266421862297583,-1.29390069348966,0.195699724947276,0.862394004550086
"ENSG00000125398",341.031881900917,0.318254314021555,0.246197212101357,1.29268041382423,0.196121614605485,0.863153531494124
"ENSG00000152409",150.454059801385,-0.371224131551718,0.287235780426218,-1.29240211996177,0.196217922934064,0.863153531494124
"ENSG00000051382",167.739661926795,-0.362303703554667,0.280573334534631,-1.29129770708823,0.196600465418834,0.864021962118636
"ENSG00000076944",218.205513842601,-0.33584705447989,0.260423423220159,-1.28961922981854,0.197182895688961,0.864021962118636
"ENSG00000091436",288.302316320411,0.316704260568183,0.245722278820618,1.28887076128487,0.197443020484143,0.864021962118636
"ENSG00000108963",182.036053858582,-0.347003102910166,0.269212089975192,-1.28895809598351,0.197412655008491,0.864021962118636
"ENSG00000120889",185.957661076957,0.348624612638695,0.270404437227229,1.28927104974145,0.197303871918391,0.864021962118636
"ENSG00000162458",261.161580916794,0.331353010230767,0.256729187592918,1.29067136205867,0.196817659102887,0.864021962118636
"ENSG00000227827",109.145082653331,-0.412639327267236,0.319954769428942,-1.28968018824573,0.19716172108427,0.864021962118636
"ENSG00000241352",115.40398631905,0.41163125778985,0.31911427583205,1.2899180292595,0.197079120213743,0.864021962118636
"ENSG00000069188",147.632252056322,-0.382028788647753,0.296613872644638,-1.28796669299904,0.197757557622629,0.864363741222385
"ENSG00000127526",456.514964659654,-0.305199069949713,0.23697280757518,-1.28790755813993,0.197778144178003,0.864363741222385
"ENSG00000106537",365.776396244676,-0.315604449900591,0.245213854781833,-1.28705798528955,0.198074078166497,0.86509496736874
"ENSG00000100353",559.219324731367,0.285252286116058,0.221758169582272,1.2863214313745,0.198330905985923,0.865654557859387
"ENSG00000185043",380.067434854977,-0.335975412963881,0.261281873305693,-1.28587340833552,0.198487245501387,0.865775105864026
"ENSG00000267809",151.954587936789,-0.359778191403353,0.280004394521566,-1.28490194597872,0.198826550856086,0.866693053180837
"ENSG00000134247",369.032630612606,0.337858141760213,0.26312420364028,1.28402532752974,0.199133093563565,0.867467090225736
"ENSG00000087086",1440.46724777566,0.271393457958379,0.21152262257591,1.28304696043083,0.199475624203407,0.867835089516246
"ENSG00000160285",433.787307907034,-0.336362931753303,0.262110577669931,-1.28328636998723,0.199391766109331,0.867835089516246
"ENSG00000135333",114.303261576949,-0.452092422693661,0.352645419229947,-1.28200282221409,0.199841656210047,0.868304250432025
"ENSG00000151883",145.146796523914,-0.366408568566926,0.285755927056147,-1.28224310985134,0.199757377802566,0.868304250432025
"ENSG00000100239",371.901568086611,-0.299940713111461,0.23407525814394,-1.28138580510299,0.200058187541928,0.868342810985052
"ENSG00000150961",362.670025184285,-0.32268902128815,0.251865428772289,-1.28119616440052,0.200124773025988,0.868342810985052
"ENSG00000205808",122.833526868243,-0.400595329297793,0.312751488975539,-1.28087425134249,0.200237838215554,0.868342810985052
"ENSG00000063660",430.518383511238,-0.328781524713863,0.256860306820962,-1.28000129246529,0.20054468135586,0.869113097164636
"ENSG00000048392",188.972757072907,-0.357650402988607,0.279764105945414,-1.27839989258089,0.201108461911954,0.869874929144569
"ENSG00000100023",260.040997042553,-0.329182309634519,0.257384264903373,-1.27895273535117,0.200913700411148,0.869874929144569
"ENSG00000160408",125.753342402782,0.391139342171094,0.305917063750657,1.27857968226937,0.201045108526211,0.869874929144569
"ENSG00000166747",488.192211762828,-0.293199563667972,0.229503216100443,-1.27754010880463,0.20141162955813,0.870626362730068
"ENSG00000239305",250.43695113089,-0.320528609804291,0.250980533053563,-1.27710546274075,0.201565016530039,0.870729801657702
"ENSG00000184470",202.148298840212,-0.360560472726012,0.282485946392066,-1.27638375406324,0.201819896270328,0.871271259508489
"ENSG00000136888",603.061053850953,-0.292356616846799,0.229207581257746,-1.27551023941935,0.202128702253066,0.872044676942992
"ENSG00000164181",247.468274391185,-0.373491109646118,0.293096378262653,-1.27429452339196,0.202559056693811,0.873341163668316
"ENSG00000159189",128.915874799388,0.44111947803086,0.346918788145557,1.27153527887276,0.203538285047869,0.876439503989736
"ENSG00000244398",315.913616673618,0.319137066707584,0.250939511670479,1.27176889993577,0.203455241964952,0.876439503989736
"ENSG00000147454",412.86776764312,-0.327242719118615,0.257443490731103,-1.27112446381648,0.203684373453913,0.876507418970581
"ENSG00000139329",636.462395448576,0.318165258073024,0.250675050951717,1.26923384223948,0.204357674217076,0.878842529913079
"ENSG00000125304",980.03773531797,-0.268721325739542,0.211820281464775,-1.26862887671231,0.204573460122092,0.87920836599437
"ENSG00000173848",390.051885286103,-0.307467432256513,0.242551873496295,-1.267635775492,0.204928049864778,0.880169899993932
"ENSG00000167792",264.222409633435,0.326611943392056,0.257769241196883,1.26707105112899,0.205129885580365,0.880474543978007
"ENSG00000135916",589.524761693314,0.316231414375981,0.249671539498662,1.26658975632934,0.205302017126693,0.880651382139119
"ENSG00000000971",145.112979264686,0.446308804771186,0.353279137535714,1.26333190203191,0.206469925870177,0.881577984276132
"ENSG00000047457",168.779005293992,1.08942877203948,0.861053127094843,1.26522828587264,0.205789505520138,0.881577984276132
"ENSG00000100100",148.700115272841,0.372245342372585,0.295227224952298,1.26087742223886,0.207353013845501,0.881577984276132
"ENSG00000100934",229.615339977863,0.345644651233823,0.273478967890665,1.26388019488215,0.206273031365815,0.881577984276132
"ENSG00000117410",324.092463945934,-0.311963043092112,0.247370187254719,-1.26111819113789,0.207266267485112,0.881577984276132
"ENSG00000128654",124.83529224162,-0.388642821485297,0.307265657666128,-1.26484301707284,0.205927607489853,0.881577984276132
"ENSG00000132405",125.13835550298,-0.374761370239811,0.297000047102722,-1.26182259530146,0.207012629709101,0.881577984276132
"ENSG00000138293",979.227687634365,-0.275261011069457,0.217681368451466,-1.26451341714543,0.206045808036705,0.881577984276132
"ENSG00000162613",337.199644708367,-0.306031796951725,0.241976080968823,-1.26471920582578,0.205972002683952,0.881577984276132
"ENSG00000172403",2189.54347887636,0.388148499076105,0.307525739716184,1.26216589035548,0.206889099688414,0.881577984276132
"ENSG00000176018",126.083811068669,-0.394802045817012,0.312666761242363,-1.26269272834851,0.206699628331673,0.881577984276132
"ENSG00000184007",373.849724199343,0.29821070904232,0.236025756380264,1.26346680809644,0.206421467823793,0.881577984276132
"ENSG00000188971",304.877282358219,-0.315522628748718,0.250126572398622,-1.26145185504672,0.207146095620804,0.881577984276132
"ENSG00000197147",109.854450485643,-0.403336096935194,0.319443639000666,-1.26262053048536,0.20672558602972,0.881577984276132
"ENSG00000141736",673.499953750462,-0.27792006264661,0.22055931242726,-1.26006950052616,0.20764429155887,0.881918470332644
"ENSG00000157978",194.104938838764,-0.332895687679948,0.26424574751646,-1.25979581813029,0.207743028760443,0.881918470332644
"ENSG00000181019",104.574626707875,-0.40519139292763,0.321784410410656,-1.2592014399036,0.207957581615756,0.881918470332644
"ENSG00000196507",216.908716801137,0.323878126044015,0.257143170646307,1.25952451013953,0.207840942947955,0.881918470332644
"ENSG00000085224",265.847274165134,-0.317632342862266,0.252433381015008,-1.25828185474164,0.208289841038649,0.882215032006267
"ENSG00000165424",199.639382670446,0.342823336916189,0.272384813958381,1.25859930270771,0.208175099027918,0.882215032006267
"ENSG00000065485",259.771301939316,-0.348593610909498,0.277980621836462,-1.25402126452749,0.209834276447945,0.882745619365557
"ENSG00000090530",194.626007121061,0.477285890482842,0.379768390157737,1.25678150907873,0.20883276351406,0.882745619365557
"ENSG00000104936",204.074367251468,0.359056282631832,0.285983134149188,1.25551558730916,0.209291653227651,0.882745619365557
"ENSG00000111696",164.359473578813,0.345933240763041,0.275838318183564,1.25411597286795,0.209799855454039,0.882745619365557
"ENSG00000126217",329.05765494878,-0.304955853190924,0.242695771131926,-1.2565355043832,0.208921881749024,0.882745619365557
"ENSG00000138640",177.951827551669,-0.348931160137467,0.278033390728843,-1.25499731964845,0.209479732982374,0.882745619365557
"ENSG00000139531",188.819267556896,-0.365536497166426,0.291644974923547,-1.25336120487675,0.210074283429467,0.882745619365557
"ENSG00000146122",122.46329887831,0.405717668854459,0.323459807593417,1.25430628266631,0.209730701230535,0.882745619365557
"ENSG00000149090",126.445982290144,0.372846032065855,0.296523360456029,1.25739176668053,0.208611809098712,0.882745619365557
"ENSG00000153071",210.826691208444,0.364123527864315,0.289956305317926,1.25578758311556,0.209192994682862,0.882745619365557
"ENSG00000165527",225.196324514935,-0.323576434238763,0.257968178764699,-1.25432693205896,0.209723198706671,0.882745619365557
"ENSG00000198952",601.909022086036,-0.276682363619134,0.220775051863869,-1.25323201731026,0.210121281088947,0.882745619365557
"ENSG00000239528",243.289300113733,-0.365552214714888,0.291541757624113,-1.25385885608263,0.209893312023478,0.882745619365557
"ENSG00000072062",222.219272309355,0.32667907017804,0.260961283323428,1.25182964314734,0.210631946122484,0.884338620237094
"ENSG00000085719",522.233387411831,-0.281344213703328,0.224968165759148,-1.25059566874246,0.211082031634178,0.884749766800252
"ENSG00000135040",127.376175187354,-0.366634220664372,0.293051873403982,-1.25108983746012,0.210901702834544,0.884749766800252
"ENSG00000234115",207.605247911161,-0.384151931736786,0.307203741732458,-1.25047933846894,0.211124498322094,0.884749766800252
"ENSG00000122565",209.453865058074,0.327178222048156,0.261732428495445,1.25004847098589,0.211281841507627,0.8848578243962
"ENSG00000126458",126.606842468812,0.421376232074624,0.337490703253825,1.24855656174241,0.211827308481623,0.886590215835344
"ENSG00000239344",211.638192128245,0.323519685557407,0.259218614597151,1.24805730506733,0.212010072151278,0.88680332418501
"ENSG00000163788",172.62700676824,-0.366480295069524,0.293736238508853,-1.24765094334276,0.212158913714141,0.886874365221448
"ENSG00000059588",268.240006105688,-0.324868025126519,0.260957859041475,-1.24490607916463,0.213166276034952,0.888442659247475
"ENSG00000083312",262.315326679441,-0.308146134933798,0.247640402640632,-1.24432900143911,0.213378501496593,0.888442659247475
"ENSG00000105662",137.719299118676,-0.360481341509577,0.289764904907902,-1.24404762413913,0.213482035784668,0.888442659247475
"ENSG00000109133",224.411558657414,-0.339474489294455,0.273001245382404,-1.24349062517623,0.213687093446064,0.888442659247475
"ENSG00000138294",4093.76553386026,1.1396998721652,0.91525377800321,1.24522826297605,0.21304785637624,0.888442659247475
"ENSG00000143756",151.337869522126,-0.355671282073169,0.285656074938318,-1.24510316173031,0.213093832085501,0.888442659247475
"ENSG00000166734",521.009371829788,-0.288565624502242,0.231710184616909,-1.24537307231157,0.212994646728886,0.888442659247475
"ENSG00000173369",134.209025453303,0.446529371719851,0.359121554093689,1.24339340434954,0.213722899592985,0.888442659247475
"ENSG00000175793",249.544366885306,-0.327532758150487,0.263223499543435,-1.24431427558177,0.213383919056049,0.888442659247475
"ENSG00000033627",278.167406935462,-0.319602493425743,0.257175160379492,-1.24274246764008,0.213962749209053,0.888890334268122
"ENSG00000130940",312.421510323893,-0.306421220022571,0.246762209400787,-1.24176720887146,0.214322464538386,0.889794931947153
"ENSG00000138078",219.593069641621,-0.350560036236147,0.282387406916611,-1.24141526020552,0.214452384630171,0.889794931947153
"ENSG00000163840",302.728872717704,-0.361918639142832,0.291616627338845,-1.24107682900502,0.2145773683643,0.889794931947153
"ENSG00000167642",731.867974718992,-0.284402618112693,0.2293639574213,-1.23996211658616,0.214989406589386,0.890954250597788
"ENSG00000075292",401.007403647726,-0.306595485622923,0.247333568772335,-1.23960320932067,0.215122193035079,0.890955585193315
"ENSG00000158604",437.099551789235,-0.282792126249828,0.228618658206098,-1.23695995973738,0.216101947998713,0.893912486002058
"ENSG00000180211",361.028386236156,0.303561090081949,0.245358313304271,1.23721542585558,0.216007116135747,0.893912486002058
"ENSG00000164300",270.657402860112,-0.319819684227034,0.258702864530585,-1.23624330487158,0.21636813823473,0.8944634897153
"ENSG00000173801",635.994789578156,-0.272894549325934,0.220902258634693,-1.23536332771147,0.216695314707957,0.895265778087051
"ENSG00000107819",160.916113305792,0.345347849167562,0.279701975991327,1.23469935435233,0.216942416280564,0.895736459117908
"ENSG00000198899",20516.704653903,0.258045541492478,0.209131147207369,1.23389339626491,0.21724263060396,0.896425726038181
"ENSG00000117602",392.498100539091,-0.925140895090106,0.75032401281545,-1.23298852134385,0.217580046772886,0.896789339392769
"ENSG00000162511",257.054670851863,0.374294358835376,0.303578243158093,1.23294197549083,0.217597413304936,0.896789339392769
"ENSG00000070018",195.226885101938,-0.369535701610515,0.30001693139137,-1.23171615647404,0.218055132415886,0.898125425982395
"ENSG00000021776",140.990308626021,-0.350541796636538,0.284699017681981,-1.23127153542941,0.218221324198687,0.898259869375991
"ENSG00000132326",168.640820017736,0.347830047631594,0.282633801137582,1.23067391880094,0.218444846498925,0.898629992386402
"ENSG00000116962",263.500602578225,0.344858440276662,0.280312734926078,1.23026319288564,0.218598562743762,0.898712672991773
"ENSG00000245910",108.720308820057,0.385312126182653,0.313383370397649,1.22952320569446,0.218875702771856,0.899302368261152
"ENSG00000189079",137.16807432091,-0.353147579934841,0.287412542873552,-1.22871318142232,0.219179362302041,0.899451123150413
"ENSG00000236699",212.239244820326,-0.361990197547067,0.294566096374376,-1.22889294458042,0.219111947112248,0.899451123150413
"ENSG00000153561",227.097015350313,-0.317881571594182,0.258826066463754,-1.22816676054804,0.219384373742223,0.899743474262312
"ENSG00000134852",146.017584183792,-0.357555206409609,0.291360771128213,-1.22719062358696,0.219750952755763,0.900697689357261
"ENSG00000005893",683.174989871954,-0.290300115861468,0.23679667462265,-1.2259467592781,0.220218710954648,0.900967791898394
"ENSG00000100304",228.949251970624,-0.355821256181892,0.29018678329865,-1.22618009041333,0.220130911831512,0.900967791898394
"ENSG00000173334",1331.87293893457,-0.349813576395474,0.285226588405416,-1.22644097926191,0.22003277288128,0.900967791898394
"ENSG00000071073",271.604518396169,-0.374113668318509,0.305680332430123,-1.22387222411187,0.221000433203503,0.901319230553708
"ENSG00000107854",338.720232458629,-0.296679464060357,0.242537660300824,-1.2232305023986,0.221242647880489,0.901319230553708
"ENSG00000125107",709.802339011564,-0.266077741386117,0.217507351061886,-1.22330459217634,0.22121467334997,0.901319230553708
"ENSG00000127914",313.040182751839,-0.298504759922421,0.243951743055257,-1.22362216471152,0.221094794268572,0.901319230553708
"ENSG00000157873",395.296919625714,-0.287734873322304,0.23512528558699,-1.22375129754324,0.221046061794938,0.901319230553708
"ENSG00000196914",584.545679083058,-0.273330005900652,0.223319241683636,-1.22394292511463,0.220973759090941,0.901319230553708
"ENSG00000242247",599.878027278158,-0.269456027151367,0.220191016187113,-1.22373760663509,0.221051228139441,0.901319230553708
"ENSG00000101825",199.158546430301,0.348000483784819,0.285900526830421,1.21720826345742,0.223524986944336,0.901658004526027
"ENSG00000102172",144.358333964542,-0.420051531814514,0.345392397663802,-1.21615743327212,0.223924955477179,0.901658004526027
"ENSG00000102181",154.65391641417,0.343308638040939,0.282172465479073,1.21666243181477,0.223732678363114,0.901658004526027
"ENSG00000114796",174.276232861015,-0.336346225750098,0.275615206369509,-1.22034712881251,0.222333310975975,0.901658004526027
"ENSG00000118418",137.164627613098,0.358431026434194,0.2936795864039,1.22048328528099,0.222281722065461,0.901658004526027
"ENSG00000123066",292.823894575053,-0.302958950166973,0.24888666812234,-1.21725664316441,0.223506584901663,0.901658004526027
"ENSG00000138185",136.298306152487,0.361679151701229,0.296715411579828,1.21894292505909,0.222865855969618,0.901658004526027
"ENSG00000143952",212.875522900247,-0.328948447229049,0.269384440417602,-1.22111153383287,0.222043793289254,0.901658004526027
"ENSG00000146433",359.555786622054,-0.295842148100288,0.242807876354096,-1.21842072235272,0.223064134309007,0.901658004526027
"ENSG00000153339",182.996221206387,-0.328627825341778,0.269913239247856,-1.21753133065105,0.223402123396859,0.901658004526027
"ENSG00000156802",113.349226561653,-0.385819281314924,0.316614290358904,-1.21857822929461,0.223004316244681,0.901658004526027
"ENSG00000163001",128.998506784993,0.36189594064879,0.296881906698942,1.21898954595363,0.222848160332354,0.901658004526027
"ENSG00000164022",145.787615469666,0.345223791896337,0.282466176680471,1.222177451309,0.221640528970494,0.901658004526027
"ENSG00000168591",153.306093453826,0.343063791199919,0.281304027289831,1.2195480971428,0.222636232311418,0.901658004526027
"ENSG00000170348",1269.70508039805,-0.254594256943451,0.208865047301371,-1.21894141807316,0.222866427984781,0.901658004526027
"ENSG00000173193",336.562499191431,-0.391084000959265,0.321521736201581,-1.21635322569318,0.223850393912426,0.901658004526027
"ENSG00000181035",129.826759955956,-0.375986364263896,0.308676578010795,-1.21805926023563,0.223201453977469,0.901658004526027
"ENSG00000198399",208.535818570359,-0.334507294861725,0.275101298184487,-1.2159422622477,0.224006917270739,0.901658004526027
"ENSG00000204713",332.053583249444,-0.289905194452526,0.238042837342401,-1.21786984934786,0.223273435430168,0.901658004526027
"ENSG00000249353",317.614789245418,0.294862219706784,0.241665254014515,1.22012666201933,0.222416862767186,0.901658004526027
"ENSG00000176105",173.695467359981,-0.340730357188461,0.280448201230936,-1.21494934070868,0.22438541348302,0.902454975366741
"ENSG00000198363",254.709083300135,0.342806891032992,0.282210846062747,1.21471905072271,0.224473264018519,0.902454975366741
"ENSG00000185787",260.65122628574,0.30065500824222,0.247628225519303,1.21413868557074,0.224694769512772,0.902805866035187
"ENSG00000068878",330.868322798915,-0.297376669850068,0.245194818256839,-1.21281792153768,0.22519944193309,0.903469801539057
"ENSG00000103335",947.332052129426,-0.268317953315929,0.221393639218951,-1.21194969404957,0.225531637939946,0.903469801539057
"ENSG00000131375",150.249983584812,-0.341891120800928,0.282077654112053,-1.21204610084113,0.22549473409123,0.903469801539057
"ENSG00000173230",953.525323597691,-0.274871555825426,0.226564386816451,-1.21321607375174,0.22504722024817,0.903469801539057
"ENSG00000197283",120.651144648163,0.361380617788486,0.298126952865415,1.21217023256406,0.22544722368207,0.903469801539057
"ENSG00000162733",187.227793546324,0.332732134511475,0.274683515251457,1.21132909707697,0.225769301370686,0.90388352441621
"ENSG00000136240",1098.56313563479,-0.255733669958196,0.211213743930571,-1.21078138760828,0.225979200322468,0.904185664110006
"ENSG00000138688",297.474733762052,-0.297320823107933,0.245641858596727,-1.21038338012272,0.226131816268561,0.904258380631595
"ENSG00000104870",177.723876791888,0.336030400769825,0.278107365745881,1.20827580337038,0.22694119245446,0.905879205014063
"ENSG00000130202",506.845780885318,-0.278823631992875,0.230734672069054,-1.20841670431494,0.226887017677207,0.905879205014063
"ENSG00000204842",308.88548873877,-0.291211462931656,0.240899621703634,-1.20884981417662,0.226720549711755,0.905879205014063
"ENSG00000066926",128.285175008791,-0.380103242898974,0.314764754605037,-1.20757879444261,0.227209319976666,0.906105365989687
"ENSG00000162298",424.42482946357,-0.28792607801148,0.238462278782288,-1.20742819150173,0.227267284035772,0.906105365989687
"ENSG00000154553",474.906603696621,0.381137503595226,0.315897899557658,1.20652117069762,0.227616601137193,0.906423480905128
"ENSG00000213169",198.41290971894,-0.318738358394472,0.264110735047848,-1.20683605812814,0.227495286531117,0.906423480905128
"ENSG00000174851",130.791002306347,-0.355762118192977,0.295115782731641,-1.20550014268971,0.228010282974952,0.906948926588511
"ENSG00000198856",144.498231658831,0.343543905099554,0.284985264813436,1.20547953707169,0.228018232955868,0.906948926588511
"ENSG00000138771",422.304425115515,-0.285267067820899,0.236931175616022,-1.20400815586722,0.228586426242261,0.908671573821185
"ENSG00000112159",183.859907115902,0.341037617787099,0.283531520361202,1.20282082694946,0.229045663469226,0.909959322205559
"ENSG00000167548",703.372654633931,-0.26168277570283,0.217657625889779,-1.20226789497073,0.229259751475094,0.910272189150815
"ENSG00000138735",320.755861496261,0.298045171643847,0.248251201329021,1.20057897020539,0.229914562668523,0.91185593167117
"ENSG00000197601",235.914816176283,-0.312756030819033,0.260512843330821,-1.20053977692712,0.229929774028294,0.91185593167117
"ENSG00000142541",1146.34629055671,0.261559971884192,0.21796200475156,1.20002553739734,0.230129422582497,0.912109897636933
"ENSG00000117614",119.64283312593,0.356983533033641,0.29773069433954,1.19901488096665,0.230522159367812,0.912784987259159
"ENSG00000143499",150.609994663659,-0.358087514777718,0.298770969111744,-1.19853517174819,0.230708738974792,0.912784987259159
"ENSG00000148303",857.913151538964,0.269166761195947,0.2245934821976,1.19846203265654,0.230737195349171,0.912784987259159
"ENSG00000149084",247.608586071387,-0.307790434932703,0.256879231719657,-1.19819120009129,0.230842590444221,0.912784987259159
"ENSG00000122778",137.318958778632,-0.359233844466999,0.300029067770975,-1.19733013582943,0.231177902795693,0.913573780378279
"ENSG00000162430",734.594092098877,-0.269032707340868,0.224963906403556,-1.19589276182935,0.231738410126518,0.915251054909547
"ENSG00000225630",604.031059139475,0.272059539667515,0.227592539761086,1.19537986593544,0.231938648483781,0.915504313205348
"ENSG00000172932",138.772659573144,0.354838386166114,0.29718441748528,1.19400064501595,0.232477715741535,0.917093909722911
"ENSG00000144597",121.637550028767,-0.359775018650172,0.301735607451332,-1.19235187947846,0.233123300189075,0.919101592656341
"ENSG00000196557",387.013045416932,0.379198441896788,0.318380405906029,1.19102317498995,0.233644487122464,0.920616766482538
"ENSG00000077097",610.874187429195,-0.270210032650963,0.227241292481917,-1.18908861017179,0.234404799885188,0.921150669694194
"ENSG00000117298",964.919191569909,-0.264395887985761,0.222365688616989,-1.18901387003625,0.234434208994273,0.921150669694194
"ENSG00000130363",105.979692266761,-0.372860855971691,0.313555787996538,-1.18913721336188,0.234385676669893,0.921150669694194
"ENSG00000175166",548.761467277799,-0.289991474509088,0.243753212543161,-1.18969293361719,0.23416710377502,0.921150669694194
"ENSG00000184867",187.851630777532,0.318796715032285,0.268136088972133,1.18893624597254,0.234464755652165,0.921150669694194
"ENSG00000141429",355.236886652305,-0.28416320867148,0.23908824186068,-1.1885285803267,0.2346252267127,0.921243009264227
"ENSG00000113580",212.140168574365,-0.316070284147797,0.266329041177902,-1.18676612490287,0.235319884148776,0.921612945648183
"ENSG00000119523",197.962946178112,-0.321301613905726,0.270718058106661,-1.18684958126855,0.235286957703721,0.921612945648183
"ENSG00000143344",112.65774910798,0.376663811823594,0.317537013794009,1.18620442802281,0.235541577991262,0.921612945648183
"ENSG00000167232",110.680306340359,-0.365688872608302,0.30820114596471,-1.18652664792549,0.235414384269267,0.921612945648183
"ENSG00000183401",214.633126284328,-0.318619017433818,0.268285639409283,-1.18761115255875,0.234986641938679,0.921612945648183
"ENSG00000250321",146.561780232073,0.366615584233588,0.308710011908838,1.18757270607035,0.235001796305279,0.921612945648183
"ENSG00000172809",468.904099091772,0.270262966510683,0.228006152431729,1.18533190279419,0.235886244448292,0.922108230464658
"ENSG00000173786",392.432536834682,-0.293092427029925,0.247295741171038,-1.18518994966117,0.235942352754933,0.922108230464658
"ENSG00000198763",12053.4912994936,0.243263481024401,0.205354322279537,1.18460365637331,0.236174190694644,0.92247828490835
"ENSG00000163251",145.137209902768,-0.351321876003814,0.296752912920844,-1.18388686583011,0.236457850004606,0.922529375624175
"ENSG00000178974",147.736828385184,-0.338829019293053,0.286202788107631,-1.1838774231844,0.236461588399655,0.922529375624175
"ENSG00000170889",644.150794039862,0.266770446811109,0.22545219242713,1.18326836363471,0.236702806692319,0.922935117572484
"ENSG00000134453",201.256327584366,0.312221413124139,0.263971348743813,1.18278523260171,0.236894274627717,0.923146518624581
"ENSG00000213866",144.650605490924,0.337162296704438,0.285198847658785,1.18220076789308,0.237126048035907,0.923514649154321
"ENSG00000108021",206.140461922085,-0.316437156176125,0.267810009825547,-1.18157329661522,0.237375054304942,0.923949430124445
"ENSG00000069702",134.58320692579,0.357112636513828,0.302525710105413,1.18043731354071,0.237826328715337,0.924705256434608
"ENSG00000141480",115.871081164878,0.38182353682577,0.323566491381546,1.18004659628221,0.237981682855829,0.924705256434608
"ENSG00000157106",336.130196960307,-0.286272631613475,0.242571611040638,-1.18015719310829,0.237937700884913,0.924705256434608
"ENSG00000114026",124.578071690939,-0.349725003286679,0.296471274442879,-1.17962525692876,0.238149293017646,0.924822254524644
"ENSG00000080546",180.700202664539,-0.325708496822139,0.276251203053796,-1.17903014800161,0.238386171244384,0.925207956024079
"ENSG00000025039",110.590837664379,-0.358579695843304,0.305753740345869,-1.17277288394797,0.240886894823302,0.926945272082409
"ENSG00000042493",128.444050400196,0.362036501088012,0.308548355469922,1.17335417502591,0.240653805613104,0.926945272082409
"ENSG00000047648",396.970555106242,-0.284530624135033,0.242624577081853,-1.17271971189894,0.240908223970959,0.926945272082409
"ENSG00000074842",279.809608459254,-0.300453166864576,0.255951398555742,-1.17386804119823,0.240447885148233,0.926945272082409
"ENSG00000100216",124.76167034092,0.377059146101259,0.32200213586428,1.17098336968853,0.241605461875525,0.926945272082409
"ENSG00000105699",267.30747950844,-0.289809414779776,0.247556736008405,-1.17067876823976,0.241727922573974,0.926945272082409
"ENSG00000123240",198.419220744534,0.324966222027783,0.277297000653729,1.17190673271501,0.241234503680189,0.926945272082409
"ENSG00000123636",144.039172453602,-0.343766137909369,0.29353309071784,-1.17113248482031,0.24154552817157,0.926945272082409
"ENSG00000124222",313.227235385298,0.286487051082333,0.243477881122948,1.176645080699,0.239337196518275,0.926945272082409
"ENSG00000136603",204.836597846296,-0.334400203452974,0.28553302222116,-1.17114371168587,0.241541016191749,0.926945272082409
"ENSG00000136816",166.385372500377,-0.343451048981937,0.292900348263255,-1.17258668696852,0.240961590696897,0.926945272082409
"ENSG00000137713",115.653502140998,-0.360479297933847,0.306508180310616,-1.17608377554079,0.239561400603133,0.926945272082409
"ENSG00000163428",138.668382061255,-0.349565552023046,0.296946302158523,-1.17720122958943,0.239115198014367,0.926945272082409
"ENSG00000168300",333.980355828071,-0.307120491874282,0.261361567784944,-1.17507900827634,0.239963108048138,0.926945272082409
"ENSG00000182827",253.301371529835,-0.29334751926401,0.249496376085813,-1.17575863772512,0.239691339257241,0.926945272082409
"ENSG00000182871",291.694321131264,0.299721082558348,0.254886573485944,1.17589984619129,0.239634900352192,0.926945272082409
"ENSG00000184014",271.577839054532,0.295778233139951,0.25178607354175,1.17472038456848,0.240106601251729,0.926945272082409
"ENSG00000197442",289.338034774309,-0.298961856899881,0.25495356866962,-1.17261295246778,0.240951052886898,0.926945272082409
"ENSG00000198938",18354.3263621141,0.232647951546962,0.198201310931462,1.17379622997252,0.240476654438754,0.926945272082409
"ENSG00000217027",527.593888625837,-0.286279059357999,0.243328224773438,-1.17651398486366,0.239389547336775,0.926945272082409
"ENSG00000242294",115.770165179751,-0.36298418901536,0.309851561765529,-1.17147768094853,0.241406823973561,0.926945272082409
"ENSG00000224578",125.544405846778,0.349525735506987,0.298770636404472,1.16987981052396,0.242049339743385,0.927648922572086
"ENSG00000064601",247.247535330027,0.311032815584072,0.267055991054862,1.16467267540228,0.244151513574692,0.928254148880042
"ENSG00000069535",501.897494229325,0.809570952178242,0.695879022256065,1.16337887231258,0.244675817728799,0.928254148880042
"ENSG00000089157",936.5325696354,0.252250780666283,0.216294210792166,1.16623916905787,0.243517760129566,0.928254148880042
"ENSG00000115183",370.07452806935,-0.325490329939904,0.279313062668825,-1.16532440992862,0.243887701987811,0.928254148880042
"ENSG00000116574",221.78709885407,-0.329943893904509,0.28365011757231,-1.16320732291041,0.244745396152623,0.928254148880042
"ENSG00000130147",435.985947231712,-0.302663792176805,0.259700758526668,-1.1654328385249,0.243843831280577,0.928254148880042
"ENSG00000134982",107.935439406141,-0.378357874332553,0.324477965601855,-1.16605105567264,0.243593803689285,0.928254148880042
"ENSG00000143183",211.964524401667,-0.320681224963285,0.275298875716157,-1.16484756477509,0.244080701523711,0.928254148880042
"ENSG00000144218",224.423516045306,-0.850211123377782,0.727356314642113,-1.16890594920609,0.242441526331852,0.928254148880042
"ENSG00000144228",132.416579008372,-0.352323524023099,0.301931373672833,-1.16689935112497,0.243251017998399,0.928254148880042
"ENSG00000147676",327.043354014908,-0.286837373463647,0.245486498781127,-1.16844459832957,0.242627474241113,0.928254148880042
"ENSG00000162817",212.890702300641,-0.374995375490306,0.32210951352857,-1.16418596700977,0.2443486559114,0.928254148880042
"ENSG00000165125",876.119314380171,-0.353926377584107,0.304165622873015,-1.16359756319953,0.244587139404436,0.928254148880042
"ENSG00000166840",188.426631558101,-0.392244157792472,0.337264777638555,-1.16301548160134,0.244823221182162,0.928254148880042
"ENSG00000168243",221.842615356333,-0.902639168862451,0.773894611269778,-1.16635928938881,0.243469211027488,0.928254148880042
"ENSG00000169439",460.712561901774,0.295043786308764,0.253204303166266,1.16524001614232,0.243921851937279,0.928254148880042
"ENSG00000198836",174.842291277484,-0.319886034961552,0.273905340625006,-1.16787074772484,0.242858905194095,0.928254148880042
"ENSG00000224781",145.136380811724,-0.333824845879408,0.287037666919125,-1.16300013675022,0.24482944693922,0.928254148880042
"ENSG00000241431",168.788600936217,0.376356665337392,0.3224341499531,1.16723574532082,0.243115179184321,0.928254148880042
"ENSG00000013392",178.295643817821,-0.35471383352072,0.305259380035876,-1.16200797328171,0.245232226212664,0.928734208055392
"ENSG00000163472",272.406742463615,-0.362124590192185,0.311619424525705,-1.16207322680013,0.245205721582624,0.928734208055392
"ENSG00000001167",136.025798243295,-0.333477043822877,0.287903561000806,-1.15829426584252,0.246743970624141,0.929097232059885
"ENSG00000050748",221.502615770933,-0.298573081641684,0.2573833457327,-1.16003263844336,0.246035517847788,0.929097232059885
"ENSG00000079616",194.936785649797,-0.330051494949932,0.285393654113377,-1.15647804424836,0.247485675122023,0.929097232059885
"ENSG00000090861",582.834914463632,-0.256879213516806,0.222279346349027,-1.15565938867505,0.247820505700551,0.929097232059885
"ENSG00000092094",162.411698819405,0.320700731417962,0.277262523326698,1.15666815540044,0.247407964893319,0.929097232059885
"ENSG00000095380",329.005845388719,-0.323597047752252,0.27963251036924,-1.15722255371866,0.247181445448723,0.929097232059885
"ENSG00000100600",335.682560386582,-0.280668023402767,0.242736126661712,-1.15626803172121,0.247571540142039,0.929097232059885
"ENSG00000104093",116.221092264595,-0.350112565817872,0.301826348399156,-1.15998012656887,0.246056897519884,0.929097232059885
"ENSG00000119471",148.994286532792,-0.33089119469526,0.286209561264679,-1.15611509703989,0.247634081626732,0.929097232059885
"ENSG00000126773",210.672802635571,-0.306003628625441,0.264288385941139,-1.15783986320758,0.246929392317268,0.929097232059885
"ENSG00000138385",163.177658492948,0.319152572722914,0.276082799913653,1.15600310060146,0.24767988874037,0.929097232059885
"ENSG00000146676",228.989539104784,-0.304349034572479,0.263197498117287,-1.15635230862587,0.247537080463447,0.929097232059885
"ENSG00000153094",113.36177137083,-0.356982056347265,0.308745291609698,-1.15623481895408,0.247585121312684,0.929097232059885
"ENSG00000160111",303.21431473973,0.345478178373704,0.297608001522472,1.16084976414056,0.245703001275163,0.929097232059885
"ENSG00000160294",363.207715770665,-0.273122737442218,0.235743412944544,-1.15855935922361,0.246635842760036,0.929097232059885
"ENSG00000163558",239.080458628772,-0.296300602178783,0.255364446565821,-1.16030483555357,0.245924716451846,0.929097232059885
"ENSG00000163814",165.146028439909,-0.319035227046879,0.275623090461353,-1.15750544162632,0.247065917362624,0.929097232059885
"ENSG00000175826",152.627054024212,0.327466505248647,0.283243163721014,1.15613207022073,0.247627140026855,0.929097232059885
"ENSG00000196531",849.521812320815,0.249113993949118,0.215620290868805,1.15533650819853,0.247952651137005,0.929097232059885
"ENSG00000214176",115.011230931794,-0.357026266911724,0.309182817354734,-1.15474161845837,0.248196251033539,0.929492196242529
"ENSG00000175582",309.357567377332,-0.284014059638304,0.246050098624184,-1.15429362242242,0.248379810295024,0.929661994459838
"ENSG00000185442",329.355259041668,-0.298553439985289,0.258964895953805,-1.15287224118031,0.248962827250141,0.931325904385123
"ENSG00000002586",553.777504550551,0.261017027249661,0.226489169375088,1.15244816328233,0.249136959146815,0.931459248038619
"ENSG00000003989",233.720359277096,-0.302791144137808,0.26344179734931,-1.14936637687877,0.250404938323422,0.931943280148629
"ENSG00000006114",266.346634700114,-0.284479950087349,0.247313470395957,-1.15028085462505,0.250028213647469,0.931943280148629
"ENSG00000130811",306.210847074693,0.282811682068609,0.246028237389034,1.14950903632013,0.250346142819509,0.931943280148629
"ENSG00000136205",261.949865963819,0.330698025204872,0.287264824575734,1.15119568047806,0.249651741863657,0.931943280148629
"ENSG00000167930",111.795179875239,-0.352176953852986,0.306184197869722,-1.15021270301753,0.250056275457187,0.931943280148629
"ENSG00000174606",130.585736568845,-0.338712906482895,0.294637901501138,-1.14959041167888,0.250312609187608,0.931943280148629
"ENSG00000177674",226.417628795827,-0.31356742960519,0.272784790024959,-1.14950481504669,0.250347882432047,0.931943280148629
"ENSG00000198947",159.229258261363,0.362794561263361,0.315719750576345,1.14910315430404,0.250513447890086,0.931943280148629
"ENSG00000251322",108.318926733969,0.353295258967283,0.307317157825118,1.14961124028203,0.250304026519691,0.931943280148629
"ENSG00000083444",308.29623202532,-0.282864180044986,0.246613461749811,-1.14699407744396,0.251384068687781,0.93311768542716
"ENSG00000121691",305.459344026147,-0.293334038869655,0.255724338138633,-1.14707126042353,0.251352170613631,0.93311768542716
"ENSG00000174238",618.113044829719,-0.256817093868855,0.223847559055789,-1.14728565704328,0.251263579894418,0.93311768542716
"ENSG00000183878",117.913699127789,-0.346350414069662,0.301725439596044,-1.14789927734752,0.251010146572935,0.93311768542716
"ENSG00000089289",141.69745586913,0.331160383885283,0.288904669546848,1.1462617908001,0.251686847598631,0.933211541867913
"ENSG00000196104",196.028767717454,0.31181290505721,0.27200732993335,1.1463400825765,0.251654464122416,0.933211541867913
"ENSG00000004468",215.101656415748,-1.25955293270638,1.10053803265078,-1.14448832783415,0.252421175798211,0.934170581382294
"ENSG00000159346",346.788095354118,-0.273923934319406,0.239304115622298,-1.14466871414677,0.252346416067183,0.934170581382294
"ENSG00000183323",167.540760732667,-0.313724629327258,0.273930751278768,-1.14526984598379,0.252097392983152,0.934170581382294
"ENSG00000229117",155.855455502608,0.32048477569115,0.280071661030881,1.14429562245433,0.252501058125634,0.934170581382294
"ENSG00000145555",356.301366166636,-0.290389029803498,0.254127417437428,-1.14269067356732,0.253167043413198,0.936119589882996
"ENSG00000184897",225.230632158869,-0.313276098367702,0.274350578518867,-1.14188240483757,0.25350290326875,0.936846443618468
"ENSG00000162736",373.782193534697,-0.304442650859537,0.266696525754796,-1.14153212156744,0.253648552773315,0.936869942862885
"ENSG00000101608",478.866820902314,0.273740407060067,0.240028509872986,1.14044955411722,0.254099057866981,0.937504258482346
"ENSG00000135966",180.420119562386,-0.327594834723237,0.287190657005127,-1.14068764680388,0.253999929036764,0.937504258482346
"ENSG00000133477",205.634583179952,0.32293235427156,0.283321666810184,1.13980818307099,0.254366223784336,0.937715422143009
"ENSG00000138356",182.006466550138,0.860843635461332,0.755362640852877,1.1396428535165,0.254435124206213,0.937715422143009
"ENSG00000104177",155.268962320775,-0.318978929500848,0.280365968065689,-1.13772342521298,0.255235988658031,0.937969880099451
"ENSG00000151376",131.009301261516,-0.334037560100043,0.293364449676255,-1.1386436238906,0.254851825485551,0.937969880099451
"ENSG00000172201",113.956925457577,0.383112077236647,0.336577150809228,1.13825931533241,0.255012217120313,0.937969880099451
"ENSG00000186716",187.543064125422,-0.301770489106377,0.265189885912131,-1.13794117022384,0.255145048454878,0.937969880099451
"ENSG00000214182",181.257430051279,0.313519195369108,0.275461732220294,1.1381588028292,0.255054177710388,0.937969880099451
"ENSG00000224094",305.29345511601,0.289463412270819,0.254479524156537,1.13747231031744,0.255340893616131,0.937969880099451
"ENSG00000064961",352.827193323659,-0.2952421687022,0.260502654337121,-1.13335570208863,0.257064908745033,0.938790170652116
"ENSG00000066455",238.635425783012,-0.291098930927324,0.257138671907202,-1.13206982352456,0.257605080436671,0.938790170652116
"ENSG00000069956",181.131854216466,-0.332774921327186,0.294242409839187,-1.13095498881028,0.258074036899247,0.938790170652116
"ENSG00000104695",213.331335173967,0.301451028167514,0.2657587425354,1.13430333576838,0.256667330410433,0.938790170652116
"ENSG00000110911",379.97192299614,0.276562552327433,0.244487713098015,1.13119202933752,0.257974276018092,0.938790170652116
"ENSG00000114446",257.867766938836,-0.311637067027233,0.274623958745483,-1.13477741873226,0.256468589890907,0.938790170652116
"ENSG00000120837",121.048457868281,0.343352906047034,0.303921118361895,1.12974349363306,0.258584324515495,0.938790170652116
"ENSG00000136044",343.844283694793,-0.284966278497866,0.250877371811682,-1.13587876196253,0.256007307896348,0.938790170652116
"ENSG00000140326",104.160002125589,-0.356807796353926,0.315722784647906,-1.13013001817983,0.258421442600672,0.938790170652116
"ENSG00000140743",122.618895172345,0.354187763536703,0.313108701827917,1.1311974450693,0.25797199706563,0.938790170652116
"ENSG00000145725",140.813021351926,-0.323383053873463,0.28518084033872,-1.13395785456474,0.256812227068264,0.938790170652116
"ENSG00000146963",241.011921088181,-0.288971683109844,0.254855891945167,-1.13386306631678,0.256851991690014,0.938790170652116
"ENSG00000156398",139.991852095419,-0.337745378862332,0.298989317913905,-1.12962356387457,0.258634877522803,0.938790170652116
"ENSG00000160325",112.237696554279,-0.351458204575141,0.310270801326441,-1.13274662995235,0.25732066961095,0.938790170652116
"ENSG00000163406",265.463997829073,0.411154524813112,0.363075725072862,1.13242085994761,0.257457539027087,0.938790170652116
"ENSG00000171130",265.437447995788,-0.309037798780753,0.272428148520456,-1.13438277380337,0.25663402170297,0.938790170652116
"ENSG00000172534",391.952254047797,-0.269734779233641,0.238155074810057,-1.13260143395546,0.257381666200196,0.938790170652116
"ENSG00000178573",166.511093102426,0.315632331053289,0.279270159275627,1.13020428631537,0.258390154065285,0.938790170652116
"ENSG00000182372",145.642649638838,-0.342371091012696,0.302713142051066,-1.13100834900303,0.258051577394612,0.938790170652116
"ENSG00000182541",283.536745256706,0.292645605598462,0.258613458685267,1.13159464741784,0.257804891459035,0.938790170652116
"ENSG00000211459",2453.1319355196,0.234766423671674,0.207798329171157,1.12978013157317,0.25856888219091,0.938790170652116
"ENSG00000219391",131.542874856006,-0.331008310205989,0.292381001537392,-1.1321129227463,0.257586962577454,0.938790170652116
"ENSG00000068650",332.291899791853,-0.361169712283785,0.320423796999305,-1.12716257552047,0.259673750339889,0.938798722609803
"ENSG00000084754",402.484421393525,0.263849996067716,0.233644825318876,1.12927814989104,0.258780515317288,0.938798722609803
"ENSG00000101745",158.683173716085,-0.334086198608392,0.296423654130591,-1.12705647458623,0.259718604285476,0.938798722609803
"ENSG00000102763",113.22295119725,-0.35035278228574,0.310833855633856,-1.12713842438848,0.259683959708347,0.938798722609803
"ENSG00000168653",176.084938218612,0.308976714296502,0.27387689764636,1.12815909976994,0.259252733576794,0.938798722609803
"ENSG00000172725",437.228591295659,-0.27098057618268,0.240150777673701,-1.12837684228059,0.259160803563586,0.938798722609803
"ENSG00000204385",1757.28478037086,-0.236859639940506,0.210173286087703,-1.12697310086148,0.259753854114904,0.938798722609803
"ENSG00000214223",110.618343531759,0.344512277655807,0.305444518840155,1.12790459938191,0.259360211244308,0.938798722609803
"ENSG00000115935",151.221184513068,0.353581132139292,0.31422650318088,1.12524286958621,0.260486131546664,0.939505377774103
"ENSG00000139514",348.63470090227,-0.289787150021805,0.257345823408021,-1.12606121282314,0.260139610260208,0.939505377774103
"ENSG00000148943",138.782303681692,-0.321636895291758,0.285814208671089,-1.12533556951989,0.260446862425429,0.939505377774103
"ENSG00000163625",258.843159799193,-0.279894816438535,0.248753160250596,-1.12519099719805,0.260508107277535,0.939505377774103
"ENSG00000105329",108.719937907311,0.356625126020674,0.317899834673373,1.12181601600105,0.26194067502292,0.941339818820569
"ENSG00000122705",255.677243034017,0.302597545705457,0.269752552861651,1.12175971087344,0.261964620758424,0.941339818820569
"ENSG00000137491",111.969368507704,0.38452309762078,0.342732106130389,1.12193486032643,0.261890137259632,0.941339818820569
"ENSG00000143742",300.876276193043,-0.275295615730167,0.245068446879269,-1.12334174079044,0.261292382608526,0.941339818820569
"ENSG00000167306",231.513175920225,-0.287311295003975,0.255998733945496,-1.12231529654809,0.261728404579577,0.941339818820569
"ENSG00000167702",132.318767950299,-0.341857332581816,0.304846571340552,-1.1214078317447,0.262114303994695,0.941339818820569
"ENSG00000196208",951.967007799258,-0.918826528680524,0.81938887064605,-1.12135588070176,0.262136408065853,0.941339818820569
"ENSG00000225151",161.814053263215,0.319438671342991,0.284863922763719,1.1213728584646,0.262129184244817,0.941339818820569
"ENSG00000067560",1030.13009669146,0.237600214508357,0.211968449969091,1.12092254551563,0.262320833201491,0.941499425887529
"ENSG00000089022",114.675292272128,-0.337686057146949,0.301765546899702,-1.11903449753058,0.263125422133068,0.943427993163008
"ENSG00000111300",125.801229218264,-0.328432743771998,0.293504696763446,-1.11900336653455,0.263138702820964,0.943427993163008
"ENSG00000100320",463.506443236479,0.271664611870758,0.243710417713024,1.11470249987692,0.264977929410482,0.944627636995313
"ENSG00000106853",222.854223123863,-0.305109438519396,0.273215966393,-1.116733558977,0.264108264489639,0.944627636995313
"ENSG00000110651",1464.4404404594,0.241615296764448,0.216869466956973,1.11410472001753,0.265234263980695,0.944627636995313
"ENSG00000122126",333.145488859189,-0.273220507754798,0.244659286582373,-1.11673875768786,0.264106041018597,0.944627636995313
"ENSG00000129292",166.784815486168,-0.305601847097379,0.274213505549493,-1.11446679653866,0.265078981199902,0.944627636995313
"ENSG00000143190",122.09329734716,-0.330704229327663,0.296848802910948,-1.11404939512884,0.265257996534315,0.944627636995313
"ENSG00000149418",593.261799675684,-0.247249735549349,0.222020337615931,-1.11363552638616,0.265435578985058,0.944627636995313
"ENSG00000158715",3754.74480418202,-0.85917384791178,0.770508107270826,-1.11507437728983,0.264818550444807,0.944627636995313
"ENSG00000159388",1046.91351045231,0.253703758728412,0.227750901422057,1.11395281926134,0.265299427903565,0.944627636995313
"ENSG00000162378",124.495712618822,-0.344894735165973,0.308532070740155,-1.11785700053348,0.263628072328041,0.944627636995313
"ENSG00000163191",451.497567538882,0.278565600117452,0.250017426421658,1.11418473545779,0.265199942581955,0.944627636995313
"ENSG00000164949",145.925847498615,0.382040233580092,0.343059625334378,1.11362633596921,0.26543952333053,0.944627636995313
"ENSG00000197122",333.356967488849,0.274410242903205,0.246312349382147,1.11407423781853,0.265247339658361,0.944627636995313
"ENSG00000264281",103.961945024887,0.346860663759851,0.310700166359421,1.11638390099411,0.264257841657827,0.944627636995313
"ENSG00000096401",142.681619449263,-0.316338105370198,0.284483282176676,-1.11197432393844,0.266149190172951,0.945019926774619
"ENSG00000120256",296.743226075897,-0.273136901303568,0.245757545337891,-1.11140799737413,0.266392771508278,0.945019926774619
"ENSG00000166145",667.881679472708,-0.244109602349042,0.219377688711462,-1.11273668613634,0.265821534579621,0.945019926774619
"ENSG00000168615",548.841277422245,-0.268995497534565,0.241813012184136,-1.11241117715258,0.265961401070758,0.945019926774619
"ENSG00000180155",104.030088836115,0.352148608746918,0.316820269835809,1.1115090866169,0.2663492810171,0.945019926774619
"ENSG00000253352",617.476422166259,-0.252946073273838,0.227486196688712,-1.11191833595057,0.266173264198769,0.945019926774619
"ENSG00000145016",132.700823773641,0.327542740489062,0.294867981278357,1.11081148610659,0.266649501355147,0.9453287485922
"ENSG00000260260",109.457783830399,0.370701464536457,0.333799068801842,1.11055272223219,0.266760922513826,0.9453287485922
"ENSG00000173757",361.992057729338,0.268383758113392,0.241740018015192,1.11021650580222,0.266905741811509,0.945343875420859
"ENSG00000145734",103.754614312106,-0.349419910246204,0.31488583650137,-1.10967172778724,0.267140510113488,0.945643529991148
"ENSG00000168010",149.264123875162,0.313828280618409,0.282896716125796,1.10933871879538,0.267284087938155,0.945643529991148
"ENSG00000174106",103.621554083487,-0.344535473948909,0.310751788943824,-1.10871597914177,0.267552726371269,0.945643529991148
"ENSG00000197226",693.160213278206,-0.240780251328899,0.21716684899301,-1.10873391793169,0.267544985311926,0.945643529991148
"ENSG00000109320",218.581352245779,0.295113217152253,0.266398774970739,1.10778744078184,0.267953625330292,0.946033403702301
"ENSG00000170871",238.599750298374,-0.296907531771077,0.268092087780558,-1.1074833809124,0.268084993674782,0.946033403702301
"ENSG00000176393",266.178071786547,-0.282454948319502,0.254936936640578,-1.10794046575416,0.267887527990294,0.946033403702301
"ENSG00000111057",503.377366509503,-0.259819825178608,0.234887714880447,-1.10614480331954,0.268663849116893,0.947082310880621
"ENSG00000139636",179.643392261645,0.301406681748815,0.272472499386337,1.10619120251637,0.26864376986633,0.947082310880621
"ENSG00000102054",403.653377337796,0.263860649221808,0.238694364304587,1.1054330921911,0.2689719712265,0.947175643177718
"ENSG00000144655",280.318857754913,0.298892199948272,0.270336425508442,1.1056305097847,0.268886478644163,0.947175643177718
"ENSG00000101849",272.386705203368,0.30151674403869,0.272932123971789,1.10473160744485,0.269275903322121,0.947289932284226
"ENSG00000112658",433.108647088094,0.264978045031518,0.24022477217716,1.10304213270771,0.270008868735363,0.947289932284226
"ENSG00000153250",153.88219673223,0.324130969290694,0.293654271625083,1.10378428175743,0.269686724816708,0.947289932284226
"ENSG00000156482",887.66495898294,0.251654968072099,0.22827044489199,1.10244218515093,0.270269480227398,0.947289932284226
"ENSG00000168824",166.783692620385,-0.358550219446153,0.325104087731335,-1.10287822570369,0.270080051255703,0.947289932284226
"ENSG00000213741",303.36886250517,0.273774158180279,0.247864290320926,1.10453247551636,0.269362224091711,0.947289932284226
"ENSG00000226976",149.499740596252,-0.322582419285203,0.292608638526063,-1.10243641783826,0.27027198632968,0.947289932284226
"ENSG00000231767",142.9235776862,0.331483367816471,0.30039200607749,1.10350262693395,0.269808951392619,0.947289932284226
"ENSG00000243547",389.51937881203,-0.271554468914339,0.245948878164368,-1.10410940249485,0.269545683066646,0.947289932284226
"ENSG00000130304",152.42494160951,0.319866013105871,0.290487900189366,1.10113368886399,0.270838476690358,0.947367816683454
"ENSG00000136485",539.259943120237,-0.251295068984686,0.228133605755693,-1.10152587187789,0.270667850761602,0.947367816683454
"ENSG00000163069",125.136037940269,0.333488761183449,0.303055490321662,1.10042144700789,0.271148538159091,0.947367816683454
"ENSG00000165672",390.770330806821,-0.256773192916123,0.233215634435425,-1.10101191773753,0.270891470296029,0.947367816683454
"ENSG00000166821",151.817608687283,-0.364029310677213,0.330792723495393,-1.10047556920424,0.271124968516024,0.947367816683454
"ENSG00000168172",208.320672947914,-0.288871761730712,0.262582226829521,-1.10011924728729,0.271280168738081,0.947367816683454
"ENSG00000182934",1056.92265595732,-0.231851681849559,0.210494230560301,-1.10146335713054,0.27069504393438,0.947367816683454
"ENSG00000004478",451.910849262013,-0.263045012093752,0.239502115997301,-1.09829932398892,0.272073807013329,0.949646303047044
"ENSG00000011485",157.581163172159,-0.307646386639723,0.280305035752516,-1.09754141881114,0.272404785164235,0.950032446128879
"ENSG00000091317",392.596436354004,-0.26600935173003,0.242511792646423,-1.0968924390323,0.272688414353998,0.950032446128879
"ENSG00000114841",165.07882002853,-0.307202621913519,0.2799772151691,-1.09724150848481,0.272535832441548,0.950032446128879
"ENSG00000198876",179.292185583807,-0.295187423001433,0.269146701246156,-1.09675289213915,0.272749428111042,0.950032446128879
"ENSG00000007047",107.062122485668,-0.354302579452997,0.323639649276626,-1.09474404710581,0.273628785633207,0.950340175145575
"ENSG00000008710",416.733311313444,0.272447784099984,0.251134510807957,1.08486795870252,0.277980140981341,0.950340175145575
"ENSG00000063046",676.752489067525,0.23639011027552,0.21744996112326,1.08710118435719,0.276992094501467,0.950340175145575
"ENSG00000074800",905.516233506779,0.230612157130802,0.213110015126198,1.08212726180063,0.279195983658587,0.950340175145575
"ENSG00000077809",533.157860025322,-0.247026649520829,0.226803613964169,-1.08916540262826,0.276080952717822,0.950340175145575
"ENSG00000078369",1348.43864383764,-0.230434881748426,0.21153996814415,-1.08932077361097,0.276012455091731,0.950340175145575
"ENSG00000086232",510.876244951507,-0.251433567591218,0.230936712394375,-1.08875529137109,0.276261812095762,0.950340175145575
"ENSG00000087088",108.691163388131,0.334588607917015,0.30810046495057,1.08597242127075,0.277491193886046,0.950340175145575
"ENSG00000096746",519.972651502123,0.248492986039887,0.229573597933327,1.08241099271378,0.279069945876966,0.950340175145575
"ENSG00000100883",245.45468107627,-0.274045809822126,0.251780128271486,-1.08843303760109,0.276403982925575,0.950340175145575
"ENSG00000102178",103.579017994197,-0.342905577286186,0.314458996660109,-1.09046197096668,0.275509696379289,0.950340175145575
"ENSG00000105202",260.509018912085,0.27000337497147,0.248634520638639,1.0859448409575,0.277503396592937,0.950340175145575
"ENSG00000107290",368.595151484849,-0.26106054261234,0.238444518841911,-1.09484815956463,0.273583163588179,0.950340175145575
"ENSG00000107929",387.621329311795,-0.255794051481012,0.23535072190324,-1.08686325417849,0.277097247954329,0.950340175145575
"ENSG00000108389",288.227269217895,-0.269561210227671,0.247175567578527,-1.09056575804982,0.275464003616301,0.950340175145575
"ENSG00000114439",248.780528526146,-0.278955341865906,0.256739799589627,-1.08652940569319,0.277244838439234,0.950340175145575
"ENSG00000115947",106.574418902027,-0.337220134836825,0.311127810946251,-1.08386368229577,0.278425244377593,0.950340175145575
"ENSG00000119522",109.248749977174,-0.334645195818903,0.307820405194158,-1.08714428989146,0.276973046882242,0.950340175145575
"ENSG00000119699",220.10103544715,0.391499003871584,0.35915099508457,1.09006799154043,0.275683194796074,0.950340175145575
"ENSG00000122779",162.042170159359,-0.334631207615059,0.305805577701614,-1.0942612954613,0.273840395203755,0.950340175145575
"ENSG00000128567",213.612848650545,0.293297058506071,0.270445700932926,1.08449517775405,0.278145303933231,0.950340175145575
"ENSG00000130338",166.232489126704,-0.304848859706394,0.28101677854634,-1.08480661291235,0.278007316030121,0.950340175145575
"ENSG00000137817",185.917672831437,0.313657620203606,0.286629998547365,1.09429446252387,0.273825853161771,0.950340175145575
"ENSG00000138772",279.820106286117,-0.270323259654492,0.24840886030354,-1.08821907287918,0.276498406710182,0.950340175145575
"ENSG00000139624",132.531488215761,0.320879350170536,0.295389519583635,1.08629226460989,0.277349708246352,0.950340175145575
"ENSG00000143653",276.483698826197,-0.281165155090983,0.259651847204027,-1.08285443804315,0.278873037924369,0.950340175145575
"ENSG00000145780",128.891635231719,-0.340680927529124,0.313272891977546,-1.08748933039997,0.27682061138288,0.950340175145575
"ENSG00000149527",152.657455377535,-0.311126879706065,0.285164014908008,-1.09104537543572,0.275252916920367,0.950340175145575
"ENSG00000154358",223.707367221618,0.287630838477679,0.265489923419465,1.08339644221914,0.278632494171856,0.950340175145575
"ENSG00000160710",1251.32875366825,-0.248397806269507,0.229304514016732,-1.08326609850943,0.278690328366817,0.950340175145575
"ENSG00000162885",105.651906955915,-0.337792160585779,0.310153765494282,-1.0891119121106,0.276104537496631,0.950340175145575
"ENSG00000163297",607.579639464351,0.29196532629409,0.268638340038834,1.08683416615768,0.277110105296473,0.950340175145575
"ENSG00000163848",167.978138983637,-0.301069899632195,0.275472333730813,-1.09292245633057,0.27442784762851,0.950340175145575
"ENSG00000166743",279.46865812865,-0.38064480032005,0.34982159704699,-1.08811120735041,0.276546016685687,0.950340175145575
"ENSG00000167074",131.676851488021,0.315895318489548,0.290900274033146,1.08592306947622,0.277513029482938,0.950340175145575
"ENSG00000167863",167.508770198314,0.301978903278345,0.278925902939383,1.08264919140182,0.278964164117714,0.950340175145575
"ENSG00000172660",771.657186486101,0.23865930785517,0.220164588410514,1.08400406068106,0.278362998403663,0.950340175145575
"ENSG00000175550",105.96804361129,0.352428177367295,0.325037966825248,1.08426772665844,0.278246110382224,0.950340175145575
"ENSG00000181704",332.655594176896,-0.262890764695214,0.241143761619743,-1.09018273136903,0.275632658631964,0.950340175145575
"ENSG00000186812",104.871517955363,-0.358169001176095,0.32690194220304,-1.09564659898421,0.273233460547635,0.950340175145575
"ENSG00000196091",478.336341521411,-1.27198551175553,1.17241277799926,-1.0849297582087,0.277952766773383,0.950340175145575
"ENSG00000198162",211.146854426057,-0.284837176029006,0.26279941408546,-1.08385772860354,0.278427884547313,0.950340175145575
"ENSG00000198752",547.071958500327,-0.249768780699874,0.229756191507586,-1.08710359037975,0.276991031296561,0.950340175145575
"ENSG00000230202",570.36026749431,0.2418047596575,0.222614714031724,1.08620295252829,0.277389211320084,0.950340175145575
"ENSG00000255717",154.891481796206,0.301387241421965,0.27844361164458,1.08239955530627,0.279075025806563,0.950340175145575
"ENSG00000135679",257.981339154422,-0.270470234974156,0.250288197631545,-1.08063519388286,0.27985942091459,0.952116573126725
"ENSG00000157500",176.089943433066,-0.296764378992238,0.274719464861238,-1.08024518445438,0.28003301227984,0.952225500805966
"ENSG00000107874",103.123533914703,0.33737231294506,0.312530036282253,1.07948764527827,0.280370398446026,0.952409747448469
"ENSG00000218208",166.860445307778,0.295894215171492,0.274049319168742,1.07971154998309,0.28027064899637,0.952409747448469
"ENSG00000065054",300.464093473013,-0.29642265793801,0.275945650704242,-1.074206667804,0.282730064583422,0.953056250340346
"ENSG00000075568",427.506556737562,-0.252317035424284,0.234927262621233,-1.07402194453305,0.282812846260758,0.953056250340346
"ENSG00000083845",808.807413445637,0.237581898308256,0.221074827083387,1.07466734880061,0.282523687080857,0.953056250340346
"ENSG00000104979",112.968593946514,0.32549785545694,0.302872589204106,1.07470225784476,0.282508052567358,0.953056250340346
"ENSG00000105792",116.230836719477,-0.430698262496915,0.401499349820314,-1.07272468234299,0.28339466260492,0.953056250340346
"ENSG00000109610",186.332505057546,0.293223832452168,0.273068088764713,1.07381215351319,0.282906881690673,0.953056250340346
"ENSG00000130881",129.625006796558,-0.316247971981589,0.293796616179993,-1.07641802037584,0.281740346645558,0.953056250340346
"ENSG00000133872",1191.4608592029,-0.231015407553984,0.214636641190533,-1.07630927446778,0.281788962190713,0.953056250340346
"ENSG00000134240",162.081925681362,-1.08551062802526,1.01092239974323,-1.07378234798336,0.282920243255922,0.953056250340346
"ENSG00000158615",277.232185888093,-0.278233727045325,0.258909381247731,-1.0746374878518,0.282537061198288,0.953056250340346
"ENSG00000168118",210.474684010506,-0.279647675851914,0.260590789872481,-1.07312954532568,0.283212996384772,0.953056250340346
"ENSG00000169221",160.365106750662,0.297528229216942,0.277323330316722,1.07285683060688,0.283335357632918,0.953056250340346
"ENSG00000170185",115.579202122309,-0.328835670598884,0.305456316965242,-1.076539106691,0.281686220939116,0.953056250340346
"ENSG00000171298",544.264741185983,-0.247953707002744,0.230931817167071,-1.07370959118794,0.282952861303873,0.953056250340346
"ENSG00000180628",165.589774270477,-0.303860673228548,0.282079173869194,-1.07721767991796,0.281383028562106,0.953056250340346
"ENSG00000186184",208.77197957017,0.278156189805854,0.259291333791763,1.0727554436094,0.283380856935432,0.953056250340346
"ENSG00000196411",265.27416578861,0.269142738876132,0.249852208909323,1.07720776234486,0.281387458224039,0.953056250340346
"ENSG00000198001",107.574514322995,0.332038510080058,0.309241834990668,1.0737179531032,0.282949112392438,0.953056250340346
"ENSG00000210151",116.979724245769,0.335564538532771,0.312780849574584,1.07284233989765,0.283341860305327,0.953056250340346
"ENSG00000213995",181.414599655932,-0.297712000275466,0.276278686644144,-1.07757859968014,0.281221856751822,0.953056250340346
"ENSG00000131711",366.652843090601,0.278479379990844,0.259761992617961,1.07205591235362,0.283694919481527,0.95311290131506
"ENSG00000177030",117.380143934937,-0.321813123913739,0.300096996962324,-1.07236369297671,0.283556708829678,0.95311290131506
"ENSG00000087111",224.056668964255,-0.276142274212959,0.258204073189033,-1.06947295913025,0.284856607172986,0.954103404950449
"ENSG00000100201",4002.40376352855,-0.221904301531693,0.207442175564169,-1.06971642062754,0.284746972788165,0.954103404950449
"ENSG00000131323",155.055874461144,0.298121243048423,0.278910403714728,1.06887817405816,0.285124567937913,0.954103404950449
"ENSG00000132465",292.816109321446,-0.331781275006543,0.310000372573349,-1.07026089114793,0.284501892812765,0.954103404950449
"ENSG00000143761",1400.04915580897,-0.228090313990205,0.213165887245756,-1.07001320397594,0.284613365381922,0.954103404950449
"ENSG00000163435",408.468858744153,0.299044230465531,0.279702255889237,1.06915201493389,0.285001176810998,0.954103404950449
"ENSG00000164144",187.85243380682,-0.286908353340785,0.268297591137549,-1.06936611739348,0.284904728632285,0.954103404950449
"ENSG00000242071",519.621310568742,0.249530305337474,0.233038806574772,1.07076717824424,0.284274128269113,0.954103404950449
"ENSG00000061987",249.218815420144,-0.274078895391985,0.256562982797363,-1.06827139442971,0.285398108054478,0.954182459645446
"ENSG00000205060",142.281490251361,-0.308479655312527,0.288785518648189,-1.06819641357547,0.285431922213297,0.954182459645446
"ENSG00000015133",287.24488944948,-0.260179543985713,0.244670145694747,-1.06338900991344,0.287605574610908,0.955792119384688
"ENSG00000047188",161.521355456156,-0.299390128600102,0.280821715977465,-1.06612171198372,0.286368625951222,0.955792119384688
"ENSG00000073008",163.153402415385,-0.294178566044485,0.277013616495481,-1.06196428091211,0.28825190107083,0.955792119384688
"ENSG00000116747",144.928271126038,-0.302160128194127,0.283967948296877,-1.06406420163388,0.287299616504699,0.955792119384688
"ENSG00000118482",276.991024660664,-0.271574259769075,0.255030579462648,-1.06486939856893,0.286935034773707,0.955792119384688
"ENSG00000119711",270.932801396498,-0.280307326128833,0.263757022474611,-1.062748295757,0.287896112673735,0.955792119384688
"ENSG00000128000",111.977237404873,-0.324291486123636,0.305418449943322,-1.06179402777997,0.288329201640133,0.955792119384688
"ENSG00000141232",377.572665139847,-0.248602372904606,0.233938670924796,-1.06268182135875,0.287926267466796,0.955792119384688
"ENSG00000146223",289.757767576419,-0.259455234248597,0.244022354879883,-1.06324371132436,0.28767144431868,0.955792119384688
"ENSG00000148248",945.301889392238,-0.225320383800418,0.212028079464473,-1.06269124527995,0.287921992362157,0.955792119384688
"ENSG00000158850",113.498790943205,-0.35332024419674,0.331697173421362,-1.06518919215482,0.286790323478289,0.955792119384688
"ENSG00000167244",155.81026712172,0.342017858000286,0.321479825226325,1.06388591495439,0.287380384436157,0.955792119384688
"ENSG00000185024",135.081324455505,-0.306374551898031,0.288469256226449,-1.06207003098287,0.288203894066934,0.955792119384688
"ENSG00000196189",135.964353745337,-0.340421654690216,0.319315740497472,-1.06609731847187,0.286379651675213,0.955792119384688
"ENSG00000204253",235.641007725262,-0.27609149311791,0.259988778868195,-1.06193618939946,0.288264654586672,0.955792119384688
"ENSG00000211893",464.228577904073,-0.319186554142334,0.299981037053121,-1.06402243714429,0.287318535396739,0.955792119384688
"ENSG00000213862",191.344840830082,-0.292466206224597,0.274930589210142,-1.06378197880721,0.28742747695041,0.955792119384688
"ENSG00000100359",515.456702699054,-0.248985664585025,0.234896702053003,-1.05997939693867,0.289153972571746,0.956619172798244
"ENSG00000104388",651.545385433914,-0.234030075304583,0.220940092396274,-1.05924675221386,0.289487418131897,0.956619172798244
"ENSG00000111912",180.118902698388,0.372891804390274,0.352258993860846,1.05857284239442,0.289794360490557,0.956619172798244
"ENSG00000124795",249.263100314571,0.268996366421957,0.254205709859132,1.05818380936849,0.289971651153168,0.956619172798244
"ENSG00000125945",116.230954324098,0.319600566439245,0.301502885277027,1.06002490206881,0.289133270548458,0.956619172798244
"ENSG00000139644",2595.72230054771,-0.230664990744804,0.217905756159048,-1.05855391252925,0.289802985545026,0.956619172798244
"ENSG00000169689",142.706875732275,-0.315190092683948,0.297877595801003,-1.05811949984487,0.29000096540821,0.956619172798244
"ENSG00000169967",204.347033236234,-0.28050293004487,0.264893270483292,-1.05892810917053,0.289632521597635,0.956619172798244
"ENSG00000197858",267.731673708217,-0.262279020422461,0.247339082577862,-1.06040265731113,0.288961453799202,0.956619172798244
"ENSG00000198712",18533.0778143702,0.215077303058409,0.202791051329245,1.06058576869458,0.288878192880149,0.956619172798244
"ENSG00000021300",123.446896443741,-0.318764145748251,0.302450171740211,-1.05393937756482,0.291910673011828,0.956657587153486
"ENSG00000056558",103.889626969346,0.343192262707102,0.324770417737218,1.05672266919578,0.290638175941933,0.956657587153486
"ENSG00000115884",389.147078029004,0.275260688242262,0.261300617767505,1.05342532518303,0.292146102291594,0.956657587153486
"ENSG00000127603",904.953162003846,0.233616003719151,0.221324925608559,1.05553408897256,0.291181127368269,0.956657587153486
"ENSG00000135837",135.439445060547,-0.310544372403305,0.293607576589003,-1.05768514563236,0.290199009629406,0.956657587153486
"ENSG00000135940",206.1901804269,0.282826710231741,0.268428632118225,1.05363838425096,0.292048508546465,0.956657587153486
"ENSG00000137992",151.104460498058,-0.308943691458191,0.292622223250732,-1.0557765846563,0.291070298369284,0.956657587153486
"ENSG00000138496",345.271607289699,-0.312599236370622,0.296555101559443,-1.05410169889781,0.291836358450882,0.956657587153486
"ENSG00000144224",694.797583301912,-0.232667232667014,0.220367462849247,-1.05581481793517,0.291052827014383,0.956657587153486
"ENSG00000153291",205.045696544587,-0.276184153859157,0.262044481394198,-1.05395905454573,0.291901663745466,0.956657587153486
"ENSG00000171295",107.303931856352,-0.327517631925447,0.30985154356986,-1.05701468565253,0.2905048851554,0.956657587153486
"ENSG00000171385",241.309640968757,0.271570907635323,0.257462839356344,1.05479652253602,0.291518395381679,0.956657587153486
"ENSG00000197969",176.440045157784,-0.29354469997592,0.278235939137178,-1.05502078878169,0.291415817077056,0.956657587153486
"ENSG00000234825",177.504606121264,-0.285332760951511,0.269984843947837,-1.05684732809164,0.290581270410202,0.956657587153486
"ENSG00000256683",223.128265937215,-0.283284726435237,0.268777318715642,-1.05397556530781,0.291894104302412,0.956657587153486
"ENSG00000104343",106.688710034836,-0.336653373294952,0.319989246650104,-1.05207714577693,0.292764156671431,0.958000055778905
"ENSG00000161010",155.989339846648,0.296196877278292,0.281580108707401,1.05190980512789,0.29284093289941,0.958000055778905
"ENSG00000140497",288.259506629084,-0.256177689630262,0.243608237415087,-1.05159699174605,0.292984488558872,0.958003728753999
"ENSG00000107679",116.892156980649,0.343355013703648,0.326690238867652,1.05101093590601,0.293253567207752,0.958417635101721
"ENSG00000071859",242.78981827714,0.263857166640523,0.251446967148866,1.04935513691963,0.294014698140545,0.958513052265623
"ENSG00000088367",179.046951624954,0.295374527777542,0.282219304640321,1.04661347725304,0.295277883481173,0.958513052265623
"ENSG00000102878",191.280652124443,-0.307705098480155,0.293656586791546,-1.04783993385641,0.294712360322328,0.958513052265623
"ENSG00000105664",218.237909754276,0.845994444046794,0.808134532646584,1.04684852567334,0.295169445621216,0.958513052265623
"ENSG00000105669",271.438602265309,-0.261373574762163,0.248805283671038,-1.05051456667513,0.293481597284442,0.958513052265623
"ENSG00000110047",130.698046945552,0.324414882902986,0.30970924896734,1.04748206256248,0.294877300899701,0.958513052265623
"ENSG00000116251",441.122755260557,0.239204600992474,0.228122009557966,1.04858185957586,0.294370608524169,0.958513052265623
"ENSG00000118260",149.778761466718,-0.301535490577444,0.287642325529392,-1.04830014158202,0.294500344435188,0.958513052265623
"ENSG00000127124",114.587461548844,0.345893900206541,0.329588054339376,1.04947341280268,0.293960285669492,0.958513052265623
"ENSG00000137266",367.750387512823,-0.272768359843997,0.26004395649176,-1.04893174032537,0.294209535856379,0.958513052265623
"ENSG00000145741",328.604243118954,0.253124044853744,0.24164037586225,1.0475238004018,0.294858061012417,0.958513052265623
"ENSG00000179163",299.192438888694,-0.261615658193596,0.24993892343691,-1.04671835261239,0.295229496709208,0.958513052265623
"ENSG00000186908",179.369834973542,-0.292059744767235,0.27903537261386,-1.04667641966454,0.295248842846977,0.958513052265623
"ENSG00000211890",132.916736754797,-0.41489481008392,0.396120762830197,-1.04739475689077,0.294917548905815,0.958513052265623
"ENSG00000183354",133.537224109169,-0.305863879222131,0.292558935283729,-1.04547782458088,0.295802184355253,0.959751805100545
"ENSG00000153066",302.985478455702,-0.259977620806584,0.24882964119254,-1.04480165449991,0.296114650071452,0.959839583797873
"ENSG00000204642",218.536456738746,0.365086330943731,0.349376200201696,1.04496623047868,0.296038577348673,0.959839583797873
"ENSG00000138459",106.826159094377,-0.324567907477823,0.31098058816114,-1.0436918567716,0.296627978606621,0.960577652435309
"ENSG00000147471",103.651095322316,0.331127578323922,0.317265056941713,1.04369381713775,0.296627071329603,0.960577652435309
"ENSG00000018408",280.895341686528,0.25784363645701,0.247262766357123,1.04279200728752,0.29704463392084,0.960665950637091
"ENSG00000070087",433.972890378813,-0.240257477779475,0.230596232827643,-1.04189680305425,0.297459526485588,0.960665950637091
"ENSG00000100350",141.405161380185,-0.319991953078203,0.307865292144096,-1.03938950327805,0.298623623824912,0.960665950637091
"ENSG00000112118",137.11633013293,0.300529598641324,0.288855313693079,1.04041568354408,0.298146818321909,0.960665950637091
"ENSG00000117153",152.601123552012,-0.296946634322812,0.285215269606182,-1.04113161519307,0.297814468380355,0.960665950637091
"ENSG00000124067",267.059089055443,0.277913473068394,0.266489201343163,1.04286954843817,0.297008714813086,0.960665950637091
"ENSG00000127995",164.063074112077,-0.299516745407827,0.287810541652581,-1.04067329739915,0.29802720024112,0.960665950637091
"ENSG00000134954",220.149784594767,0.341034145091381,0.328131255516044,1.03932234238109,0.298654847276562,0.960665950637091
"ENSG00000135775",106.050448227138,-0.327035560335127,0.31403119287717,-1.04141106919606,0.297684807380158,0.960665950637091
"ENSG00000160200",212.33308181647,-0.37676185157004,0.362368863994119,-1.0397191618984,0.298470395415867,0.960665950637091
"ENSG00000178982",259.460199712311,0.258169347096918,0.248278546597616,1.03983751570502,0.298415396270297,0.960665950637091
"ENSG00000189060",960.155439501841,-0.253242591783351,0.243119167048043,-1.0416397639817,0.297578725701409,0.960665950637091
"ENSG00000198556",125.159792742109,-0.347355305845183,0.333218131826283,-1.04242618473796,0.297214131757364,0.960665950637091
"ENSG00000198586",253.648834078552,-0.2903149122291,0.278926836572288,-1.04082818203067,0.297955297950451,0.960665950637091
"ENSG00000106554",375.425543967695,-0.26056642401455,0.250894912867318,-1.03854805598369,0.299014974476756,0.96090526437203
"ENSG00000159921",270.093590937411,-0.295140932575422,0.284152288213564,-1.03867167296432,0.298957459732231,0.96090526437203
"ENSG00000026950",153.783171439177,0.298730456877633,0.287764154353442,1.03810864681472,0.299219476279759,0.96110324615934
"ENSG00000178607",221.318397079369,-0.270268266634527,0.260429350918202,-1.03777959620003,0.299372678114139,0.961136340332074
"ENSG00000165934",169.239820066879,-0.290921605563956,0.280429129609612,-1.03741578476156,0.299542125059544,0.961221532991647
"ENSG00000116473",214.912671798478,0.271594248167296,0.262040383093446,1.03645951422091,0.299987817746169,0.962192685818183
"ENSG00000006607",148.829691250261,-0.300939624339671,0.290656994736841,-1.03537719645158,0.300492790934147,0.96243548182051
"ENSG00000119844",317.615031010339,-0.259105092543555,0.250219450300576,-1.03551139702491,0.300430146696617,0.96243548182051
"ENSG00000120903",200.661982345717,-1.1841744740673,1.14369262507811,-1.0353957419166,0.300484133474267,0.96243548182051
"ENSG00000213918",164.667461555886,-0.293381255731994,0.28372449418741,-1.03403569921674,0.301119474381617,0.963983619557712
"ENSG00000115339",236.174642549317,-0.288847956137934,0.279426005843539,-1.03371894561479,0.301267573486828,0.963998905457853
"ENSG00000110492",288.315164689356,-0.265682880810999,0.257109028808496,-1.03334714475892,0.301441471978403,0.964096690692696
"ENSG00000017427",203.472124844231,-0.385883371264617,0.375156485502631,-1.02859309695157,0.303670923134116,0.964958390829435
"ENSG00000018236",153.539216788798,0.322105561064043,0.312288642797965,1.03143539956536,0.302336687598643,0.964958390829435
"ENSG00000112378",384.910076874258,0.244380400337381,0.237378720637611,1.02949581866885,0.303246743627017,0.964958390829435
"ENSG00000120129",1458.48678034357,-0.214439644466409,0.208060731902563,-1.03065889707066,0.302700806109252,0.964958390829435
"ENSG00000128512",123.582851967408,-0.341110141346556,0.331037890350031,-1.03042627835102,0.30280994271396,0.964958390829435
"ENSG00000133318",244.465261103001,0.266477869995014,0.259024846769461,1.02877339111868,0.30358617329755,0.964958390829435
"ENSG00000145191",344.104053542641,-0.257063775856133,0.249942924095241,-1.02848991139345,0.303719434044888,0.964958390829435
"ENSG00000152784",135.047504109453,1.01083109275438,0.980509811986297,1.03092399524963,0.302576463169819,0.964958390829435
"ENSG00000153956",115.750391864772,-0.351024580319649,0.340658175602863,-1.03043051791856,0.302807953422404,0.964958390829435
"ENSG00000164442",154.890708212757,0.307565312044188,0.298846569145504,1.02917464611896,0.303397614097091,0.964958390829435
"ENSG00000178685",271.495846390409,-0.295458842815688,0.286675671578544,-1.03063800701602,0.302710605926358,0.964958390829435
"ENSG00000197119",403.814873076137,-0.238457238480502,0.231402561557298,-1.03048659822833,0.30278164021505,0.964958390829435
"ENSG00000198753",148.493327449579,-0.30418882363356,0.295653056713431,-1.02887089014068,0.303540349044385,0.964958390829435
"ENSG00000269893",249.174768332577,0.287355859327079,0.279036888196246,1.02981315905796,0.303097722297792,0.964958390829435
"ENSG00000144802",513.467667808992,-0.247278153895374,0.240536064619927,-1.0280294320359,0.303935983229033,0.965021766720215
"ENSG00000152683",107.110923095595,-0.315907882982828,0.307443216024417,-1.02753245645771,0.304169810503547,0.965021766720215
"ENSG00000198886",45806.667076671,0.207887673641362,0.202276503775616,1.02774009714925,0.304072100921528,0.965021766720215
"ENSG00000101347",234.956575472652,0.321015267973344,0.312733608604632,1.02648151378953,0.304664672929089,0.965729653503831
"ENSG00000137497",2010.39536438885,-0.211837620004609,0.206384847337443,-1.02642041185442,0.304693460720695,0.965729653503831
"ENSG00000198887",143.631673739184,-0.317633826400075,0.309541158988456,-1.02614407543754,0.304823677429175,0.965729653503831
"ENSG00000130702",679.129281991914,0.241884561206637,0.235862783160104,1.02553085300637,0.305112775253563,0.965735777108453
"ENSG00000233476",2235.50139769688,0.215474796396752,0.210103164016184,1.02556664201475,0.305095897872136,0.965735777108453
"ENSG00000100226",232.568101804936,-0.268391730862693,0.261848879851362,-1.02498712621969,0.305369262140541,0.966092971381597
"ENSG00000237350",105.985066266495,-0.339323885184362,0.331478529196773,-1.02366776516898,0.305992225770883,0.967608702649253
"ENSG00000090316",279.104184731222,-0.254209649639291,0.248610233389062,-1.02252287113808,0.306533493479713,0.96840971213929
"ENSG00000125148",203.399130566727,0.367339516956761,0.359187024883075,1.02269706729061,0.306451098455399,0.96840971213929
"ENSG00000108799",227.313282236061,0.263074666263782,0.257418044276133,1.02197445794274,0.306792989532268,0.968774482438515
"ENSG00000133313",1157.81886661806,-0.237506841054718,0.233176156850976,-1.01857258590341,0.308405924558862,0.969685186004844
"ENSG00000138041",336.429625675049,-0.242536096496383,0.238171384192923,-1.01832593079244,0.308523089213554,0.969685186004844
"ENSG00000138074",120.020686830609,0.305421692903545,0.299845332451614,1.01859745624965,0.308394112427268,0.969685186004844
"ENSG00000162980",163.096114355441,-0.292293335469678,0.286834757423935,-1.01903039260223,0.308188537933813,0.969685186004844
"ENSG00000165757",154.427293572071,0.307262077589936,0.301341861941294,1.01964617730342,0.307896296359428,0.969685186004844
"ENSG00000166959",149.327043542003,-0.366623480160189,0.359311686359113,-1.02034944611784,0.307562760601166,0.969685186004844
"ENSG00000174718",112.256915838044,-0.359699145047415,0.352911356804577,-1.01923369172445,0.308092035136973,0.969685186004844
"ENSG00000178950",404.338427525229,-0.239314448695078,0.234504749567592,-1.02051002862993,0.307486635494485,0.969685186004844
"ENSG00000183431",159.82039225303,0.289728767325922,0.284150301584919,1.01963209509153,0.30790297750253,0.969685186004844
"ENSG00000204590",243.091145716479,0.255989871186259,0.250806321837543,1.02066753864391,0.307411979042367,0.969685186004844
"ENSG00000197930",108.010870375115,0.313748810286301,0.308197025116101,1.01801375327393,0.308671420134415,0.96969825867542
"ENSG00000100075",241.947149944051,-0.272995718223965,0.268661153228355,-1.01613394770149,0.309565605122274,0.969855230037018
"ENSG00000103994",341.661350265042,-0.244159121271849,0.240292822816107,-1.01608994563562,0.309586556480743,0.969855230037018
"ENSG00000132912",328.961132021496,-0.255957166298311,0.251883769978576,-1.01617173000103,0.309547616021209,0.969855230037018
"ENSG00000133812",199.013868767505,-0.279619053994299,0.275161954060249,-1.01619809667827,0.30953506259359,0.969855230037018
"ENSG00000159459",160.73406868177,-0.284203741572899,0.279602589231981,-1.016456043392,0.309412269433019,0.969855230037018
"ENSG00000164896",209.289267026422,-0.266790609779957,0.262424063278491,-1.01663927631832,0.309325062639092,0.969855230037018
"ENSG00000185565",158.657804110259,-0.384017854394456,0.378476561892572,-1.01464104533759,0.310276966214145,0.971113482901973
"ENSG00000185920",179.682484321119,-0.272424563842521,0.268451748609444,-1.014798991825,0.310201654433073,0.971113482901973
"ENSG00000054523",285.473973514092,-0.252132593688848,0.249082268882768,-1.01224625429888,0.31142032543709,0.971290861480927
"ENSG00000070367",111.440636235508,-0.320071691226534,0.31600388131672,-1.01287265805997,0.311120989801592,0.971290861480927
"ENSG00000103855",455.248059149415,-0.233835547695556,0.230670760554323,-1.01371993196549,0.310716410412122,0.971290861480927
"ENSG00000131143",517.391066171939,0.231992607879529,0.229158500844396,1.01236745320243,0.311362394063775,0.971290861480927
"ENSG00000172765",170.626845212755,-0.278956337201591,0.275381410182902,-1.01298172965384,0.311068887850947,0.971290861480927
"ENSG00000177663",202.560310319789,-0.264984493263954,0.261491841190366,-1.01335663880635,0.310889842973536,0.971290861480927
"ENSG00000179950",337.784864153237,-0.241124738358652,0.238241352511258,-1.01210279331024,0.311488906960208,0.971290861480927
"ENSG00000228589",146.711546492928,-0.288666442985032,0.285129948732222,-1.01240309644264,0.311345358448166,0.971290861480927
"ENSG00000024048",232.726296910764,-0.273374136040821,0.271115254471561,-1.00833181288033,0.313295195461816,0.972864028013008
"ENSG00000047849",761.041194563644,0.22619078131324,0.223976284179291,1.00988719471824,0.312549338379438,0.972864028013008
"ENSG00000083168",234.445230283928,-0.258715464985428,0.256099109756817,-1.0102161824424,0.312391727867059,0.972864028013008
"ENSG00000102144",518.859940768335,0.229764557856956,0.227532076646216,1.00981172080722,0.312585503593917,0.972864028013008
"ENSG00000102316",969.977575151149,-0.229149824943054,0.226946059359555,-1.00971052588319,0.312633998001419,0.972864028013008
"ENSG00000130300",126.108346691383,0.32038127505532,0.31760723275278,1.00873419121629,0.313102129477211,0.972864028013008
"ENSG00000140391",419.62868422023,0.233369452312134,0.231192341197747,1.0094168825105,0.312774745180388,0.972864028013008
"ENSG00000179218",3951.41551318958,-0.20529799627877,0.203550197777963,-1.00858657235358,0.31317294969094,0.972864028013008
"ENSG00000185033",333.613688349059,0.248578212402424,0.246379831155535,1.00892273217568,0.313011692204672,0.972864028013008
"ENSG00000114554",206.171494862783,0.292119795915221,0.290257775065954,1.00641505933422,0.314215952502735,0.973476046307412
"ENSG00000143570",265.028189103635,0.248574887463087,0.246989942952829,1.00641704067506,0.314214999801745,0.973476046307412
"ENSG00000151500",120.475403185292,0.314936996964925,0.31291385251273,1.00646549980434,0.3141916994751,0.973476046307412
"ENSG00000169507",261.415532401786,0.298562217018082,0.296491289027201,1.00698478527877,0.313942085738305,0.973476046307412
"ENSG00000189143",765.646812486991,0.220904537914662,0.219336245305436,1.00715017532575,0.313862612304664,0.973476046307412
"ENSG00000129315",144.280496362309,-0.296019869463538,0.294313552044007,-1.00579761756698,0.314512933580457,0.973940239276977
"ENSG00000131016",244.621518771903,0.260926587543363,0.259498932859477,1.00550158209961,0.314655388038785,0.973940239276977
"ENSG00000197217",250.128725460933,-0.256252032481793,0.255091860251124,-1.00454805664723,0.315114519842211,0.974912723302076
"ENSG00000084444",153.80208762197,-0.281810097255598,0.280769853899278,-1.00370496811489,0.315520841698174,0.975040504931537
"ENSG00000169223",350.848506367525,-0.238175473902042,0.237282542066945,-1.00376315858435,0.315492786071712,0.975040504931537
"ENSG00000198624",113.568957081256,0.327446407956689,0.326284818133018,1.00356004864191,0.315590719482004,0.975040504931537
"ENSG00000142765",326.833272633562,-0.286745452407702,0.285888504607382,-1.00299748953354,0.315862072524612,0.975040741631836
"ENSG00000162434",452.052932493604,0.256249024205855,0.255575198219388,1.002636507733,0.316036274468633,0.975040741631836
"ENSG00000166986",363.970089365447,-0.239988057203781,0.239369161046556,-1.00258553004288,0.316060880271598,0.975040741631836
"ENSG00000196782",137.87016900788,-0.290053339160879,0.289370966718291,-1.00235812338165,0.316170659753053,0.975040741631836
"ENSG00000085998",340.763076085625,-0.24296694577815,0.24320535242821,-0.999019731072201,0.317785133144487,0.977627620867943
"ENSG00000107957",376.244218684833,0.245412152062786,0.245511539355428,0.999595182805243,0.317506455336167,0.977627620867943
"ENSG00000162290",120.898589534278,-0.319340361515142,0.319381374896412,-0.999871584931078,0.317372657227648,0.977627620867943
"ENSG00000188706",228.591778189003,-0.265706969372419,0.266020708621349,-0.998820620956332,0.317881594831726,0.977627620867943
"ENSG00000203727",161.59877863729,-0.324515297994552,0.324803733906976,-0.999111968606533,0.317740453880289,0.977627620867943
"ENSG00000244313",364.746447319637,0.241657626998805,0.241723206824053,0.99972869867933,0.317441819627277,0.977627620867943
"ENSG00000164941",134.257719383807,-0.290671126688112,0.291199758236514,-0.998184642900793,0.318189831827288,0.977681502453331
"ENSG00000234851",413.933539803775,-0.24896128610107,0.249348027982371,-0.998448987608079,0.318061689141421,0.977681502453331
"ENSG00000038274",195.04411777972,0.265110553319865,0.266061003883473,0.996427696844952,0.319042381294664,0.978706509828616
"ENSG00000070081",476.896509978245,-0.240328143302381,0.241157908466641,-0.996559245477224,0.318978496227797,0.978706509828616
"ENSG00000072840",163.46312056207,-0.275200963498404,0.276467262574539,-0.995419714202894,0.319532174298991,0.978706509828616
"ENSG00000168395",179.469592640023,-0.267458700425095,0.268729095444568,-0.995272581045341,0.319603709502192,0.978706509828616
"ENSG00000171863",114.120200286802,0.304849355417788,0.30611482565372,0.995866027614867,0.319315243651261,0.978706509828616
"ENSG00000189184",106.777402503949,0.306313448228598,0.307821699107266,0.995100245099545,0.319687511462009,0.978706509828616
"ENSG00000228818",111.41938681704,-0.350426382957311,0.351502325991177,-0.996939015891766,0.318794112118831,0.978706509828616
"ENSG00000234009",254.34031661535,0.249897117542061,0.250897442458622,0.996013012700492,0.319243822646762,0.978706509828616
"ENSG00000146247",216.176498678306,-0.286927814361482,0.288438907055602,-0.994761134309012,0.319852453145553,0.978765968997722
"ENSG00000147162",1672.24766252248,-0.233510413566647,0.234936175489197,-0.993931279763193,0.320256324701563,0.979556180055804
"ENSG00000174695",285.080609704364,-0.242869445054977,0.244468079778336,-0.993460762956011,0.320485462700191,0.979811464600676
"ENSG00000132953",108.160182605053,-0.304294646401472,0.306498600427592,-0.992809252560876,0.320802920033946,0.980336410789787
"ENSG00000006025",118.359429979581,0.297229513613339,0.299613295349569,0.99204380522083,0.321176157128713,0.980621861208001
"ENSG00000055609",370.516325924035,-0.237511486699123,0.240151041934994,-0.989008770419635,0.322658850631107,0.980621861208001
"ENSG00000074657",649.988581946786,-0.242672580386183,0.244772564277375,-0.991420672911643,0.321480209846646,0.980621861208001
"ENSG00000111711",131.551369985517,-0.295558751284128,0.298402451674946,-0.990470251250094,0.321944322788906,0.980621861208001
"ENSG00000111846",201.627082772651,-0.807970149688884,0.816926844417848,-0.98903611162962,0.322645473842116,0.980621861208001
"ENSG00000112531",230.618726632831,0.277843310546401,0.281211039298346,0.988024194354716,0.323140799190951,0.980621861208001
"ENSG00000119541",160.371635525169,-0.278802558241404,0.281223549218201,-0.99139122245087,0.321494584627286,0.980621861208001
"ENSG00000137693",468.269657014385,0.239241395801786,0.241889544359616,0.989052240497449,0.322637582902987,0.980621861208001
"ENSG00000151846",361.419746161357,-0.238561014928256,0.240724292090127,-0.991013465475013,0.32167900516333,0.980621861208001
"ENSG00000158106",128.35683575583,-0.295262109397469,0.298830530281357,-0.988058713811709,0.32312389403222,0.980621861208001
"ENSG00000165678",429.270646547548,0.232629410247804,0.234544025337907,0.991836862664291,0.321277112351964,0.980621861208001
"ENSG00000165732",231.714154182422,-0.256408254242556,0.259540479242556,-0.987931651320284,0.323186122988773,0.980621861208001
"ENSG00000181222",1035.63821726349,-0.208876765480971,0.211136947460983,-0.989295184915802,0.322518739222946,0.980621861208001
"ENSG00000188042",106.54984032814,0.323937924476456,0.327924175068792,0.987843986825612,0.323229061299158,0.980621861208001
"ENSG00000205730",223.682203589593,-0.264986885291925,0.268168041964661,-0.98813745049772,0.323085336597743,0.980621861208001
"ENSG00000211448",205.50729587353,0.297567003785301,0.300347606675804,0.990742050781499,0.321811552145787,0.980621861208001
"ENSG00000104361",344.667374797845,-0.234672395950672,0.238101442142415,-0.985598381257635,0.324330232696493,0.980872145799476
"ENSG00000147852",103.176528782346,-0.315243098570154,0.319631163028757,-0.986271474855511,0.323999913581869,0.980872145799476
"ENSG00000159182",228.806799701138,0.270957514558663,0.274681990063376,0.986440772822951,0.323916865500871,0.980872145799476
"ENSG00000198093",107.040481684417,-0.309033810519241,0.313088513681007,-0.987049339133862,0.323618451548333,0.980872145799476
"ENSG00000226950",157.573784624318,0.279838544258748,0.283928826440245,0.985593987645499,0.324332389571519,0.980872145799476
"ENSG00000257151",109.378662874939,-0.302238413491474,0.306622653765212,-0.985701512201067,0.324279607205963,0.980872145799476
"ENSG00000270906",121.348391759605,0.315812992200262,0.319994638630311,0.98693213596344,0.323675908857196,0.980872145799476
"ENSG00000034677",291.467606293899,-0.27228335459101,0.278167204572706,-0.978847794114574,0.327655190451319,0.981178871786983
"ENSG00000065978",233.728508177712,0.249666140623015,0.254082744140482,0.982617459786938,0.32579574797583,0.981178871786983
"ENSG00000068697",794.573834078479,0.21549329211276,0.219863068361484,0.980125010165237,0.32702441504488,0.981178871786983
"ENSG00000092199",556.251733685399,0.221723717951522,0.225721022376487,0.982290951977444,0.325956530775069,0.981178871786983
"ENSG00000100321",132.022961706337,0.319863018187526,0.326447006773779,0.979831370943415,0.327169364036321,0.981178871786983
"ENSG00000103275",261.545382375798,0.248529565825367,0.252815262403274,0.98304810976534,0.32558376114569,0.981178871786983
"ENSG00000108592",229.891785586503,0.24951733669157,0.255133602887324,0.977986960038994,0.328080773513072,0.981178871786983
"ENSG00000115128",119.412609887953,0.290622726630419,0.296747749378239,0.97935949721387,0.327402382214251,0.981178871786983
"ENSG00000120071",234.696670162111,0.254333069428267,0.258219049548663,0.984950838727087,0.324648219566919,0.981178871786983
"ENSG00000126562",180.706489180534,-0.2918153065459,0.296348810350377,-0.984702135975788,0.324770403243178,0.981178871786983
"ENSG00000127870",152.883131757985,-0.273367756550298,0.278437321384347,-0.981792796997026,0.326201937456754,0.981178871786983
"ENSG00000132199",457.052365736247,-0.234006333704119,0.238660311957326,-0.980499571901846,0.32683958084742,0.981178871786983
"ENSG00000132300",213.471776532991,0.257296675215449,0.26182615304915,0.982700437748664,0.325754895215403,0.981178871786983
"ENSG00000135046",472.409272958721,-0.252509936399751,0.25746455665684,-0.980756107475826,0.326713027933541,0.981178871786983
"ENSG00000135821",856.136008489765,0.214446337566614,0.219229309924973,0.978182787876331,0.327983927760879,0.981178871786983
"ENSG00000138674",843.921201227881,-0.214424634699207,0.218441663724977,-0.981610518079432,0.326291763738595,0.981178871786983
"ENSG00000145740",186.193686959742,-0.267345433271978,0.271849456644205,-0.983431920637894,0.325394906415672,0.981178871786983
"ENSG00000146376",126.76379464819,0.305772961893855,0.31244712676533,0.978639058260607,0.327758353310451,0.981178871786983
"ENSG00000159788",156.484205472478,0.281506176861194,0.286275560806661,0.983339884368657,0.325440186507456,0.981178871786983
"ENSG00000167371",109.349825864078,0.382367842376226,0.38968514088057,0.981222536512918,0.326483012936093,0.981178871786983
"ENSG00000177106",317.529561373693,0.234568599141786,0.239463858885424,0.979557417280323,0.327304633264268,0.981178871786983
"ENSG00000186470",115.428778369407,0.335739808765979,0.343228405290447,0.978181885854898,0.327984373808886,0.981178871786983
"ENSG00000197535",153.450295012687,-0.280190886483093,0.286165980075379,-0.979120181963238,0.327520600765262,0.981178871786983
"ENSG00000198793",488.060241779214,-0.230233814863746,0.2343911738973,-0.982263158785256,0.325970219406229,0.981178871786983
"ENSG00000232472",184.366770783307,0.27055581904843,0.276447647702173,0.978687361955449,0.327734478454248,0.981178871786983
"ENSG00000074964",137.65523758284,0.288269839914224,0.295137203719852,0.976731622719626,0.328702035360799,0.981726688930515
"ENSG00000129353",534.647303233894,-0.224462250087649,0.229701359602727,-0.977191647780669,0.328474282158392,0.981726688930515
"ENSG00000151502",356.068463732477,-0.244493218547131,0.250259182952383,-0.976960028650181,0.328588941374884,0.981726688930515
"ENSG00000176340",175.115517446168,-0.277167998875831,0.283901706236928,-0.976281553744953,0.328924958475883,0.981726688930515
"ENSG00000197355",133.311268875872,-0.315732818104812,0.323449445578945,-0.976142709225175,0.328993749159884,0.981726688930515
"ENSG00000029363",556.732413371048,-0.219480490536032,0.226082300457433,-0.970799085518666,0.331648338080653,0.981935813012132
"ENSG00000049239",458.368367598653,0.236546345734235,0.243104280290066,0.973024191314089,0.330541279044152,0.981935813012132
"ENSG00000100632",192.816053570527,0.260464982580216,0.267518208025691,0.973634596697068,0.330238001949737,0.981935813012132
"ENSG00000104823",211.261246372606,-0.270355482752465,0.278098525872149,-0.972157194665449,0.330972352035363,0.981935813012132
"ENSG00000106366",248.759699429495,0.340954437170566,0.350589230048572,0.972518286210129,0.330792772209954,0.981935813012132
"ENSG00000111252",104.867127654674,0.341452875737879,0.350980747464653,0.972853577309868,0.330626080043774,0.981935813012132
"ENSG00000119655",443.477352335254,0.235980059697929,0.242291797463113,0.973949849597589,0.330081440563764,0.981935813012132
"ENSG00000120915",279.531507419438,-0.341423481373781,0.351724764292213,-0.970712090918133,0.33169166921849,0.981935813012132
"ENSG00000141027",495.744769781598,-0.223352599264461,0.229374336064814,-0.973747120520708,0.330182114677389,0.981935813012132
"ENSG00000147649",392.747505262908,-0.225861497325933,0.232567800848813,-0.971164092800452,0.331466571502323,0.981935813012132
"ENSG00000148090",137.471788754395,-0.285041104888034,0.293264314815899,-0.971959732185532,0.33107058171539,0.981935813012132
"ENSG00000155463",288.045767583978,0.238960815220721,0.245822963479134,0.972084999052596,0.331008264276428,0.981935813012132
"ENSG00000164151",164.346702779836,-0.275687026831417,0.283773256099546,-0.971504611184037,0.33129705800574,0.981935813012132
"ENSG00000164163",114.315378448076,-0.293844205851158,0.301940661752608,-0.973185274701146,0.33046122800669,0.981935813012132
"ENSG00000168807",215.25938001021,-0.251138977523327,0.258283347425446,-0.972339022343742,0.330881916717898,0.981935813012132
"ENSG00000169020",134.036125879717,0.287220898497103,0.295179615960066,0.973037713200223,0.330534558805966,0.981935813012132
"ENSG00000172380",321.344586620553,0.258301653312831,0.265790481826493,0.971824316423226,0.331137956535582,0.981935813012132
"ENSG00000198732",137.165361578952,0.925945250138892,0.951562222695013,0.973079035773857,0.330514022460313,0.981935813012132
"ENSG00000113141",187.740727951646,0.267481160276886,0.275641493847502,0.970395119193736,0.331849580611089,0.981971086313323
"ENSG00000185745",138.042330635802,-0.838810949930515,0.86466418449976,-0.970100259693071,0.331996519581259,0.981973874539819
"ENSG00000100030",532.427169575014,-0.216686590642989,0.223600284827138,-0.969080119063828,0.332505216220718,0.98228267367282
"ENSG00000102890",106.524462208244,-0.330436089693271,0.342371869887299,-0.96513796475757,0.334475713640259,0.98228267367282
"ENSG00000105254",123.56056642068,0.288189250175661,0.297636070908452,0.968260497781883,0.332914287715529,0.98228267367282
"ENSG00000106991",266.06418793193,0.27009417635058,0.279590507327187,0.966034859096652,0.334026738218137,0.98228267367282
"ENSG00000111885",140.394063004201,0.308472159823406,0.319208303674617,0.966366339071947,0.333860901405296,0.98228267367282
"ENSG00000124207",230.257038712895,-0.254447747429383,0.263697608453862,-0.964922469040529,0.334583646355104,0.98228267367282
"ENSG00000125534",418.181279954889,-0.244141096583583,0.252232594739854,-0.967920489559978,0.333084080511169,0.98228267367282
"ENSG00000126456",280.054111452134,0.238095589791344,0.246660957249748,0.965274733569888,0.33440722355472,0.98228267367282
"ENSG00000127540",109.241953512155,0.31688196786033,0.328237664836364,0.965404040448268,0.334342478516833,0.98228267367282
"ENSG00000134986",151.458097189183,0.276841729156958,0.285692972535741,0.969018337062262,0.332536040187492,0.98228267367282
"ENSG00000135387",758.265914543295,-0.211743716631794,0.219199011792526,-0.965988463635098,0.334049953738252,0.98228267367282
"ENSG00000142534",1430.64157014686,0.208278631674732,0.215249818289218,0.967613507551869,0.333237428734644,0.98228267367282
"ENSG00000142556",166.540651161848,-0.272074295151034,0.281760840527394,-0.965621392389981,0.334233666787454,0.98228267367282
"ENSG00000143314",127.55523145898,0.294458744201004,0.304594326330726,0.966724323949763,0.333681864053586,0.98228267367282
"ENSG00000166311",196.017830984256,-0.259191414545166,0.267861636292671,-0.967631715136575,0.333228332139916,0.98228267367282
"ENSG00000197448",242.967501716142,0.247817301218757,0.256385740117273,0.966579892880953,0.33375409025346,0.98228267367282
"ENSG00000213930",104.518468549942,-0.300895100390198,0.311583399282542,-0.965696828146318,0.334195907129859,0.98228267367282
"ENSG00000065618",113.789991257271,0.347587325952007,0.360596940875366,0.963922004186232,0.335085030991815,0.983325444350327
"ENSG00000183199",329.935916227099,-0.230289063035413,0.239066796697584,-0.963283342632998,0.335405350273442,0.983423385785469
"ENSG00000184602",122.510342505138,-0.284640674057881,0.295493433021148,-0.963272419111626,0.335410830655942,0.983423385785469
"ENSG00000116044",374.817853469739,0.236118814566834,0.245284008203055,0.962634361272205,0.335731047360044,0.983504801630513
"ENSG00000127980",111.504829572766,-0.294717504797843,0.306067700643353,-0.962916061310446,0.335589648682051,0.983504801630513
"ENSG00000070614",479.756806226894,-0.2177685993512,0.227792380840005,-0.955995975581615,0.339074267712467,0.984147129217572
"ENSG00000073060",174.295812446919,-0.264784947348049,0.276190877845969,-0.95870272549595,0.337708525052468,0.984147129217572
"ENSG00000077684",232.610449968082,-0.267079875343658,0.278691240271444,-0.95833609654729,0.337893307507386,0.984147129217572
"ENSG00000101596",230.782979229904,-0.257880857997254,0.270035895748825,-0.954987325970628,0.339584106306183,0.984147129217572
"ENSG00000111669",435.012237837771,0.226169095778035,0.235187373873205,0.9616549224278,0.336222972863053,0.984147129217572
"ENSG00000111679",132.15386031817,0.281315892418658,0.294682541286277,0.954640513111924,0.339759522106729,0.984147129217572
"ENSG00000112763",110.956045560838,0.292413812443653,0.305432124598433,0.957377397115984,0.338376802750962,0.984147129217572
"ENSG00000118985",359.933594454972,-0.22548059719729,0.235802448641689,-0.956226699494184,0.338957713557521,0.984147129217572
"ENSG00000119280",234.781687094398,0.271288452128159,0.2840939633569,0.954925085075976,0.339615583089109,0.984147129217572
"ENSG00000124151",248.545942516692,-0.244138671674413,0.255262821862555,-0.956420797564748,0.338859681490375,0.984147129217572
"ENSG00000132466",514.264550234718,-0.217066176142126,0.226243763355551,-0.959434960428051,0.337339670082761,0.984147129217572
"ENSG00000132670",331.093969672631,-0.236094932475148,0.247027308151158,-0.955744262616828,0.339201454174481,0.984147129217572
"ENSG00000136631",145.81453169396,0.282526147943669,0.293810046998816,0.961594577277365,0.336253296519677,0.984147129217572
"ENSG00000139278",106.527572767627,0.314824545181777,0.328016338713637,0.959783120610411,0.337164379238841,0.984147129217572
"ENSG00000142327",231.443778994382,-0.249721385849409,0.260837035772148,-0.957384694662574,0.338373120745295,0.984147129217572
"ENSG00000143416",269.861548653738,0.264471047571639,0.276465055386364,0.956616550334135,0.338760832123691,0.984147129217572
"ENSG00000153936",234.379163114382,-0.283760311934479,0.297330168395275,-0.954360983501829,0.339900948732147,0.984147129217572
"ENSG00000157741",153.409200552642,-0.271551855896178,0.282600373210428,-0.960904095105269,0.336600391567809,0.984147129217572
"ENSG00000165633",119.386841073071,0.305756472925722,0.320176517176884,0.95496220529129,0.339596810239186,0.984147129217572
"ENSG00000166105",120.337343587067,0.348461886814782,0.363185271707304,0.959460402060611,0.337326858807919,0.984147129217572
"ENSG00000173517",115.151848541917,0.313742284575376,0.326621744863392,0.960567658183927,0.336769596840814,0.984147129217572
"ENSG00000175115",565.102528382058,-0.219893028478294,0.229619137923515,-0.95764242678909,0.338243097490972,0.984147129217572
"ENSG00000175224",266.99637334814,-0.240557809040208,0.2517565993722,-0.955517391163062,0.339316114845834,0.984147129217572
"ENSG00000181982",131.947775622458,-0.281268701326381,0.293816398752264,-0.957294087466975,0.338418838783267,0.984147129217572
"ENSG00000186166",130.890259957684,0.283493127875606,0.296045907212253,0.95759853782526,0.338265236763045,0.984147129217572
"ENSG00000196367",319.748667359803,-0.23755232308011,0.248554989979584,-0.955733470084921,0.33920690814927,0.984147129217572
"ENSG00000214047",133.056084242643,-0.29245938137674,0.306012351385226,-0.9557110360182,0.339218245320019,0.984147129217572
"ENSG00000058262",1367.18552843137,-0.20110519547515,0.211020171362828,-0.95301408475008,0.340582934433584,0.984186712602789
"ENSG00000116209",1088.57573783685,-0.202915003825566,0.213173949824051,-0.951875236130154,0.341160259958406,0.984186712602789
"ENSG00000139684",228.156002227739,0.246103066733116,0.258576402863437,0.951761506494045,0.341217948211097,0.984186712602789
"ENSG00000141522",373.315785222244,-0.222626052354608,0.23343539880342,-0.953694484623071,0.340238312792268,0.984186712602789
"ENSG00000159579",167.406466307126,-0.263137797742041,0.275954114279848,-0.953556349137051,0.340308260149228,0.984186712602789
"ENSG00000164880",420.408264900534,-0.219025801651936,0.229814968880957,-0.953052809042175,0.340563314631282,0.984186712602789
"ENSG00000165487",157.35135812452,-0.263722009674874,0.276835992120042,-0.952629055403023,0.34077805033185,0.984186712602789
"ENSG00000175662",611.552806744352,-0.222444508613969,0.233592149750809,-0.952277329744462,0.340956351949505,0.984186712602789
"ENSG00000241973",508.924920582117,-0.216277942294063,0.22724604288143,-0.951734690521804,0.341231551262222,0.984186712602789
"ENSG00000074416",235.334838562056,-0.241409417720647,0.254366984081718,-0.949059558936675,0.342590321210922,0.986476001179515
"ENSG00000128928",487.649111435897,-0.234329834501389,0.246872429458089,-0.949194023065954,0.342521940876062,0.986476001179515
"ENSG00000144791",178.330625787713,-0.261370091288045,0.275333920679302,-0.949284020810781,0.342476178333913,0.986476001179515
"ENSG00000162738",127.735161956033,0.286442408381667,0.301830626496415,0.949017042129319,0.342611944507188,0.986476001179515
"ENSG00000061676",617.750767855011,-0.219282096550931,0.231350590209112,-0.947834610461672,0.343213657875688,0.986549773918363
"ENSG00000119048",148.809051804891,0.273213934043949,0.288489396038335,0.947050178605678,0.343613210229385,0.986549773918363
"ENSG00000131669",125.388343005522,0.279168570905508,0.294827036425912,0.94688931615558,0.343695182616546,0.986549773918363
"ENSG00000146205",1118.37665461941,-0.748418256489323,0.790334309947026,-0.9469641480445,0.343657048182835,0.986549773918363
"ENSG00000159423",117.484324692991,-0.33025144702109,0.348561008717924,-0.947470998651917,0.343398827551196,0.986549773918363
"ENSG00000163875",245.72332051143,-0.250580606382094,0.264269252197296,-0.94820189749134,0.343026681368039,0.986549773918363
"ENSG00000168769",113.22874226844,-0.291760794009416,0.308386933118427,-0.946086758797181,0.344104336843961,0.986549773918363
"ENSG00000170445",188.418402526841,0.253663821992888,0.267456918570731,0.948428716476835,0.342911246095142,0.986549773918363
"ENSG00000177697",712.08448217211,0.208810523489263,0.220662725799217,0.94628815416366,0.344001633644569,0.986549773918363
"ENSG00000197702",499.675447929134,0.233793188898039,0.247106395593397,0.946123585092211,0.34408555551421,0.986549773918363
"ENSG00000074603",155.29673505535,-0.262812313484156,0.278163967503204,-0.944810774174511,0.344755490319386,0.986734224633271
"ENSG00000080603",718.973061127679,-0.205931406344497,0.217832563076261,-0.945365575450727,0.344472270652209,0.986734224633271
"ENSG00000100412",187.028094790225,-0.257633147745961,0.272470394127864,-0.945545473190234,0.344380466810211,0.986734224633271
"ENSG00000109062",237.773574531615,-0.245590664070255,0.259876772628128,-0.945027374268974,0.344644900792674,0.986734224633271
"ENSG00000134077",133.169613888662,-0.273485193711401,0.289658767923172,-0.944163353563455,0.345086178843046,0.987260586515664
"ENSG00000008513",104.862960787194,0.329376340987195,0.350937121064934,0.938562270037688,0.347955531911286,0.987665454121777
"ENSG00000077254",298.539355490301,-0.231801505562487,0.246877334174332,-0.93893392983092,0.347764667449762,0.987665454121777
"ENSG00000089060",104.903691846718,0.295116327446201,0.313623352609749,0.940989645670368,0.346710165391007,0.987665454121777
"ENSG00000107281",711.132811248045,-0.235468311714446,0.250594681135071,-0.939638106634543,0.347403222770415,0.987665454121777
"ENSG00000112144",155.639894228437,-0.261983479131937,0.278466492392257,-0.940807911505915,0.34680330582302,0.987665454121777
"ENSG00000114544",109.727428559917,0.292440370380077,0.311623535169601,0.938441219534064,0.348017711309636,0.987665454121777
"ENSG00000117625",280.258976302824,-0.231073922014823,0.245675418643951,-0.940565903134617,0.346927362066097,0.987665454121777
"ENSG00000120805",512.03582890765,-0.211802449844338,0.224724949499917,-0.942496373080354,0.345938567159916,0.987665454121777
"ENSG00000122042",197.112421307424,-0.26315570125608,0.279155374727949,-0.942685418514825,0.345841833906176,0.987665454121777
"ENSG00000132274",335.940863236993,0.257351988843258,0.273993488190867,0.939263157465933,0.347595649483126,0.987665454121777
"ENSG00000142669",179.049912526362,0.254276427161798,0.269961191205028,0.94189993023361,0.346243875858055,0.987665454121777
"ENSG00000164615",110.496892249116,0.285864576156234,0.303625905535515,0.941502589023306,0.34644736311811,0.987665454121777
"ENSG00000169718",281.162077261684,-0.248837971839481,0.26457311611966,-0.94052629189633,0.346947669926837,0.987665454121777
"ENSG00000179094",398.506338113095,-0.221629312981048,0.236134238554719,-0.938573390871017,0.347949819883516,0.987665454121777
"ENSG00000182054",459.694867690908,0.214359493443962,0.22802260867275,0.940079997732168,0.347176527976258,0.987665454121777
"ENSG00000185088",186.026443057757,0.251369559263159,0.266630952421288,0.942762109876819,0.345802596376406,0.987665454121777
"ENSG00000185641",399.753291020142,0.222550263457589,0.236275067315424,0.941911755591576,0.346237820996303,0.987665454121777
"ENSG00000198888",12725.3456965867,0.1904815998543,0.202263978291732,0.941747519568521,0.34632191974367,0.987665454121777
"ENSG00000253797",154.04322899678,-0.263279060349612,0.280423093051623,-0.938863691590281,0.347800732925613,0.987665454121777
"ENSG00000100941",637.761236290458,0.21290022285358,0.226976527034975,0.937983436590225,0.34825292222177,0.987694075391552
"ENSG00000103342",521.14533647114,-0.213253293710218,0.227724771452802,-0.936451894757603,0.349040569520918,0.987694075391552
"ENSG00000118515",180.740575660483,0.278770730694053,0.297846717888491,0.935953676677479,0.349297038754701,0.987694075391552
"ENSG00000136193",399.848680607394,0.226654236541936,0.241930751478928,0.936855836458959,0.348832719040199,0.987694075391552
"ENSG00000144381",307.221663344484,0.238444165856799,0.254692567131266,0.936203865477973,0.349168233353315,0.987694075391552
"ENSG00000156976",1373.85625818448,0.206217482210357,0.220340577746429,0.935903338002839,0.349322958400938,0.987694075391552
"ENSG00000161395",177.802073457936,-0.25576783750624,0.273022970862678,-0.936799701131679,0.348861599084479,0.987694075391552
"ENSG00000171858",587.933606206549,0.209814538541893,0.223848274594284,0.937306927749043,0.348600700420902,0.987694075391552
"ENSG00000230989",314.056196284846,-0.230795265130048,0.246615146524497,-0.935851947386867,0.349349420956959,0.987694075391552
"ENSG00000085117",156.101493113597,0.259584546537281,0.277652731290207,0.934925240357026,0.349826828353209,0.98819074563959
"ENSG00000099875",491.8638493082,-0.217809581962687,0.232966250333684,-0.934940497392698,0.349818965105898,0.98819074563959
"ENSG00000174652",222.985995804058,0.241505983306019,0.258390367824122,0.934655518855888,0.34996585728717,0.98819074563959
"ENSG00000227500",179.770881307627,-0.270456964641207,0.289493188009357,-0.934242931590036,0.350178594722254,0.988376512002468
"ENSG00000108262",145.225339591948,0.266867524956358,0.285814119713495,0.933710081306939,0.350453463298398,0.988737413651436
"ENSG00000108784",161.146882481688,-0.268472069124531,0.287834111022419,-0.932731941224367,0.350958388755038,0.989331987747857
"ENSG00000111605",308.67389955823,-0.227397805603409,0.243794126192416,-0.932745218906274,0.350951531600319,0.989331987747857
"ENSG00000127616",524.575352618216,-0.208566906627327,0.224007627307653,-0.931070558329161,0.351817066986256,0.989339188069567
"ENSG00000136153",316.610769813187,-0.224473844646371,0.240918435544007,-0.931742081669659,0.351469833108397,0.989339188069567
"ENSG00000139112",374.143526747715,0.219941049755006,0.235902475972902,0.932338877953409,0.351161421667278,0.989339188069567
"ENSG00000175390",188.230092416588,0.249392994325972,0.267905066937364,0.930900625273653,0.3519049710583,0.989339188069567
"ENSG00000180543",168.587549228417,-0.256753398239582,0.275445228592679,-0.932139574721994,0.351264398197515,0.989339188069567
"ENSG00000185189",468.061237885208,-0.228061115852944,0.24483723073075,-0.931480539835648,0.351605046347021,0.989339188069567
"ENSG00000187720",498.615464922627,0.222033975608397,0.238630514085069,0.930450895853343,0.352137677109507,0.989339188069567
"ENSG00000198894",223.877114301105,-0.239771737196457,0.257662022873795,-0.930566850800125,0.352077668563143,0.989339188069567
"ENSG00000178567",286.314120391464,-0.228890804885018,0.246152131938335,-0.929875370497942,0.352435616537347,0.989762821223464
"ENSG00000146463",308.011844815764,-0.224054657997385,0.241074488073845,-0.92940011938863,0.352681765968001,0.990040716986968
"ENSG00000029725",440.033483425749,-0.212368530082275,0.230359015909705,-0.921902401968578,0.356579486152112,0.990645858677862
"ENSG00000075426",708.582237047843,0.253137662404165,0.274137066551614,0.923398158404474,0.355799751089414,0.990645858677862
"ENSG00000076513",198.857855467433,0.264808737740572,0.286344365524923,0.924791159257241,0.355074550165954,0.990645858677862
"ENSG00000078808",542.575974537009,-0.209695399007313,0.22725574223559,-0.922728714990741,0.356148597671221,0.990645858677862
"ENSG00000109814",332.677827173421,-0.228425576930239,0.247024161532779,-0.924709451548641,0.355117061700218,0.990645858677862
"ENSG00000111639",144.275954535095,0.26408459155965,0.285185293004611,0.926010555373834,0.35444049479033,0.990645858677862
"ENSG00000114054",138.282224762571,-0.269067126745907,0.290515005053781,-0.92617290695913,0.354356130014786,0.990645858677862
"ENSG00000114423",121.836231924353,-0.282379276759468,0.30456545056739,-0.927154659970165,0.353846239758735,0.990645858677862
"ENSG00000115840",125.743800069061,0.283521400665356,0.30718040988383,0.922980084480578,0.356017583898472,0.990645858677862
"ENSG00000124733",120.831078482814,0.278217729823593,0.300724935503158,0.925156835957394,0.354884332351286,0.990645858677862
"ENSG00000130717",121.904229355612,-0.274611668570403,0.297831732968913,-0.922036298257938,0.356509642413147,0.990645858677862
"ENSG00000136848",223.154023240832,0.242314295763838,0.262379761894721,0.923525099702874,0.355733626365208,0.990645858677862
"ENSG00000139154",111.949901528865,0.28531048421273,0.30867578902622,0.924304705311677,0.355327693644966,0.990645858677862
"ENSG00000144481",1642.61942712243,-0.233427265550961,0.252467807587022,-0.924582297370733,0.355183224872626,0.990645858677862
"ENSG00000146007",214.367017124802,0.246035771153087,0.266071708684117,0.924697226811077,0.355123422359818,0.990645858677862
"ENSG00000147400",128.363037712539,0.27185848776736,0.292764698499615,0.928590397546574,0.35310140014824,0.990645858677862
"ENSG00000164237",127.285109566556,-0.319951542787377,0.346576974168573,-0.92317599446683,0.355915496691985,0.990645858677862
"ENSG00000172775",179.592208853112,0.247538594249828,0.268154479861491,0.923119369020756,0.355945001885158,0.990645858677862
"ENSG00000175216",300.207723040109,-0.229057331442235,0.247588943083946,-0.925151699381715,0.354887003851213,0.990645858677862
"ENSG00000183741",336.895018929963,0.222476708584596,0.239893890121495,0.927396310393408,0.353720805613201,0.990645858677862
"ENSG00000196693",150.887272054606,-0.267271718771712,0.289792210751939,-0.922287448921449,0.356378659039228,0.990645858677862
"ENSG00000211456",224.887562902673,-0.237534812436514,0.255875890346038,-0.928320413913478,0.353241387946808,0.990645858677862
"ENSG00000219451",233.69104178835,0.240817484241229,0.2607193051434,0.923665718228174,0.355660386114926,0.990645858677862
"ENSG00000223380",326.209474105745,-0.224557299536432,0.242448534039098,-0.92620605204492,0.354338907980357,0.990645858677862
"ENSG00000232561",233.002786774378,-0.234291348874526,0.253815192212631,-0.923078507760289,0.355966293967013,0.990645858677862
"ENSG00000053900",117.354583841672,0.27929431877851,0.303057584544979,0.921588282299061,0.356743372868478,0.99069195950181
"ENSG00000100393",530.892957850415,-0.21342992902164,0.231794767780212,-0.920771124670138,0.3571699335491,0.991064219746486
"ENSG00000125648",187.762457367299,0.24947195531669,0.270939305374092,0.920766940670487,0.357172118445656,0.991064219746486
"ENSG00000134684",212.44720433294,-0.241081888088065,0.261933428155548,-0.920393741973628,0.357367037728985,0.991196163202124
"ENSG00000014824",318.747211307664,-0.22449018923241,0.244273014336551,-0.919013464676515,0.358088529500918,0.99127764144528
"ENSG00000088808",285.151833822092,-0.253230933151438,0.275337241865595,-0.919711882909948,0.357723341280572,0.99127764144528
"ENSG00000100938",200.912739222183,0.24110026509196,0.262211452651879,0.919487927219004,0.35784041746576,0.99127764144528
"ENSG00000106809",135.130464792727,0.332540986998031,0.361990297645001,0.918646132676599,0.358280693778394,0.99127764144528
"ENSG00000135446",120.266926198581,0.277750122691563,0.302266400034674,0.91889182079021,0.358152158509681,0.99127764144528
"ENSG00000226608",188.887324727885,0.246995299775124,0.268721006702643,0.919151438162184,0.35801636747831,0.99127764144528
"ENSG00000072135",383.873017281863,-0.232527245681397,0.25341283269286,-0.917582756999615,0.358837348579411,0.991594086501692
"ENSG00000136997",123.542832647422,0.280934579068415,0.30611880254816,0.917730556665879,0.358759946044737,0.991594086501692
"ENSG00000171055",107.873842958631,0.289698524798075,0.315651690103744,0.917779102348102,0.358734525010779,0.991594086501692
"ENSG00000142599",1523.56049947878,-0.197102371775591,0.215051256628721,-0.916536712528411,0.35938546105908,0.99270086697469
"ENSG00000170248",490.35670047439,-0.206872462830895,0.22587273827049,-0.915880616735424,0.359729514256844,0.992974893241058
"ENSG00000170525",191.294809839893,0.259665490986592,0.283544315152574,0.915784507430055,0.359779930839795,0.992974893241058
"ENSG00000166598",3472.34550912842,-0.185908360945883,0.203114411716874,-0.915288872780848,0.360039999062392,0.993048116812233
"ENSG00000170540",308.565736151214,-0.225224513772536,0.246100956292233,-0.915171225523777,0.360101747978745,0.993048116812233
"ENSG00000198231",637.206311802112,0.200641716021772,0.219397011318305,0.914514353756067,0.360446639108208,0.993591842066314
"ENSG00000100345",3248.70392190458,0.200290663022084,0.219102857249149,0.914139895466207,0.360643341527007,0.99372679848859
"ENSG00000061273",305.53605199967,0.234838710020759,0.25703906083653,0.913630439111002,0.360911066379429,0.994039637202363
"ENSG00000143870",684.363637791026,-0.200914835079767,0.220084911629007,-0.912896906892214,0.361296764463105,0.994039637202363
"ENSG00000159337",167.081060183563,0.760962195466343,0.833657616770735,0.912799427676333,0.361348039393366,0.994039637202363
"ENSG00000166454",340.214440783718,-0.219655996419028,0.240514958227958,-0.913273744125466,0.361098587656929,0.994039637202363
"ENSG00000116649",115.03035230255,0.275580425678715,0.302042961108953,0.91238817374495,0.361564412829361,0.994228225956779
"ENSG00000131149",507.845675946,-0.205632575476781,0.225540276751567,-0.911733276373004,0.361909142242845,0.994717977954605
"ENSG00000181061",166.119022314539,0.255336927562117,0.280131965491853,0.911488009280908,0.36203830062933,0.994717977954605
"ENSG00000166471",147.857376508657,-0.255861917815023,0.281167921049115,-0.909996833423712,0.362824179762604,0.996451607168337
"ENSG00000178035",373.006639051654,0.214138077011709,0.235386728476818,0.909728761673997,0.36296557204318,0.996451607168337
"ENSG00000138668",581.366591659082,0.20425623582122,0.224642483110807,0.909250258422705,0.363218040436747,0.996728219666378
"ENSG00000158161",175.497704304269,-0.247488852562519,0.272291443864825,-0.908911602398278,0.363396788883591,0.996728219666378
"ENSG00000203832",204.513947150757,-0.237294307099727,0.26113733103284,-0.908695459822577,0.36351090140375,0.996728219666378
"ENSG00000115825",128.908359228055,-0.276758072087448,0.304745442032515,-0.908161481404271,0.363792911514821,0.996841842178915
"ENSG00000228929",173.431618128685,0.260929089556135,0.287349187941201,0.908055775015895,0.363848754467624,0.996841842178915
"ENSG00000065243",195.680910584043,-0.239345199352271,0.264874167949432,-0.903618503854875,0.366197726084794,0.997184577184747
"ENSG00000100354",285.735705105279,-0.221979612719902,0.245311166517487,-0.904889964330583,0.365523684185072,0.997184577184747
"ENSG00000104960",437.168973362331,-0.208664460491596,0.230645863263189,-0.904696306013907,0.365626298627817,0.997184577184747
"ENSG00000107262",188.262999813055,0.245333263925325,0.270636181332291,0.906505784694403,0.364668204471795,0.997184577184747
"ENSG00000108587",202.688504375855,-0.235889890362714,0.260644936866199,-0.905023873468938,0.36545273977365,0.997184577184747
"ENSG00000113851",151.112965443517,-0.256799379922748,0.283987058172514,-0.904264375902476,0.365855231791295,0.997184577184747
"ENSG00000129219",152.945586780631,0.25863192730257,0.285898585815091,0.904628214809864,0.365662382636234,0.997184577184747
"ENSG00000130513",591.916553519002,-0.22261134602024,0.245793394653813,-0.905684818478448,0.365102700260893,0.997184577184747
"ENSG00000131089",119.868630686131,0.289917096847076,0.320734671213247,0.903915675066882,0.366040116717186,0.997184577184747
"ENSG00000149483",117.673842035387,0.270256054269921,0.298849636041689,0.904321175857884,0.36582512136574,0.997184577184747
"ENSG00000161048",122.237726530895,-0.26853583641698,0.296167068228348,-0.906703902035241,0.36456339942138,0.997184577184747
"ENSG00000162086",107.001437810459,-0.284070617929187,0.313394462676414,-0.9064315160619,0.3647074977957,0.997184577184747
"ENSG00000181904",194.668417393642,-0.248621766968693,0.274113542810941,-0.907002858812304,0.364405285447836,0.997184577184747
"ENSG00000185164",381.344452019102,-0.212406679185061,0.234919420122858,-0.904168242344448,0.365906197016148,0.997184577184747
"ENSG00000187954",216.777476303414,-0.232511724704678,0.257245887042886,-0.903850115457492,0.366074883635064,0.997184577184747
"ENSG00000112282",213.814430864176,-0.238079121688814,0.263563782324428,-0.903307425584583,0.366362756622831,0.997230231098809
"ENSG00000143801",132.466452493721,-0.264921718367961,0.293538212198186,-0.902511861689395,0.366785023234409,0.99730741566391
"ENSG00000145022",207.189817767075,-0.243105192755135,0.269393718079981,-0.902415967557784,0.366835942068468,0.99730741566391
"ENSG00000172009",178.608350958186,-0.273085468937938,0.302476118473221,-0.902833156932737,0.366614450759596,0.99730741566391
"ENSG00000000003",165.674852327219,-0.0282998198939746,0.287580499701032,-0.098406602406613,0.921609432166531,0.997528070348248
"ENSG00000001036",145.013011573921,-0.155747606336864,0.286717658878129,-0.543208977592364,0.586985926056545,0.997528070348248
"ENSG00000001084",219.833757879502,0.0482033029413207,0.272685662999428,0.176772414108995,0.85968715813494,0.997528070348248
"ENSG00000001461",498.207373285847,-0.590340442574874,0.83373601751928,-0.708066378529967,0.478904037346471,0.997528070348248
"ENSG00000001497",164.389882658338,0.0380719367750119,0.276682368271833,0.137601600755445,0.890555290345045,0.997528070348248
"ENSG00000001617",178.623913153849,0.222769562108593,0.284265576532927,0.783667037091244,0.433235509039177,0.997528070348248
"ENSG00000001629",180.427010525272,-0.180586976118261,0.27600717777301,-0.654283622532372,0.512929095260465,0.997528070348248
"ENSG00000001631",114.184742407352,0.0394315538461556,0.317449357332184,0.124213683018718,0.901146088659803,0.997528070348248
"ENSG00000002549",179.137659531463,-0.161064836555292,0.282900134178076,-0.569334606444219,0.569129085919069,0.997528070348248
"ENSG00000002834",327.227478276575,0.124375050612501,0.241834794842959,0.514297583576699,0.607043950895366,0.997528070348248
"ENSG00000003056",203.604712423116,0.157023872987016,0.269658929179699,0.582305482947224,0.560360932962437,0.997528070348248
"ENSG00000003147",171.126878928802,-0.0897607474277071,0.279842692485862,-0.320754301748444,0.748396592835217,0.997528070348248
"ENSG00000003402",548.679052937628,0.0842539162111865,0.228531653703355,0.368675038428383,0.712369956549278,0.997528070348248
"ENSG00000003756",681.06680517377,-0.19387491549179,0.223737538203703,-0.86652833068752,0.386200497034799,0.997528070348248
"ENSG00000004059",216.213976901043,-0.0911473210531487,0.261319300009594,-0.348796744250433,0.727241907816026,0.997528070348248
"ENSG00000004142",267.124594681136,-0.204701858535929,0.256911974922983,-0.796778190651854,0.425579863516361,0.997528070348248
"ENSG00000004455",275.6285884009,0.0496977899448953,0.2454745173834,0.202456004291776,0.839560249656091,0.997528070348248
"ENSG00000004487",328.744051895622,-0.152462155286897,0.244352302453002,-0.623944009351912,0.532664356557584,0.997528070348248
"ENSG00000004534",716.684128303289,0.0757707507960461,0.221989476160318,0.341325868715171,0.73285827555518,0.997528070348248
"ENSG00000004799",112.622455900782,-0.257658997475994,0.308343675830705,-0.835622773134029,0.403367153110612,0.997528070348248
"ENSG00000004897",128.965778426604,0.0412494060998209,0.295987861444444,0.139361816726269,0.889164243706564,0.997528070348248
"ENSG00000004975",134.597686475726,-0.00927277849139072,0.292355372039882,-0.0317174896657133,0.974697347167292,0.997528070348248
"ENSG00000005007",461.921225733091,-0.079357200949485,0.23215458642507,-0.341829132783893,0.732479484001541,0.997528070348248
"ENSG00000005022",367.876551305819,-0.0337140750831078,0.236740929409762,-0.142409152347096,0.886756833539699,0.997528070348248
"ENSG00000005187",183.008873979713,0.2479322962966,0.302425594078961,0.8198125461295,0.412322977721706,0.997528070348248
"ENSG00000005206",246.375998214066,-0.0515026244956973,0.253148232842261,-0.203448485171884,0.83878450644709,0.997528070348248
"ENSG00000005238",108.446417584531,-0.203289654838271,0.307463596078328,-0.661182843859283,0.508495062174282,0.997528070348248
"ENSG00000005339",453.997624629881,-0.11975656982749,0.236362310299107,-0.506665253339007,0.612389714602093,0.997528070348248
"ENSG00000005379",260.199621827882,0.0223457419471628,0.248547095279198,0.0899054640814102,0.928362339030353,0.997528070348248
"ENSG00000005469",183.637840781431,-0.147645085963177,0.28214999729871,-0.523285796125194,0.600775383891335,0.997528070348248
"ENSG00000005483",403.595047390914,-0.0898464613961855,0.231600703489301,-0.387936910564419,0.698062722305607,0.997528070348248
"ENSG00000005486",274.069634342394,-0.144012384349434,0.246119443584414,-0.585132089736909,0.558458903232024,0.997528070348248
"ENSG00000005812",223.305487199434,-0.221626857869191,0.257161403052546,-0.861820068013494,0.388786539938671,0.997528070348248
"ENSG00000005955",236.786062764352,0.127595952799541,0.253974151635518,0.502397397443247,0.615388009385228,0.997528070348248
"ENSG00000006007",307.75679524362,-0.178063279014346,0.24344820189479,-0.73142162327943,0.464521661560598,0.997528070348248
"ENSG00000006042",271.045200378769,-0.218415243444276,0.246896815861316,-0.884641799378089,0.376349854921183,0.997528070348248
"ENSG00000006118",111.872320849514,0.104568221793953,0.324554327318102,0.322190194344453,0.747308612535755,0.997528070348248
"ENSG00000006125",591.640967570009,0.0107495278050027,0.222913571496902,0.0482228503756763,0.961538639403605,0.997528070348248
"ENSG00000006194",126.748683062134,0.0954958105764052,0.292979757636993,0.325946786722126,0.744464616290304,0.997528070348248
"ENSG00000006282",359.453404135492,-0.151473309689257,0.248947765071482,-0.608454185743598,0.542886282844122,0.997528070348248
"ENSG00000006453",212.177963621956,-0.242539211893983,0.273547471759661,-0.886643953730555,0.375270621778349,0.997528070348248
"ENSG00000006459",128.797315716026,-0.154355904910918,0.314238624538036,-0.491206022613666,0.623280739714481,0.997528070348248
"ENSG00000006625",112.459557866643,0.129082040251883,0.31005251555182,0.416323151006039,0.677173554073737,0.997528070348248
"ENSG00000006652",207.142154955783,-0.144833311089161,0.273923053291942,-0.528737210499768,0.596987760328383,0.997528070348248
"ENSG00000006712",265.088713114537,0.0262676495144759,0.248875424672541,0.105545372947279,0.915943068613424,0.997528070348248
"ENSG00000006715",235.371197546402,-0.0636515803996952,0.256956998107609,-0.247712967027421,0.804356498272006,0.997528070348248
"ENSG00000006744",202.004180590801,0.148319601798316,0.263529496498405,0.562819736572502,0.57355763938905,0.997528070348248
"ENSG00000006831",260.422392925516,-0.0987942229839904,0.251974138104574,-0.392080805304665,0.694998509539282,0.997528070348248
"ENSG00000007168",449.156681271375,0.0191036001564813,0.228744675883091,0.083514949944649,0.933442090582205,0.997528070348248
"ENSG00000007202",786.111828804392,-0.180065282168,0.21479088024978,-0.838328340377404,0.401846323310797,0.997528070348248
"ENSG00000007384",240.088839049165,-0.0616242735526105,0.258197345146307,-0.238671212973515,0.8113605404347,0.997528070348248
"ENSG00000007392",278.695917064719,0.218160861443133,0.248760719103186,0.876990797540826,0.380491636478681,0.997528070348248
"ENSG00000007516",126.12322474001,-0.220404302421533,0.301471126845631,-0.731095892093149,0.464720583288297,0.997528070348248
"ENSG00000007541",133.115506597413,-0.23618353517932,0.29452795701461,-0.80190531850803,0.422607729372017,0.997528070348248
"ENSG00000007545",119.708637773001,-0.0407064867604705,0.306296492599855,-0.132898964708843,0.894273285684329,0.997528070348248
"ENSG00000007866",243.895258251574,0.196191272531344,0.256131010491553,0.765980160523412,0.443688107052764,0.997528070348248
"ENSG00000007923",122.682615954274,-0.0247877192562676,0.314111323821978,-0.0789138034078515,0.937101183950498,0.997528070348248
"ENSG00000008018",320.640838181583,0.104589975528568,0.245248640620484,0.42646505711083,0.669769004737798,0.997528070348248
"ENSG00000008130",217.849613805494,-0.217573552353915,0.267141921085538,-0.814449306457776,0.415387602016237,0.997528070348248
"ENSG00000008256",161.812623203626,-0.0270167077515436,0.32705408637953,-0.0826062381626751,0.934164640894826,0.997528070348248
"ENSG00000008277",110.96440145259,-0.0404275678519946,0.312595665871162,-0.129328625652337,0.897097621639349,0.997528070348248
"ENSG00000008282",362.281248719773,0.0354208140339855,0.244449300205201,0.144900451767511,0.884789469741775,0.997528070348248
"ENSG00000008294",237.368981211636,-0.0580491110599609,0.266210632563831,-0.218057071954262,0.82738464416283,0.997528070348248
"ENSG00000008441",1084.6841430654,-0.0156677111749939,0.21076361226269,-0.0743378375744769,0.940741570275957,0.997528070348248
"ENSG00000008838",239.746192760743,0.00776204567852167,0.255511504358201,0.0303784586843497,0.975765224405569,0.997528070348248
"ENSG00000009307",2074.53598823167,0.0683048915444334,0.206337552695716,0.331034708185969,0.740618268816476,0.997528070348248
"ENSG00000009335",315.130976070226,-0.0868591282690073,0.242966104820938,-0.357494837944663,0.720721389955219,0.997528070348248
"ENSG00000009413",117.361170939711,0.0688771375202192,0.302128605577516,0.227972910372261,0.819667300419646,0.997528070348248
"ENSG00000009954",409.379495614111,0.0453007879083243,0.230625387474094,0.19642585061635,0.844276864490999,0.997528070348248
"ENSG00000010017",195.447388860238,-0.115644449940145,0.269965715077268,-0.42836717213164,0.668383821139874,0.997528070348248
"ENSG00000010165",105.792315374005,-0.0449998073808082,0.311201375688187,-0.144600284241341,0.885026472800846,0.997528070348248
"ENSG00000010244",521.577068992991,-0.160039896050402,0.223817125653349,-0.715047588888593,0.474579637876633,0.997528070348248
"ENSG00000010256",336.263344049846,-0.0125117697574739,0.239899169438639,-0.05215428543063,0.958405758267411,0.997528070348248
"ENSG00000010292",128.995223777812,0.120218288527788,0.304230823354137,0.395154860386546,0.6927286036344,0.997528070348248
"ENSG00000010404",373.885351285645,0.171261873552237,0.250018266254336,0.684997444858756,0.493345533341684,0.997528070348248
"ENSG00000010803",282.881070803362,-0.0828456421521389,0.248649731466731,-0.333182109883852,0.73899682162681,0.997528070348248
"ENSG00000011007",199.910611092339,-0.142998192506201,0.262380532087602,-0.545003058605191,0.585751414002894,0.997528070348248
"ENSG00000011021",176.974237115504,-0.0766190881805666,0.271122105422639,-0.282599930614765,0.777483533523531,0.997528070348248
"ENSG00000011105",331.816616059624,-0.195927597316934,0.243047181612487,-0.806129888102632,0.420167959754614,0.997528070348248
"ENSG00000011114",141.445294165691,-0.151767882873646,0.28738274587567,-0.52810367028543,0.597427383543931,0.997528070348248
"ENSG00000011243",253.128588425048,-0.102290133979329,0.251065324112345,-0.407424379854053,0.683696323880064,0.997528070348248
"ENSG00000011275",188.658484144303,0.138981473333073,0.283072329420382,0.490975128574561,0.623444038664316,0.997528070348248
"ENSG00000011295",257.966116260404,-0.145953851782453,0.250096406711862,-0.583590359019464,0.559495948094127,0.997528070348248
"ENSG00000011304",541.556661229652,-0.084045319608481,0.224460933483892,-0.374431836774449,0.708083060428531,0.997528070348248
"ENSG00000011451",139.869226879286,-0.0419108188163855,0.29172685130978,-0.143664591134537,0.885765333258495,0.997528070348248
"ENSG00000011454",383.754870502841,-0.0418679606309805,0.234183366790222,-0.178782811114357,0.858108242566707,0.997528070348248
"ENSG00000011566",180.064945430275,-0.0977784085003507,0.279624006254859,-0.349678161792848,0.726580244609675,0.997528070348248
"ENSG00000012061",145.168075688174,0.0185570387564682,0.283001856250179,0.0655721450111743,0.947718466431056,0.997528070348248
"ENSG00000012232",144.688033392156,0.0116840831563699,0.292876797400435,0.0398941918925551,0.968177481616912,0.997528070348248
"ENSG00000012779",148.343860983564,0.0269951643915829,0.348513697209723,0.0774579725494641,0.938259223830657,0.997528070348248
"ENSG00000012817",378.545638861426,0.0305279842869076,0.234478705008271,0.130195124908382,0.896412051511828,0.997528070348248
"ENSG00000012983",184.203300022261,0.10858818356446,0.276555489860892,0.39264519254013,0.694581555966948,0.997528070348248
"ENSG00000013275",229.424278087665,-0.0771771369770524,0.254945851808037,-0.30271972040229,0.762103467825993,0.997528070348248
"ENSG00000013288",376.211741854435,-0.200908186832814,0.238877360835438,-0.84105160124914,0.40031902716837,0.997528070348248
"ENSG00000013306",280.474768810015,-0.0291534016327279,0.253566718268363,-0.114973297094429,0.908466287492893,0.997528070348248
"ENSG00000013374",245.421521468276,0.20642189807496,0.255032121563525,0.809395682431882,0.418287584888999,0.997528070348248
"ENSG00000013441",548.606748110886,0.027965111919302,0.226486281281483,0.123473756384151,0.901731954622166,0.997528070348248
"ENSG00000013523",119.579983854693,0.0873906915751718,0.297854121427303,0.29340098151538,0.769215675306549,0.997528070348248
"ENSG00000013561",165.187181476622,-0.117728288482013,0.287269640683617,-0.409818065709466,0.681939412844712,0.997528070348248
"ENSG00000013583",127.153576058818,0.0796164700272328,0.298354051969958,0.266852316908535,0.789582871228607,0.997528070348248
"ENSG00000014216",540.052617325994,-0.0371850687227996,0.223052165413616,-0.166710189313095,0.867598087827104,0.997528070348248
"ENSG00000014257",22143.496745612,-0.531185310401703,0.778688936688323,-0.68215340603242,0.495141953620121,0.997528070348248
"ENSG00000014641",302.444194058301,0.0967785859817888,0.250821520023629,0.385846421681327,0.699610412876901,0.997528070348248
"ENSG00000015171",488.456029954427,-0.0934335177409222,0.22779252771765,-0.410169370686002,0.681681707735458,0.997528070348248
"ENSG00000015479",896.146483551519,-0.0390248856123075,0.222958397416393,-0.175032140814259,0.861054378688863,0.997528070348248
"ENSG00000015532",147.025779917497,-0.163765971838228,0.28195572467856,-0.580821588300528,0.56136070365182,0.997528070348248
"ENSG00000015676",371.906828299362,-0.127218872430875,0.233709088369334,-0.544347133945552,0.586202617787824,0.997528070348248
"ENSG00000016391",135.595946499934,-0.164650645940514,0.307482999669572,-0.535478859375807,0.592318772333486,0.997528070348248
"ENSG00000016402",118.415530031452,-0.212707351709447,0.327054969632527,-0.650371868522411,0.51545204413729,0.997528070348248
"ENSG00000016864",221.970315577913,-0.107255912018161,0.25837858023615,-0.415111469070434,0.67806030386534,0.997528070348248
"ENSG00000017797",257.399669430706,-0.0414288413967533,0.252780141114951,-0.163892785303548,0.869815546796145,0.997528070348248
"ENSG00000018189",119.342235457873,0.0853906968696778,0.299057212708068,0.28553297911271,0.775235841848095,0.997528070348248
"ENSG00000019102",111.211337776184,0.18926610561109,0.363131958569768,0.521204760816244,0.602224138019665,0.997528070348248
"ENSG00000020129",131.340698649899,-0.130919168257873,0.298882807435031,-0.438028434560696,0.661365671174944,0.997528070348248
"ENSG00000020577",160.402388666648,0.181783628480515,0.317737335602809,0.572119194414584,0.567241226228549,0.997528070348248
"ENSG00000021762",162.557226931136,-0.0906849644860863,0.279756804341378,-0.324156421144368,0.745819613083499,0.997528070348248
"ENSG00000022277",192.184341017436,0.12119467282159,0.264279359483924,0.458585464480671,0.646531876691432,0.997528070348248
"ENSG00000022567",136.718272356873,0.0324642234195483,0.286313893672768,0.113386825218661,0.909723884301915,0.997528070348248
"ENSG00000022840",627.373238352932,-0.0552625202846915,0.220047935994098,-0.251138553220394,0.801706989663036,0.997528070348248
"ENSG00000023041",148.941255138794,-0.0396458063507017,0.280841121210065,-0.141168095967852,0.887737149366671,0.997528070348248
"ENSG00000023191",384.553396678432,0.118765577807465,0.23285298795935,0.510045324512641,0.610019708544689,0.997528070348248
"ENSG00000023228",342.881805596839,-0.15939432484275,0.240098764487935,-0.663869825330816,0.506773630453171,0.997528070348248
"ENSG00000023318",311.688808857241,-0.125008995483977,0.248665470407022,-0.502719558446773,0.61516145669093,0.997528070348248
"ENSG00000023445",111.886346389633,0.258752129041537,0.401814471456517,0.643959208595946,0.519601885818415,0.997528070348248
"ENSG00000023734",221.038001028564,0.0141005420240738,0.265161307852489,0.053177223095905,0.957590703268839,0.997528070348248
"ENSG00000025293",153.967677472314,-0.122727620758861,0.284186668985694,-0.431855657399045,0.665846324701578,0.997528070348248
"ENSG00000025796",449.857890295202,-0.205878356577343,0.238028864660072,-0.864930212860348,0.387077093619982,0.997528070348248
"ENSG00000025800",320.17234948547,-0.142772457344482,0.242201405685485,-0.589478235852528,0.555540507797134,0.997528070348248
"ENSG00000026103",114.379243554903,0.031573260079152,0.315780651242096,0.0999847835988723,0.920356405833515,0.997528070348248
"ENSG00000027697",297.826572139831,0.0954584580393359,0.259049059008143,0.368495675702629,0.712503668948615,0.997528070348248
"ENSG00000028203",193.925188801131,-0.164421838073746,0.266132656641863,-0.617819098747474,0.536694592399722,0.997528070348248
"ENSG00000028310",163.400613419927,-0.07729168125626,0.278109228769957,-0.277918433696399,0.781074973085963,0.997528070348248
"ENSG00000028528",591.370865444882,0.0930736742282846,0.221549153133698,0.420103949447812,0.674409517648034,0.997528070348248
"ENSG00000030066",146.394364191633,-0.160869354270354,0.291328065197386,-0.55219312345125,0.580816045213425,0.997528070348248
"ENSG00000030582",746.875062360909,-0.0547638251462258,0.227236115670485,-0.240999653530598,0.809555385053902,0.997528070348248
"ENSG00000031003",227.460880998738,0.0697652768673991,0.270885853961312,0.257544924724504,0.796758139642652,0.997528070348248
"ENSG00000031698",361.858037908846,0.151514271368751,0.24046258253355,0.630095001776881,0.528632429663291,0.997528070348248
"ENSG00000031823",223.410775177738,0.0453093899615022,0.263001886420322,0.17227781358606,0.863219125758625,0.997528070348248
"ENSG00000032444",160.120389862724,-0.0226342188322501,0.289991925143832,-0.0780512037396346,0.937787322493073,0.997528070348248
"ENSG00000033050",117.973371110579,0.0559834085076015,0.30094429708303,0.18602581623986,0.852424516244677,0.997528070348248
"ENSG00000033100",210.808914543947,-0.0208860692618857,0.279257724241772,-0.0747913753096521,0.940380704104496,0.997528070348248
"ENSG00000033800",113.777269889413,-0.248367470614461,0.303945783731692,-0.817143990500974,0.413846146023397,0.997528070348248
"ENSG00000033867",114.461977062911,-0.170009720328351,0.362516699958857,-0.468970726997256,0.63909056009962,0.997528070348248
"ENSG00000034152",116.709025053902,0.0374329879655596,0.305831588634758,0.122397389140414,0.902584306129776,0.997528070348248
"ENSG00000034713",297.976879613836,-0.126019850596185,0.243067639729266,-0.518455894567242,0.604140225212729,0.997528070348248
"ENSG00000035115",319.694162575011,-0.139593139199484,0.245744128014104,-0.568042623551404,0.570006026005274,0.997528070348248
"ENSG00000035141",131.539238943925,0.0619382493304246,0.2927819694858,0.211550764000953,0.832457524468849,0.997528070348248
"ENSG00000035681",221.001274603315,-0.136418085172369,0.260392389179865,-0.523894287394624,0.600352068318964,0.997528070348248
"ENSG00000035687",153.325303304079,-0.113980366756697,0.280689991728561,-0.40607207280451,0.68468964486792,0.997528070348248
"ENSG00000035928",207.772219769841,0.0504471043103868,0.261419842488254,0.192973508935739,0.846979714933888,0.997528070348248
"ENSG00000036054",119.798840406949,-0.0586911945633337,0.307026237922558,-0.191160191912124,0.848400090693025,0.997528070348248
"ENSG00000036257",285.292119194672,-0.103580444662023,0.24493255293752,-0.422893745317901,0.67237278644794,0.997528070348248
"ENSG00000036549",153.528941514874,-0.187129247014793,0.289085723327415,-0.647314038413626,0.517428717639184,0.997528070348248
"ENSG00000037474",270.989291428232,-0.205561723775739,0.252518774490156,-0.814045308871687,0.415618995165556,0.997528070348248
"ENSG00000037637",189.010047854023,-0.186228312567733,0.264905605290993,-0.702998762004924,0.48205652098791,0.997528070348248
"ENSG00000038210",116.45137183262,-0.153755826118892,0.299994222507753,-0.512529290842988,0.608280625982009,0.997528070348248
"ENSG00000038219",175.295074088666,0.164099994048229,0.27015158736442,0.607436719691995,0.543561126022577,0.997528070348248
"ENSG00000038358",183.550793913682,-0.162822720402211,0.272624615756724,-0.597241448466653,0.550346189908747,0.997528070348248
"ENSG00000038382",397.102693102499,-0.159400296996726,0.239149833146439,-0.666528991049389,0.505073039533056,0.997528070348248
"ENSG00000038427",221.645509896193,0.0236189133546084,0.285100696633419,0.0828441095848234,0.933975495273342,0.997528070348248
"ENSG00000038532",157.236688727498,-0.137053307793011,0.278619836373833,-0.491900754722726,0.622789504737348,0.997528070348248
"ENSG00000039123",162.627770932876,0.034911514586529,0.279387031718596,0.124957534255536,0.900557169513119,0.997528070348248
"ENSG00000039523",202.674875943204,0.111037886019793,0.263058715201266,0.422103050016182,0.672949801795517,0.997528070348248
"ENSG00000039560",295.084616946921,-0.191050350068563,0.326025648762066,-0.585997913949378,0.557876916679879,0.997528070348248
"ENSG00000039650",149.695162876297,-0.149632074608579,0.28933103279239,-0.517165660262747,0.605040521311852,0.997528070348248
"ENSG00000040341",130.168370214465,-0.19138795531415,0.2944842661801,-0.649908933325157,0.5157510473904,0.997528070348248
"ENSG00000040633",110.740190450799,-0.0237155239480286,0.322330623777212,-0.073575149857372,0.941348445074033,0.997528070348248
"ENSG00000040933",128.02355658839,0.0188173312439657,0.30223948474983,0.0622596721918753,0.950356043070883,0.997528070348248
"ENSG00000041802",132.299250677457,0.101333720137588,0.293309354163952,0.345484106452823,0.729730456785647,0.997528070348248
"ENSG00000042753",135.708198147321,0.0862831929424871,0.295834710469798,0.291660139560587,0.770546488721826,0.997528070348248
"ENSG00000043143",212.61697590193,0.0269880439857682,0.292322961507606,0.0923226962623185,0.9264416563667,0.997528070348248
"ENSG00000044090",288.413389980396,-0.205272387181388,0.243348557002652,-0.843532378863256,0.398930764981475,0.997528070348248
"ENSG00000044115",1010.83314199885,-0.021352729671757,0.213294158983558,-0.100109303384173,0.920257549406771,0.997528070348248
"ENSG00000044446",254.786505341186,-0.21784796558422,0.2495170646129,-0.873078424203929,0.382620333135416,0.997528070348248
"ENSG00000044524",194.476928157593,-0.0128150645992833,0.278723552111319,-0.0459776882944039,0.963328033260818,0.997528070348248
"ENSG00000044574",2531.81879247346,-0.140965265979585,0.205252085585102,-0.686790906790266,0.492214500812536,0.997528070348248
"ENSG00000046651",115.996940922813,-0.0409678061877584,0.303619010101533,-0.134931624255209,0.892665935648939,0.997528070348248
"ENSG00000047056",154.428309447548,-0.129656746531855,0.280874573025166,-0.46161795685307,0.644355315056953,0.997528070348248
"ENSG00000047230",122.361743171926,-0.0255124876088117,0.301139656174479,-0.0847197872671736,0.932484164557801,0.997528070348248
"ENSG00000047249",190.367821805689,-0.170049607913338,0.267321721540738,-0.636123420623055,0.524695981382433,0.997528070348248
"ENSG00000047315",361.04666494795,0.0114186332605691,0.236454377231893,0.0482910631397224,0.961484276827186,0.997528070348248
"ENSG00000047410",449.518642681611,-0.17108256795463,0.243009346215423,-0.704016411792526,0.481422553114034,0.997528070348248
"ENSG00000047578",225.879579880924,-0.222498843943848,0.261899300948617,-0.849558754597446,0.395570451353663,0.997528070348248
"ENSG00000047644",217.122188295109,0.165280828547015,0.260589735836921,0.634256863633528,0.525913202945474,0.997528070348248
"ENSG00000047932",168.473573583832,-0.0689749104299111,0.280376741433488,-0.246007960850325,0.805676069983475,0.997528070348248
"ENSG00000048028",121.495659156442,0.0453938211657286,0.296486325990865,0.153105951898528,0.878314722283486,0.997528070348248
"ENSG00000048052",119.706897663441,-0.0194963411210346,0.359804756324196,-0.0541858904818582,0.956787061933677,0.997528070348248
"ENSG00000048140",104.19287567084,-0.228003581037199,0.311403519378878,-0.732180488813912,0.464058411570553,0.997528070348248
"ENSG00000048649",171.618890313874,-0.150082206954808,0.275288422696157,-0.545181687936285,0.585628564668425,0.997528070348248
"ENSG00000048707",437.013558174049,0.156688402856273,0.229031306967241,0.684135304169071,0.493889730465284,0.997528070348248
"ENSG00000048740",139.490874821421,0.133425927694757,0.300529603258859,0.443969333629444,0.657064755553843,0.997528070348248
"ENSG00000048828",688.982292939193,-0.13335272732996,0.217705932768907,-0.612536027998431,0.540183168703828,0.997528070348248
"ENSG00000048991",110.820534499578,-0.188996647445998,0.305522013341957,-0.618602389329186,0.536178327445959,0.997528070348248
"ENSG00000049245",260.826323464133,0.0800464099226075,0.250397490097792,0.319677365341584,0.749212919943651,0.997528070348248
"ENSG00000049246",197.669808433925,-0.0919455714158982,0.270191044557689,-0.340298367647291,0.733631846313696,0.997528070348248
"ENSG00000049283",120.415734562383,0.0351574594877064,0.318255721087172,0.110469214402831,0.91203726375908,0.997528070348248
"ENSG00000049449",332.911144073438,0.124529978373636,0.251510809789241,0.4951277381596,0.620509954990968,0.997528070348248
"ENSG00000049618",397.226861236466,-0.0760999480276302,0.23811851536551,-0.319588537291262,0.749280264933977,0.997528070348248
"ENSG00000049860",497.331643022465,0.121363533298172,0.239961627235122,0.505762253309176,0.613023559970648,0.997528070348248
"ENSG00000050405",521.895258488582,0.1773309385996,0.241156739278117,0.735334783222004,0.462135629465421,0.997528070348248
"ENSG00000050426",225.156098109838,0.0976852234543782,0.257798810352297,0.378920381055622,0.704746988928508,0.997528070348248
"ENSG00000050820",163.446279457563,0.0107906834455015,0.275210183196615,0.0392088814453223,0.968723852713536,0.997528070348248
"ENSG00000051009",216.069214917976,-0.204280957831005,0.260453200601612,-0.784328844334196,0.432847178611646,0.997528070348248
"ENSG00000051108",1288.31994284915,-0.201991284964604,0.237883838508939,-0.849117309652852,0.395816019480259,0.997528070348248
"ENSG00000051620",472.546534176088,-0.179718556811224,0.239016392523238,-0.751908916848668,0.452105835422964,0.997528070348248
"ENSG00000052841",409.208286319162,-0.0962735259928584,0.23998477619423,-0.401165138554207,0.688298545442463,0.997528070348248
"ENSG00000053254",268.717075954134,-0.161060876033968,0.24960567728527,-0.645261268836824,0.518757887488524,0.997528070348248
"ENSG00000054116",185.125670749369,0.103562828314381,0.267748429398665,0.386791543640319,0.698910538110561,0.997528070348248
"ENSG00000054118",708.31961974052,-0.149225353483932,0.228627193746292,-0.652701680140149,0.513948619125265,0.997528070348248
"ENSG00000054148",195.340915469595,-0.189311779325652,0.278652639004186,-0.679382689509746,0.496895415178371,0.997528070348248
"ENSG00000054654",305.04603205474,0.113267232099239,0.275756628437546,0.410750714283888,0.681255335871764,0.997528070348248
"ENSG00000054793",660.70486022712,-0.136228283096304,0.238961167803031,-0.570085442537646,0.568619748220079,0.997528070348248
"ENSG00000054965",312.296776860576,-0.134119169488432,0.241726616117708,-0.554838236858134,0.579005310682044,0.997528070348248
"ENSG00000055044",189.695379077059,0.0500127420332843,0.265728476477737,0.188209945340482,0.850712076554646,0.997528070348248
"ENSG00000055130",207.673035489602,0.182668624923582,0.260641928294345,0.700841288732688,0.483402067748035,0.997528070348248
"ENSG00000055163",271.388972185261,-0.12305983403736,0.271112527775384,-0.453906852062974,0.649895871573425,0.997528070348248
"ENSG00000055208",412.567420859678,-0.159424267879734,0.230520758167665,-0.691583131805335,0.489199157815329,0.997528070348248
"ENSG00000055211",150.523441633336,0.226591264511769,0.28683525988025,0.789970049729477,0.429545259718581,0.997528070348248
"ENSG00000055483",283.302993645357,0.117111885182594,0.245267381094554,0.477486588962461,0.633015668417049,0.997528070348248
"ENSG00000055950",130.663832163262,0.0841342791312591,0.297044432237836,0.283238027716658,0.776994379446181,0.997528070348248
"ENSG00000056586",182.384777512312,-0.15058467965283,0.300453375638896,-0.501191505446129,0.616236352003284,0.997528070348248
"ENSG00000056661",143.528258263839,-0.136556065469326,0.28348491544439,-0.481704873979841,0.630015613197201,0.997528070348248
"ENSG00000057019",153.856128133535,0.237793625629989,0.280851569081281,0.846687901398797,0.397169104080132,0.997528070348248
"ENSG00000057608",533.294575161576,-0.0642355137643936,0.228055193117957,-0.28166652504672,0.778199224755479,0.997528070348248
"ENSG00000057663",124.434514377717,-0.26891543345775,0.304907561106697,-0.88195724790061,0.377799926940423,0.997528070348248
"ENSG00000057757",192.520064065655,0.0375962411934637,0.27247310686504,0.137981475038142,0.890255058272583,0.997528070348248
"ENSG00000057935",179.430981858887,0.129172741570301,0.268264634468225,0.481512376114566,0.630152385877044,0.997528070348248
"ENSG00000058085",201.871525079106,0.169471141026019,0.33590451323176,0.504521774344516,0.613894764890116,0.997528070348248
"ENSG00000058091",143.245161609552,0.0199751911698692,0.323673401433693,0.0617140335949454,0.950790564080129,0.997528070348248
"ENSG00000058272",386.513889701389,0.070654179247814,0.235717709510959,0.299740649077235,0.764374989879794,0.997528070348248
"ENSG00000058453",110.48249157618,0.223261046287021,0.31061358865923,0.718774240530595,0.472280031693212,0.997528070348248
"ENSG00000058600",267.916488152716,-0.218146132950192,0.254237444603338,-0.858040928198223,0.390869863913894,0.997528070348248
"ENSG00000058673",405.111013502063,-0.110431153417644,0.234791100853986,-0.47033790043993,0.638113623549396,0.997528070348248
"ENSG00000059122",143.187788342792,-0.203529734852768,0.285755093850875,-0.712252342066676,0.476308529913246,0.997528070348248
"ENSG00000059145",151.972559721038,-0.0562887332189402,0.284575470980013,-0.197798963575795,0.843202357098817,0.997528070348248
"ENSG00000059378",147.322767179308,0.0128575094720089,0.351107333022356,0.0366198830463909,0.970788089783776,0.997528070348248
"ENSG00000059573",333.614098399432,-0.0897079427054105,0.239568000586494,-0.374457116500508,0.708064255724607,0.997528070348248
"ENSG00000059804",171.491516065638,0.134391056481669,0.332262596884254,0.404472419531727,0.685865355387953,0.997528070348248
"ENSG00000060138",518.141885080669,0.236071003040464,0.265309918701384,0.889793356373421,0.373576854565431,0.997528070348248
"ENSG00000060237",690.718094535035,-0.19683035023972,0.222050976156676,-0.886419657533232,0.375391430298439,0.997528070348248
"ENSG00000060491",148.654130688804,-0.109762603433586,0.281461473834557,-0.389973810405415,0.696555913063243,0.997528070348248
"ENSG00000060971",264.155274412591,-0.211086697272186,0.279503588288739,-0.755219990428622,0.450116996051329,0.997528070348248
"ENSG00000061794",136.334561987834,0.14312270723983,0.288964437727728,0.495295228593787,0.620391738492032,0.997528070348248
"ENSG00000061918",164.506946370561,-0.162636316564036,0.329082673717436,-0.494211119433417,0.621157087643729,0.997528070348248
"ENSG00000061936",170.024684559868,0.21600777634623,0.27824644613761,0.776318186070924,0.43756113779253,0.997528070348248
"ENSG00000061938",340.278405330161,-0.151930412977445,0.240255085427849,-0.632371267841785,0.52714430413703,0.997528070348248
"ENSG00000062485",375.807464520368,0.0145848916404302,0.233180974047876,0.0625475200109409,0.950126820496062,0.997528070348248
"ENSG00000062598",323.040620356007,-0.154993881847059,0.239304548969593,-0.647684645003357,0.517188937590285,0.997528070348248
"ENSG00000062650",199.831811300988,-0.198296146637446,0.263185634967931,-0.753445934317835,0.451181988804596,0.997528070348248
"ENSG00000062716",1068.6462394491,0.130639235703325,0.233593608659364,0.5592586049468,0.575985241965886,0.997528070348248
"ENSG00000062725",225.022679142273,-0.165769262754579,0.259589942369628,-0.638581222528806,0.523095400006431,0.997528070348248
"ENSG00000063177",1007.52587230363,0.0827148610088256,0.217435580021082,0.380410883079971,0.703640437271634,0.997528070348248
"ENSG00000063244",425.442642009581,0.0479971796019043,0.230527230616919,0.208206117227271,0.835068032398759,0.997528070348248
"ENSG00000063245",299.650558965616,-0.12833491644528,0.248113730538656,-0.517242299193455,0.604987027613975,0.997528070348248
"ENSG00000063322",225.592437894105,-0.16118995486422,0.256707929848402,-0.627911864504576,0.530061678226507,0.997528070348248
"ENSG00000063601",134.734398704757,0.112428483373998,0.289229261372975,0.388717527543024,0.697485115011104,0.997528070348248
"ENSG00000063854",111.279581109891,-0.137718988972158,0.305135906828847,-0.451336554925361,0.651747002446758,0.997528070348248
"ENSG00000063978",194.073358186651,0.188833012762665,0.267338365809543,0.706344606359991,0.479973859981545,0.997528070348248
"ENSG00000064115",178.530887450675,-0.240312598385849,0.28143575176571,-0.853880848037761,0.393171012254863,0.997528070348248
"ENSG00000064270",225.225170218087,-0.0957073348555213,0.279327496993949,-0.3426348493632,0.731873181343134,0.997528070348248
"ENSG00000064313",123.478437835346,-0.246027426283741,0.309118802151135,-0.795899261292598,0.426090590659891,0.997528070348248
"ENSG00000064419",152.769375756024,0.0373749847029693,0.280047775297822,0.133459316587044,0.893830137049275,0.997528070348248
"ENSG00000064607",494.738845698018,-0.203059490061227,0.228327837777699,-0.889333039885073,0.373824119797571,0.997528070348248
"ENSG00000064655",163.692828589911,0.155034103011784,0.285052677525956,0.543878781835569,0.58652489096759,0.997528070348248
"ENSG00000064726",196.126156810613,-0.0743889058601602,0.272730747999106,-0.272755845851323,0.785040902867769,0.997528070348248
"ENSG00000064999",156.813534541988,-0.0619943781460771,0.309674804239449,-0.200191869979003,0.841330525294889,0.997528070348248
"ENSG00000065000",754.606642099911,-0.152118017915409,0.216710302314009,-0.701941791835038,0.482715464717168,0.997528070348248
"ENSG00000065029",214.240627120174,-0.163788700106926,0.262297859275476,-0.624437807305581,0.532340102308003,0.997528070348248
"ENSG00000065060",150.425689320963,-0.192745872415461,0.287431197522268,-0.670580904498122,0.502487550590941,0.997528070348248
"ENSG00000065135",226.842256160182,0.0286229301882322,0.260173629510584,0.110014724559423,0.912397697290033,0.997528070348248
"ENSG00000065150",472.124018408014,0.0455803965743879,0.229409494926644,0.198685745718426,0.842508574994164,0.997528070348248
"ENSG00000065308",146.529392172931,0.213928887718118,0.30971164812501,0.690735685962216,0.489731658883092,0.997528070348248
"ENSG00000065361",757.305394327791,-0.133243168170712,0.216749838554534,-0.614732490964178,0.538731398933368,0.997528070348248
"ENSG00000065427",287.518970016419,0.110430820870301,0.247844638685318,0.445564695109311,0.655911717716182,0.997528070348248
"ENSG00000065518",154.160014591643,0.0701321640052206,0.280842028578469,0.249721041968707,0.802803084507178,0.997528070348248
"ENSG00000065526",402.344884980334,-0.13300822439313,0.24323834405019,-0.546822602795243,0.584500612978174,0.997528070348248
"ENSG00000065548",189.280712479307,-0.111129207046709,0.264699548946409,-0.419831493816443,0.674608556089922,0.997528070348248
"ENSG00000065559",168.624784493341,-0.237279146908757,0.280624656877578,-0.845539196551321,0.397809857645737,0.997528070348248
"ENSG00000065717",190.92137743524,0.219623523196259,0.291168756443078,0.754282588142982,0.450679555267101,0.997528070348248
"ENSG00000065802",137.911305411236,0.253094217578847,0.2961485711678,0.854619073733238,0.392762064772975,0.997528070348248
"ENSG00000065809",249.756278017135,0.184884493764933,0.264952207021556,0.697803184367855,0.485300287382342,0.997528070348248
"ENSG00000065883",233.054393747741,0.109174051238827,0.255082287388862,0.427995422012174,0.66865445340328,0.997528070348248
"ENSG00000065970",151.500574752162,0.0437658883541972,0.281817455403726,0.155298713812808,0.876585829542703,0.997528070348248
"ENSG00000066027",139.14238074232,-0.128286715980029,0.28779559748145,-0.445756353129404,0.655773253125042,0.997528070348248
"ENSG00000066044",241.909948783368,-0.0437374082659027,0.26167935271011,-0.167141227662525,0.867258927272489,0.997528070348248
"ENSG00000066117",175.389969655458,0.0972592819702504,0.269405236460467,0.361014816371331,0.718088371096034,0.997528070348248
"ENSG00000066135",192.598520958334,-0.132905560434042,0.263921782508084,-0.503579352833337,0.614557004721254,0.997528070348248
"ENSG00000066136",133.674409690129,0.08691775330807,0.301719898800871,0.288074315461155,0.773289852911675,0.997528070348248
"ENSG00000066322",242.466076847155,-0.0880277570812787,0.261035097399471,-0.337225752238852,0.735946725632301,0.997528070348248
"ENSG00000066422",112.531428642376,-0.25368824927951,0.30739224022859,-0.825291650468655,0.409206030988705,0.997528070348248
"ENSG00000066654",360.290501398737,-0.203087551030649,0.238288912128604,-0.852274447923297,0.394061784593021,0.997528070348248
"ENSG00000066739",219.483209829331,-0.119923593008983,0.258447334764731,-0.46401559187349,0.64263657479064,0.997528070348248
"ENSG00000066933",151.180495468054,-0.133308955777093,0.279773896616065,-0.476488183456349,0.633726623778104,0.997528070348248
"ENSG00000067048",351.984634224642,-0.203430536677209,0.246985634176944,-0.823653316336074,0.410136572238003,0.997528070348248
"ENSG00000067066",225.428037279063,-0.110212160863771,0.298412879841534,-0.369327761329528,0.711883435431972,0.997528070348248
"ENSG00000067082",385.240551474846,-0.0857923052555497,0.28313112009139,-0.303012629723844,0.761880236680284,0.997528070348248
"ENSG00000067141",587.200364466471,0.089810273035209,0.236820377880281,0.379233720675044,0.704514313007831,0.997528070348248
"ENSG00000067167",432.350922685732,-0.150254527178537,0.248300579044743,-0.605131602014754,0.54509155793867,0.997528070348248
"ENSG00000067177",113.433910348668,-0.12627849452395,0.311620543130205,-0.405231610392214,0.685307271516058,0.997528070348248
"ENSG00000067182",237.941638027688,0.236554548332923,0.268059143497693,0.88247147717593,0.377521897563328,0.997528070348248
"ENSG00000067248",141.565576079383,-0.104738126615728,0.319739873328554,-0.327572928347609,0.74323459355332,0.997528070348248
"ENSG00000067334",132.269775715179,0.205017804908813,0.289761851532237,0.707538980113135,0.479231597789602,0.997528070348248
"ENSG00000067369",294.031591517376,-0.183127478728425,0.250566376555302,-0.73085416026682,0.464868237828547,0.997528070348248
"ENSG00000067596",163.795524770575,0.0836105703162982,0.275341506285141,0.303661338402471,0.761385915382024,0.997528070348248
"ENSG00000067704",310.918449065213,-0.0336084577579067,0.247795739881883,-0.135629683439783,0.892114038286934,0.997528070348248
"ENSG00000067829",178.36481750228,0.144134558009372,0.274133953233663,0.525781488608658,0.599040037699961,0.997528070348248
"ENSG00000067836",147.684989101383,-0.162935797636192,0.303890680197488,-0.536165826244838,0.591843949426416,0.997528070348248
"ENSG00000067955",129.608442217897,0.1481298169551,0.309329950514538,0.478873179621635,0.63202885218403,0.997528070348248
"ENSG00000068024",122.366960472963,-0.0873271664794751,0.307249771612179,-0.284222071252513,0.776240202226621,0.997528070348248
"ENSG00000068120",201.377851338704,-0.0386644477744993,0.266450902917285,-0.145109088958509,0.884624742295208,0.997528070348248
"ENSG00000068137",163.296480692809,0.0361022110213182,0.27797111209351,0.129877564432571,0.896663294912475,0.997528070348248
"ENSG00000068305",236.521046236085,0.113358271377005,0.257902943255501,0.439538494388965,0.660271395809266,0.997528070348248
"ENSG00000068308",257.253396869428,-0.128431344495248,0.2559846566446,-0.501715009714653,0.615868004741954,0.997528070348248
"ENSG00000068383",166.602692022357,0.0130442423891669,0.273741686176991,0.0476516476950939,0.961993869841556,0.997528070348248
"ENSG00000068400",233.203479471243,0.0386257124267769,0.255765625152242,0.15101995197277,0.879959977008976,0.997528070348248
"ENSG00000068654",237.885557132837,-0.190201216415826,0.252964114791496,-0.751890111261821,0.452117145410704,0.997528070348248
"ENSG00000068745",487.743879251504,0.0318126252779791,0.23239134705594,0.136892469022615,0.891115791645493,0.997528070348248
"ENSG00000068793",536.565471984035,-0.184428447656827,0.222831693546804,-0.827658062106364,0.407864176021979,0.997528070348248
"ENSG00000068903",155.811646985796,0.0418773416828794,0.289505590273082,0.144651236763261,0.88498624152906,0.997528070348248
"ENSG00000069020",148.592340368266,-0.0100135099770023,0.28412273237237,-0.0352436072023924,0.971885490294265,0.997528070348248
"ENSG00000069248",133.401975491142,-0.0764298161586657,0.299219217096568,-0.255430840640156,0.798390353222621,0.997528070348248
"ENSG00000069275",666.530315489396,-0.0200768440652221,0.219036557726339,-0.0916597862641074,0.926968348750748,0.997528070348248
"ENSG00000069329",367.889145290606,-0.0947406939102931,0.23475597835969,-0.403570953005221,0.686528249169553,0.997528070348248
"ENSG00000069345",261.145660615478,-0.0206035640682922,0.248647408417148,-0.0828625731490683,0.93396081395831,0.997528070348248
"ENSG00000069849",202.976445574727,0.0230678761941928,0.263758019300878,0.0874584827992604,0.930307084858176,0.997528070348248
"ENSG00000069974",282.952295257684,-0.179815994589935,0.35349212510306,-0.50868458395646,0.610973329831894,0.997528070348248
"ENSG00000069998",128.038620554136,0.107086180030126,0.292685769641174,0.365874228054925,0.714458928031078,0.997528070348248
"ENSG00000070010",199.01003220445,0.0273098367306072,0.261633006351951,0.104382230328653,0.916866023786452,0.997528070348248
"ENSG00000070061",207.361247865381,-0.182111849501797,0.266124864277238,-0.684309788175524,0.493779567421544,0.997528070348248
"ENSG00000070159",191.814933007939,-0.197529501671329,0.264317488105129,-0.747319078610359,0.454870978754056,0.997528070348248
"ENSG00000070214",235.496912728914,0.122778387365916,0.255878833470065,0.479830182515972,0.631348149232323,0.997528070348248
"ENSG00000070366",234.060784119267,-0.0129371580941384,0.253399666302781,-0.051054361210879,0.959282203010126,0.997528070348248
"ENSG00000070413",480.299996501506,-0.170078325425933,0.225715579176926,-0.753507250346322,0.451145156089604,0.997528070348248
"ENSG00000070444",147.453458357966,-0.110159755322808,0.280771307538756,-0.392346911400845,0.694801906262152,0.997528070348248
"ENSG00000070476",143.879818401964,-0.0895820404851746,0.287742335695807,-0.311327286158816,0.755551825918521,0.997528070348248
"ENSG00000070540",119.433077313987,0.11556220040359,0.297778643691588,0.388080887772726,0.697956175092219,0.997528070348248
"ENSG00000070610",370.265807477355,-0.0195840987651095,0.235057849505341,-0.0833160807278829,0.933600214177845,0.997528070348248
"ENSG00000070756",2327.83669556544,0.123833405054688,0.211746508131234,0.584819112945842,0.558669351413789,0.997528070348248
"ENSG00000070770",198.534219448037,0.0169763730288597,0.26685242218909,0.0636170842655133,0.949275128020709,0.997528070348248
"ENSG00000070778",128.704287823669,0.225775398422736,0.300197357800206,0.75208989205361,0.451997002147619,0.997528070348248
"ENSG00000070814",124.274329447646,0.220589161671032,0.294015643043953,0.750263351253238,0.453096110578016,0.997528070348248
"ENSG00000070831",345.574030466232,0.0926137882944536,0.239802219861515,0.386209053227021,0.699341849418867,0.997528070348248
"ENSG00000070961",163.85821877643,-0.234382356679141,0.305496258891508,-0.767218418744623,0.44295166364288,0.997528070348248
"ENSG00000071051",112.072686611401,-0.0126602670849864,0.305747298070774,-0.0414076172213819,0.966970940342463,0.997528070348248
"ENSG00000071054",256.13164276797,-0.0142613596597043,0.250073474016546,-0.0570286781346539,0.954522350461945,0.997528070348248
"ENSG00000071242",290.625025495701,-0.0580322015236079,0.244107826384218,-0.237731835079581,0.812089090590168,0.997528070348248
"ENSG00000071462",184.938307293023,0.153582784090842,0.271108658450944,0.566499000689908,0.571054612072409,0.997528070348248
"ENSG00000071564",135.300820899822,-0.0894045963791096,0.287611157480035,-0.310852322846049,0.755912890836516,0.997528070348248
"ENSG00000071626",324.073822524823,0.0292372271949116,0.239614185660534,0.122017931093331,0.902884817421044,0.997528070348248
"ENSG00000071655",135.954862769977,0.0430020126440267,0.288009301444269,0.149307721758937,0.881310822489624,0.997528070348248
"ENSG00000071889",134.933947798733,-0.21141458858064,0.28943321582625,-0.730443421903431,0.465119184698312,0.997528070348248
"ENSG00000071894",450.371075910923,-0.0694756870130244,0.231984405351757,-0.299484298988454,0.764570550199419,0.997528070348248
"ENSG00000071994",131.619441234245,0.0397383425774213,0.291097962603167,0.136511922728892,0.89141659980919,0.997528070348248
"ENSG00000072121",134.885644521814,-0.0923934956117698,0.296758924377141,-0.311341927814613,0.755540696247226,0.997528070348248
"ENSG00000072134",133.627879763761,0.13710693562232,0.29082912374724,0.471434682523335,0.637330353559393,0.997528070348248
"ENSG00000072210",501.653267662683,0.00985780531814744,0.266401438616601,0.0370035738896087,0.970482156141817,0.997528070348248
"ENSG00000072274",162.041720325343,-0.113485877280756,0.294209344850869,-0.385731722213926,0.699695366663672,0.997528070348248
"ENSG00000072501",338.711101653938,-0.0444473893070974,0.23800323741,-0.186751196289525,0.851855713324443,0.997528070348248
"ENSG00000072506",127.454346030073,0.133324605134565,0.303964826443962,0.438618529302581,0.660937968614523,0.997528070348248
"ENSG00000072518",268.935327620877,-0.157885191216578,0.253509923328908,-0.622796887566942,0.533418003900987,0.997528070348248
"ENSG00000072609",130.541480373102,-0.041481113517336,0.298168713409017,-0.139119604612687,0.889355636629267,0.997528070348248
"ENSG00000072778",1394.8322659006,0.0276530688857493,0.212277646452148,0.130268397770195,0.896354081908236,0.997528070348248
"ENSG00000072803",196.082218128886,-0.0437283818280716,0.271338272609467,-0.161158178710046,0.871968819046204,0.997528070348248
"ENSG00000072849",158.71099959076,-0.0812807637533493,0.283429477548294,-0.28677597142132,0.774283862539276,0.997528070348248
"ENSG00000072858",122.896949463855,0.204988789287083,0.318459700078293,0.643688319861782,0.519777565489733,0.997528070348248
"ENSG00000072958",106.811270834226,0.0585766263302103,0.313442729756656,0.186881432457172,0.851753597474194,0.997528070348248
"ENSG00000073169",105.885443484228,-0.216970050147245,0.315375389416273,-0.687973942890196,0.491469190471569,0.997528070348248
"ENSG00000073350",195.88073429931,-0.0569324204418051,0.264872026911365,-0.214943122177476,0.829811663905554,0.997528070348248
"ENSG00000073417",140.09335775887,0.138196169322849,0.285409483361116,0.484203144532503,0.628241705460383,0.997528070348248
"ENSG00000073578",287.64948329657,-0.14790809541647,0.248123118414081,-0.596107675745203,0.551103296755552,0.997528070348248
"ENSG00000073584",171.812793270779,0.148652691167918,0.270437434329893,0.549674979487432,0.582542321074445,0.997528070348248
"ENSG00000073614",191.654482822879,-0.139960685869972,0.268601018625814,-0.521072803766801,0.602316055600796,0.997528070348248
"ENSG00000073803",125.053703002511,-0.23609314683419,0.293837915866004,-0.803480878695905,0.421696844359471,0.997528070348248
"ENSG00000073921",593.182554759577,0.0432761383158519,0.229741607776313,0.188368744933602,0.850587599027571,0.997528070348248
"ENSG00000074054",319.036713986845,-0.0354488004581998,0.244709472388284,-0.144860761262043,0.884820807554865,0.997528070348248
"ENSG00000074071",119.979468725611,-0.129510681956993,0.305032640454836,-0.424579749117599,0.671143058151276,0.997528070348248
"ENSG00000074181",335.780311359225,0.237035606614142,0.28290504864255,0.837862766152459,0.402107782472668,0.997528070348248
"ENSG00000074201",147.858537536094,-0.0679729007813111,0.281481470515473,-0.24148268323607,0.809181036194681,0.997528070348248
"ENSG00000074319",175.915481566154,-0.0451556784087539,0.273876705668658,-0.164875936777859,0.869041632838734,0.997528070348248
"ENSG00000074356",130.436602621916,-0.123017914591386,0.292443196510635,-0.420655758312068,0.674006471626797,0.997528070348248
"ENSG00000074370",260.277824934187,-0.0459310295041551,0.253985469513572,-0.180841170135132,0.856492246745775,0.997528070348248
"ENSG00000074696",399.994254891561,-0.0761939072029517,0.234122707156403,-0.325444328439494,0.744844810597473,0.997528070348248
"ENSG00000074755",376.664816313965,-0.167534430834894,0.233630954851074,-0.717090040323157,0.473318540773275,0.997528070348248
"ENSG00000075142",185.590962900024,0.187331059559803,0.275117507686102,0.680912898402454,0.495926606044363,0.997528070348248
"ENSG00000075151",319.754346454419,0.02293963670656,0.246249950871375,0.0931559036880466,0.925779705753032,0.997528070348248
"ENSG00000075223",453.377991186775,0.109364349748164,0.237001896783457,0.461449259404396,0.644476317275035,0.997528070348248
"ENSG00000075234",149.487265082621,-0.12808907638494,0.3087231627888,-0.414899469245741,0.678215498389373,0.997528070348248
"ENSG00000075239",161.317935462303,0.191146170596236,0.274379382152438,0.696649176394893,0.486022372339786,0.997528070348248
"ENSG00000075275",142.271097986368,-0.126066895185795,0.296925307774757,-0.424574436347565,0.671146931770061,0.997528070348248
"ENSG00000075407",123.386757745628,-0.0505391403776665,0.304918677170353,-0.165746292902324,0.86835661341021,0.997528070348248
"ENSG00000075413",292.383963766619,-0.00687789186173665,0.24729238991255,-0.0278127922342004,0.977811463182718,0.997528070348248
"ENSG00000075415",782.516485430862,0.121251887778053,0.217083419257657,0.558549741812107,0.576469048044989,0.997528070348248
"ENSG00000075711",222.436784630893,-0.13366474543523,0.261322851859177,-0.511492754974447,0.609006060280025,0.997528070348248
"ENSG00000075785",720.798456779548,-0.0427046112719926,0.217387693804765,-0.196444474498844,0.844262288728843,0.997528070348248
"ENSG00000075790",184.090320311994,0.157127438196733,0.27655715110913,0.568155397777909,0.569929454253835,0.997528070348248
"ENSG00000075826",135.613310559213,0.141320397812557,0.297792439159602,0.47456006005853,0.635100579722395,0.997528070348248
"ENSG00000075856",210.635016685827,-0.0890470449301002,0.258757505146749,-0.344133187091903,0.730746125723686,0.997528070348248
"ENSG00000076043",484.592691626998,-0.0563767267725356,0.311402245626147,-0.181041490754753,0.856335009160378,0.997528070348248
"ENSG00000076108",635.595396513436,-0.132527748970795,0.223908445410077,-0.591883654625343,0.553928499944938,0.997528070348248
"ENSG00000076201",287.1065877824,-0.142935905929181,0.248955522697699,-0.574142338279213,0.565871485099183,0.997528070348248
"ENSG00000076242",142.922049596702,-0.0618357657743928,0.28496573937163,-0.21699368461186,0.828213266639552,0.997528070348248
"ENSG00000076604",299.154863558508,-0.0918831667214219,0.243498325390368,-0.377346195601625,0.705916346055194,0.997528070348248
"ENSG00000076924",193.71547878067,-0.0902545967293877,0.265580500907342,-0.339838943073898,0.733977819083998,0.997528070348248
"ENSG00000076928",297.207990926068,0.133762487822481,0.248013581481435,0.539335334071186,0.589655492222221,0.997528070348248
"ENSG00000076984",112.308236780456,0.135770851438883,0.305093095880128,0.44501449974544,0.656309275641142,0.997528070348248
"ENSG00000077150",230.29670412638,0.141576358452178,0.273136564507328,0.518335429412564,0.604224257588804,0.997528070348248
"ENSG00000077312",131.736059341572,-0.052572384729305,0.29384546777085,-0.17891167465718,0.858007055645091,0.997528070348248
"ENSG00000077380",165.473017312588,-0.0667768292088322,0.273933027832087,-0.243770638894133,0.807408461203159,0.997528070348248
"ENSG00000077454",231.931360892446,-0.0697480083745844,0.25400085063109,-0.274597538556618,0.78362545761489,0.997528070348248
"ENSG00000077549",619.414415857149,0.145579372627132,0.224532127567149,0.648367671052308,0.516747174968423,0.997528070348248
"ENSG00000077585",104.517396049804,-0.04392383480347,0.389380235556999,-0.112804479509953,0.910185566879164,0.997528070348248
"ENSG00000077721",146.592965221421,-0.0249224447829044,0.287496380240289,-0.0866878559030005,0.930919629662084,0.997528070348248
"ENSG00000077943",221.08748183806,0.0357908892656458,0.781692038672549,0.0457864318618686,0.963480473275212,0.997528070348248
"ENSG00000078043",142.820500164094,0.0624785187088421,0.284447670077464,0.219648551495702,0.826144876016904,0.997528070348248
"ENSG00000078061",251.265767526747,-0.226914722331269,0.258567959700692,-0.877582522575251,0.380170317362683,0.997528070348248
"ENSG00000078070",142.915725093455,-0.103168208424726,0.285361089529152,-0.361535655036063,0.717699055985404,0.997528070348248
"ENSG00000078114",292.343080526053,-0.151863500110549,0.249197684791055,-0.609409755302832,0.542252873357771,0.997528070348248
"ENSG00000078140",249.975540589192,-0.0657643420795254,0.251896687539188,-0.261076645040417,0.794033401811149,0.997528070348248
"ENSG00000078142",128.575777301494,-0.0294695929635243,0.295750596878474,-0.0996433930296802,0.920627442578622,0.997528070348248
"ENSG00000078246",113.140435741684,0.203216823152344,0.302032443960868,0.672831105451284,0.501054746283951,0.997528070348248
"ENSG00000078269",264.042866505009,-0.0688182840124565,0.254090254836086,-0.270841886702232,0.786512642528476,0.997528070348248
"ENSG00000078295",119.00304144142,0.117407515262728,0.316355849552492,0.371124843839017,0.710544547596854,0.997528070348248
"ENSG00000078304",282.003002415974,0.131320820205375,0.245400100054838,0.535129448504829,0.592560347792893,0.997528070348248
"ENSG00000078403",173.076772679368,0.0542615299483974,0.274698246271673,0.197531402856986,0.843411709593546,0.997528070348248
"ENSG00000078618",507.233595694493,-0.130836005205492,0.225167190501785,-0.581061587675912,0.561198946135312,0.997528070348248
"ENSG00000078668",177.165281948988,0.168817758578418,0.270049734564637,0.625135806374996,0.531881929177206,0.997528070348248
"ENSG00000078674",339.62486763625,-0.0196796003301735,0.238020648031933,-0.0826802233037079,0.934105810539336,0.997528070348248
"ENSG00000078687",126.424511656172,-0.177148379140034,0.294268027677108,-0.601996691718117,0.547176339551073,0.997528070348248
"ENSG00000078804",401.770391654144,-0.0230872981806663,0.232631579996292,-0.0992440415056039,0.920944507374399,0.997528070348248
"ENSG00000078902",291.070847222833,-0.227551906231437,0.260282228206424,-0.874250646306021,0.381981770203456,0.997528070348248
"ENSG00000079134",132.118007148274,-0.027002456103025,0.29706366189572,-0.0908978766729937,0.927573737379058,0.997528070348248
"ENSG00000079246",727.066930353442,0.0482614635555405,0.218259533583861,0.221119612798023,0.824999299401602,0.997528070348248
"ENSG00000079277",135.409846135099,0.10383503272428,0.300937631829371,0.345038379191983,0.730065517991559,0.997528070348248
"ENSG00000079332",408.519711306475,-0.06404775772578,0.235287538906788,-0.272210581246096,0.785460106281356,0.997528070348248
"ENSG00000079432",289.592543905047,0.188891376902105,0.250999525902167,0.752556707918762,0.451716340917169,0.997528070348248
"ENSG00000079459",412.696838731768,0.031776686701056,0.269055003597343,0.118104797443617,0.905984622249304,0.997528070348248
"ENSG00000079739",287.904633358867,-0.0183555963841715,0.243681910725168,-0.0753260524326468,0.939955293518808,0.997528070348248
"ENSG00000079785",310.712023129077,-0.124596087468356,0.240292523356372,-0.518518369727094,0.604096646742361,0.997528070348248
"ENSG00000079805",545.311411818671,-0.100071071651009,0.223317622368429,-0.448110948834625,0.654073126631995,0.997528070348248
"ENSG00000079950",172.713836628779,0.1171053452428,0.294610413242214,0.39749221337442,0.691004527436042,0.997528070348248
"ENSG00000079999",227.083540621114,0.025490002361383,0.2575634276269,0.0989659230591821,0.921165326699709,0.997528070348248
"ENSG00000080189",199.703616183475,-0.0459201470810584,0.265478176796942,-0.172971457146105,0.862673863317632,0.997528070348248
"ENSG00000080371",227.166828182645,-0.0220435459771639,0.268870905195188,-0.0819856129883645,0.934658154110203,0.997528070348248
"ENSG00000080493",750.848597452098,-0.166830311910786,0.724711781989877,-0.230202290147281,0.817934582364303,0.997528070348248
"ENSG00000080503",573.76574888225,0.122118122296152,0.225764385031231,0.540909595989903,0.588569896406694,0.997528070348248
"ENSG00000080815",265.003116583672,-0.215678090087338,0.247487787640182,-0.871469627426258,0.383497782692626,0.997528070348248
"ENSG00000080822",192.840582570029,-0.0767708637978386,0.265671279741971,-0.288969375509468,0.772604813070957,0.997528070348248
"ENSG00000080824",1965.40463796183,-0.0722824347866881,0.208617511252771,-0.346483065360257,0.728979708867374,0.997528070348248
"ENSG00000081087",105.299024870369,0.140511961504987,0.316935634809334,0.443345418035803,0.657515909124684,0.997528070348248
"ENSG00000081154",288.163595325984,-0.0687994847414483,0.245523735150372,-0.280215208925979,0.779312398867984,0.997528070348248
"ENSG00000081177",120.269203984834,-0.0874522727949612,0.298815691517456,-0.292662919911797,0.769779815087493,0.997528070348248
"ENSG00000081237",133.706329368037,0.249580458823694,0.377445434752087,0.661235865755332,0.508461063732178,0.997528070348248
"ENSG00000081307",203.265373994818,0.0475945650212243,0.263877813881269,0.180365921337514,0.856865306374444,0.997528070348248
"ENSG00000081320",188.197066879358,-0.185205594676225,0.297428497782355,-0.622689473460442,0.533488601464412,0.997528070348248
"ENSG00000081760",158.175090903428,-0.0918082926674161,0.282668134124311,-0.324791802060861,0.745338649481707,0.997528070348248
"ENSG00000081791",265.992140881867,0.0127709229827169,0.250542781567866,0.0509730230613633,0.959347017072964,0.997528070348248
"ENSG00000081803",187.133035543757,-0.204346864400033,0.278521029181439,-0.733685585611253,0.463140385602888,0.997528070348248
"ENSG00000082153",257.963515868292,-0.192612479424863,0.261731680632584,-0.73591580109574,0.461781940507911,0.997528070348248
"ENSG00000082212",106.350545695029,-0.0379737362698618,0.319555862450839,-0.118832857512366,0.905407776585195,0.997528070348248
"ENSG00000082213",107.142445068714,-0.258611663640298,0.316057345869981,-0.818242850608145,0.413218531588369,0.997528070348248
"ENSG00000082438",544.783552301021,-0.0971992306500805,0.228293026014821,-0.425765220895404,0.670278931904184,0.997528070348248
"ENSG00000082641",1031.49473559079,-0.0171541039882762,0.21779161935299,-0.0787638387520933,0.937220467151321,0.997528070348248
"ENSG00000082781",381.34293659555,-0.00698934506347138,0.236628226201711,-0.0295372415018376,0.976436117466317,0.997528070348248
"ENSG00000082805",258.322790204943,0.129868664169773,0.250359907677434,0.518727880092916,0.603950516705289,0.997528070348248
"ENSG00000082898",515.979242626671,-0.173832330398769,0.225770625947477,-0.769951049518765,0.441328930144499,0.997528070348248
"ENSG00000082996",181.416256590509,-0.0244256700287852,0.279453092183855,-0.0874052594584113,0.93034938893749,0.997528070348248
"ENSG00000083097",103.826609583921,-0.221499586997388,0.312767058711996,-0.708193464841036,0.478825123940498,0.997528070348248
"ENSG00000083099",109.436743395526,-0.239736730852225,0.312031263442756,-0.76830997063282,0.442303052475793,0.997528070348248
"ENSG00000083520",152.177235093197,-0.0810927781224579,0.28477181416786,-0.284764060514281,0.775824908239204,0.997528070348248
"ENSG00000083720",213.291304529616,-0.0693771756003821,0.260619418922513,-0.266201098472287,0.79008433708066,0.997528070348248
"ENSG00000083799",192.360076780209,0.0792469634582818,0.283156607682573,0.2798697304183,0.779577451173339,0.997528070348248
"ENSG00000083857",912.171319769261,-0.124076903508542,0.247126608132811,-0.502078284673661,0.615612454627937,0.997528070348248
"ENSG00000083896",366.480720107108,0.174311706662355,0.235575783335566,0.739938987761133,0.459337016084201,0.997528070348248
"ENSG00000083937",171.596280147161,-0.103853696563783,0.27417383369985,-0.378787775486543,0.704845465879073,0.997528070348248
"ENSG00000084070",176.959971115088,0.0991451509812749,0.29861465554131,0.3320170297789,0.739876399834725,0.997528070348248
"ENSG00000084072",126.115543701837,-0.195577607028003,0.298859368844367,-0.654413504867742,0.512845436047904,0.997528070348248
"ENSG00000084090",422.210812897485,0.0696483085793958,0.233114762536684,0.298772620925007,0.76511354262001,0.997528070348248
"ENSG00000084112",199.59347952081,0.194502590719143,0.276680482415421,0.702986307603398,0.482064282549052,0.997528070348248
"ENSG00000084463",251.581455702108,-0.123044716844332,0.256798166904562,-0.47914951390623,0.631832267358815,0.997528070348248
"ENSG00000084623",406.84921610736,0.118977502932924,0.231038149081972,0.514969079373604,0.606574627225863,0.997528070348248
"ENSG00000084652",359.434544282838,0.00746812619359124,0.239690785589373,0.0311573353778617,0.975144064816885,0.997528070348248
"ENSG00000084676",390.220008778942,-0.0582782138446555,0.258271694574531,-0.225646925578358,0.821476040619408,0.997528070348248
"ENSG00000084693",132.806403870563,-0.137902653943548,0.290531321728392,-0.47465675343765,0.6350316472745,0.997528070348248
"ENSG00000084733",385.428504933783,-0.0107862824929956,0.236416139669581,-0.0456241376247438,0.963609830159071,0.997528070348248
"ENSG00000084764",153.594015632781,-0.127132796847533,0.281559033302065,-0.451531585957469,0.651606465422623,0.997528070348248
"ENSG00000084774",187.758939189784,0.168161648269657,0.276301602213039,0.608616261805092,0.542778823043726,0.997528070348248
"ENSG00000085231",147.612856667074,0.0754296990287541,0.280835131133475,0.268590680675574,0.788244684597588,0.997528070348248
"ENSG00000085365",237.83736495702,-0.175749817470573,0.253742169702119,-0.692631491552607,0.488540842226694,0.997528070348248
"ENSG00000085377",129.252975830858,-0.215324501214421,0.292773645505292,-0.735464084695179,0.46205690537898,0.997528070348248
"ENSG00000085415",110.290993756969,0.0773799762430601,0.312038165103717,0.247982410155951,0.804148016471776,0.997528070348248
"ENSG00000085449",223.454968741512,-0.114286171825054,0.259297791554643,-0.44075258466276,0.659392123293164,0.997528070348248
"ENSG00000085511",178.753236375669,-0.0334407251583862,0.268897459109838,-0.124362369466371,0.901028366814314,0.997528070348248
"ENSG00000085721",145.733449786861,-0.148216662944395,0.290051949116578,-0.511000403189235,0.609350774449433,0.997528070348248
"ENSG00000085733",910.727838235899,0.0918575708418236,0.212901703118577,0.4314553124578,0.666137338866209,0.997528070348248
"ENSG00000085788",200.485560049172,0.0245449671801708,0.269043983096172,0.091230314455302,0.927309587932151,0.997528070348248
"ENSG00000085832",376.615848437002,-0.169002184270786,0.234512797131756,-0.72065228992956,0.471123473327552,0.997528070348248
"ENSG00000085871",136.292583301399,-0.228863614357799,0.289946672274768,-0.789330025974283,0.429919141757217,0.997528070348248
"ENSG00000085872",116.512082880116,-0.0969336096587234,0.310750027898851,-0.311934355450083,0.755090412380057,0.997528070348248
"ENSG00000085978",169.523946125716,-0.182410366537418,0.277900421652795,-0.656387512665668,0.51157482295715,0.997528070348248
"ENSG00000085982",218.752548915828,-0.0757481932106457,0.265364852635135,-0.285449231344876,0.775299994509609,0.997528070348248
"ENSG00000086015",327.252344910121,0.0699356335217334,0.24575374675379,0.28457606219855,0.775968952861409,0.997528070348248
"ENSG00000086061",472.773547039838,-0.0646623152186888,0.245444773971763,-0.263449549861379,0.792204103731524,0.997528070348248
"ENSG00000086062",503.670491471003,0.106832287915584,0.231922872442512,0.460637136779449,0.645058963133661,0.997528070348248
"ENSG00000086065",178.671525079128,-0.182737755287403,0.275075290886585,-0.664319047699368,0.506486132439744,0.997528070348248
"ENSG00000086102",260.209469036568,-0.0527830898356291,0.249862678553421,-0.211248395083318,0.832693448913982,0.997528070348248
"ENSG00000086289",183.339826947372,-0.188417405653657,0.268205734210106,-0.702510728223486,0.482360713618551,0.997528070348248
"ENSG00000086544",119.195861088063,0.0217387892388804,0.302521548846681,0.0718586471666442,0.94271439971253,0.997528070348248
"ENSG00000086589",134.142782014474,0.180989094324062,0.28905880774856,0.626132432129509,0.53122808116679,0.997528070348248
"ENSG00000086598",1040.69192923451,-0.16101123661481,0.212558607144801,-0.757491022253097,0.448755742497662,0.997528070348248
"ENSG00000086619",131.869288206842,-0.0430170971841637,0.301615548095997,-0.142622280103652,0.886588500387804,0.997528070348248
"ENSG00000086666",146.177905615914,-0.0936862222903776,0.283115932667996,-0.33091116210772,0.740711590388693,0.997528070348248
"ENSG00000086758",1274.87893000354,-0.168768070341673,0.210084919124281,-0.803332628753966,0.421782503598395,0.997528070348248
"ENSG00000087053",149.760730520363,-0.171496040447525,0.295344018224384,-0.580665359259901,0.561466012800261,0.997528070348248
"ENSG00000087074",295.083855945228,0.158870563410604,0.275974018396739,0.575672174987909,0.564836786259141,0.997528070348248
"ENSG00000087087",434.149692142067,-0.0426186402380523,0.228925682841683,-0.186168016227021,0.852313004820737,0.997528070348248
"ENSG00000087152",162.785077541322,0.171939208557549,0.274848733786633,0.62557759022105,0.531592041401219,0.997528070348248
"ENSG00000087157",102.891086116164,0.175629661012959,0.31629165038741,0.555277576242808,0.578704814153334,0.997528070348248
"ENSG00000087191",427.829481185886,0.094957373431722,0.230715706276375,0.411577412584006,0.6806491901051,0.997528070348248
"ENSG00000087266",176.780634430459,0.23665439382493,0.281079806304639,0.841947334944581,0.399817433124953,0.997528070348248
"ENSG00000087269",110.565821090472,-0.0641738724025823,0.307483543015082,-0.208706689708706,0.834677217513901,0.997528070348248
"ENSG00000087274",937.829033045225,0.04890315702928,0.214177848308587,0.22832966814953,0.819389961805494,0.997528070348248
"ENSG00000087302",200.696554870044,0.165100261427482,0.267530703466491,0.617126405635758,0.537151352996786,0.997528070348248
"ENSG00000087365",511.407226789756,-0.0139068818984073,0.224660906218837,-0.0619016549539817,0.950641149564823,0.997528070348248
"ENSG00000087448",177.907065410956,0.166155030708471,0.270022227920717,0.615338344505684,0.538331299687306,0.997528070348248
"ENSG00000087460",2504.93866088087,-0.138011740408433,0.202457787216702,-0.681681560910825,0.495440329404886,0.997528070348248
"ENSG00000087470",275.80938301742,-0.0956651445058816,0.247059271937103,-0.387215358305743,0.698596781030763,0.997528070348248
"ENSG00000087502",135.131616393066,-0.175622642706844,0.293052280136231,-0.599287753793292,0.54898101281907,0.997528070348248
"ENSG00000088038",256.553318780951,-0.176557767241022,0.251342548149593,-0.702458730290024,0.482393130205237,0.997528070348248
"ENSG00000088205",155.372504567366,0.0428850360390913,0.282006126192937,0.152071292273102,0.879130706283775,0.997528070348248
"ENSG00000088256",232.835269537226,0.128157006216489,0.254156450571691,0.504244554597047,0.614089534614569,0.997528070348248
"ENSG00000088280",294.343878923632,-0.0753873008364243,0.261308085028944,-0.288499687363573,0.7729642697905,0.997528070348248
"ENSG00000088298",102.753638905636,0.0878718978138839,0.322964165532596,0.272079404440971,0.785560965257849,0.997528070348248
"ENSG00000088448",586.818610652754,-0.0726418923752273,0.242611585998607,-0.299416419361128,0.764622335655466,0.997528070348248
"ENSG00000088682",154.207252421513,0.154988814112376,0.291744922597807,0.531247682846704,0.595247154233059,0.997528070348248
"ENSG00000088812",286.051608014464,-0.155099787474954,0.256818620062814,-0.603927345443327,0.545891947346532,0.997528070348248
"ENSG00000088832",544.180503448995,-0.185054092478075,0.233309854644073,-0.793168778748694,0.4276794950691,0.997528070348248
"ENSG00000088833",164.642323519648,0.145208612795757,0.275720056477772,0.526652339516924,0.598435038404608,0.997528070348248
"ENSG00000088854",146.599824152913,0.173904580261471,0.293817360290567,0.591879867443812,0.553931036149562,0.997528070348248
"ENSG00000088888",199.23414455561,-0.14855941484241,0.266825709812653,-0.5567657440009,0.577687491617615,0.997528070348248
"ENSG00000088930",255.797770355525,-0.0781221293640753,0.258488127447283,-0.302227147279744,0.762478910754196,0.997528070348248
"ENSG00000088986",233.841973264413,0.192646182537847,0.258385423515811,0.745576820536312,0.455923089453331,0.997528070348248
"ENSG00000089006",141.664492625652,0.0255880889096466,0.292065447945806,0.0876108046659273,0.930186014322486,0.997528070348248
"ENSG00000089053",522.144979445563,-0.144590866502517,0.223729501495352,-0.646275370642261,0.518101035414176,0.997528070348248
"ENSG00000089057",360.233260122429,-0.204303508645574,0.237366878481117,-0.860707736281018,0.389399031172601,0.997528070348248
"ENSG00000089063",277.283382668103,-0.0720730967307613,0.252725201957588,-0.28518365470673,0.775503442289743,0.997528070348248
"ENSG00000089154",538.889312503218,0.0463497782460651,0.223230409860375,0.207632008000414,0.835516310201135,0.997528070348248
"ENSG00000089159",402.29405331972,-0.0143904937999177,0.237286874498062,-0.0606459747525361,0.951641158325515,0.997528070348248
"ENSG00000089220",877.546174891202,-0.0710324451660845,0.231801011736243,-0.306437166231653,0.759271813981381,0.997528070348248
"ENSG00000089248",515.520963148039,-0.0355843496669154,0.249469026015833,-0.142640351931534,0.886574227082135,0.997528070348248
"ENSG00000089280",1217.4534641074,0.191006592812943,0.213757303366332,0.893567563797344,0.371553307567711,0.997528070348248
"ENSG00000089335",161.169553555907,-0.105008242791566,0.275121969806176,-0.381678870886045,0.702699574299808,0.997528070348248
"ENSG00000089351",224.7716100764,0.0880908030414387,0.258335746474044,0.340993471649846,0.733108496402506,0.997528070348248
"ENSG00000089356",539.015914051652,-0.153354135079176,0.284421793517813,-0.539178567093775,0.589763647732316,0.997528070348248
"ENSG00000089597",1530.28150971168,-0.127816745050498,0.208531032994235,-0.61293872290956,0.539916857829093,0.997528070348248
"ENSG00000089693",514.077170370119,-0.124252368408274,0.229091389317459,-0.5423703124699,0.587563426849339,0.997528070348248
"ENSG00000089737",720.240779508801,0.0122688070696111,0.221276849051104,0.0554455069394885,0.955783542277231,0.997528070348248
"ENSG00000089818",164.092107976782,-0.238822498387276,0.28830023722799,-0.828381206632216,0.407454646299642,0.997528070348248
"ENSG00000089876",175.677118958103,-0.0515882774919444,0.273715923881731,-0.188473789761077,0.850505260054266,0.997528070348248
"ENSG00000089902",174.04352727408,-0.21701486388186,0.275620910445211,-0.78736719768945,0.431066943121486,0.997528070348248
"ENSG00000089916",170.479814745823,-0.130704848328073,0.278253973861718,-0.469732189316472,0.638546367122298,0.997528070348248
"ENSG00000090006",851.383100229459,0.114055119417908,0.22606589035884,0.504521576593733,0.613894903816635,0.997528070348248
"ENSG00000090013",104.666449086614,-0.0651217555918517,0.330138739322252,-0.197255722626013,0.843627426762271,0.997528070348248
"ENSG00000090020",182.781627653747,0.240391596418228,0.277586593951327,0.866005785785097,0.38648698893214,0.997528070348248
"ENSG00000090054",136.544208946383,-0.0453523735137529,0.300908566183148,-0.150718120421169,0.880198078495371,0.997528070348248
"ENSG00000090060",521.219072240982,-0.172999544711826,0.232219820165183,-0.7449818219167,0.456282709156513,0.997528070348248
"ENSG00000090061",141.286391836978,0.0144508447909791,0.289071036069971,0.0499906354764689,0.960129850799821,0.997528070348248
"ENSG00000090097",117.134110675982,-0.0288861130455881,0.307965512666304,-0.0937965838950535,0.925270745379593,0.997528070348248
"ENSG00000090104",240.267443662197,-0.0559612326300763,0.315956057524725,-0.177117137960544,0.859416380599343,0.997528070348248
"ENSG00000090266",134.214222562902,0.102304600723446,0.310026769693499,0.329986345451998,0.741410279536883,0.997528070348248
"ENSG00000090273",191.516052718536,0.101098516832959,0.265302399628968,0.381068987594338,0.703152058665213,0.997528070348248
"ENSG00000090339",110.664792629828,0.336174299933652,0.397848318244647,0.844981075744876,0.39812140512024,0.997528070348248
"ENSG00000090372",272.416040438294,-0.16135857969005,0.245861061485005,-0.656299857795463,0.511631209036311,0.997528070348248
"ENSG00000090487",267.401895466986,-0.0531917704368274,0.251777272034635,-0.211265178969411,0.832680352830727,0.997528070348248
"ENSG00000090520",279.899344694612,0.0148309340919566,0.263406343893126,0.056304392190243,0.955099319925728,0.997528070348248
"ENSG00000090565",219.093846987445,-0.0202496415998084,0.259294327637673,-0.078095197007566,0.937752327760382,0.997528070348248
"ENSG00000090581",176.469309187595,0.013906443296568,0.277414552169385,0.0501287448254588,0.960019793469402,0.997528070348248
"ENSG00000090615",660.333951770587,-0.174890588261492,0.21987174883389,-0.795420917826142,0.426368696059835,0.997528070348248
"ENSG00000090621",315.809318623538,0.0857909819086866,0.251668593135435,0.340888709392985,0.733187364893619,0.997528070348248
"ENSG00000090686",269.023245998489,-0.0358798475667494,0.252620739865087,-0.142030490394063,0.887055921964642,0.997528070348248
"ENSG00000090857",188.083736409229,-0.0771085060888807,0.278358244051238,-0.277011756385009,0.781771078974394,0.997528070348248
"ENSG00000090863",760.351516508568,-0.166190495695021,0.217150849192458,-0.765322798934707,0.444079351197462,0.997528070348248
"ENSG00000090905",457.160958609446,0.16082220147708,0.229936636503564,0.699419648484712,0.484289812141243,0.997528070348248
"ENSG00000090920",411.422101480263,0.0754081567334461,0.771809331538345,0.0977030901960527,0.922168061678291,0.997528070348248
"ENSG00000090989",141.161632811159,0.0741643171528528,0.286791670910317,0.258599968811663,0.795943907311823,0.997528070348248
"ENSG00000091009",118.130397089377,-0.18312125109412,0.301966501411414,-0.60642902520047,0.544229899352649,0.997528070348248
"ENSG00000091140",206.724500162084,0.120692039059042,0.262709342476727,0.459412816922313,0.645937746013103,0.997528070348248
"ENSG00000091164",207.160847892062,0.045873286322252,0.261368575042496,0.175511866010646,0.860677447769497,0.997528070348248
"ENSG00000091490",371.352113184209,-0.0752140119477124,0.257436441340303,-0.292165365385422,0.770160191291625,0.997528070348248
"ENSG00000091542",259.394375493823,0.0546145767687234,0.2494330809823,0.218954825693705,0.826685237753247,0.997528070348248
"ENSG00000091831",132.141567954005,0.200628865918961,0.351716225795766,0.57042823504953,0.568387283713044,0.997528070348248
"ENSG00000092068",381.305589907661,-0.113259357162295,0.242626514376628,-0.466805359065097,0.64063914133065,0.997528070348248
"ENSG00000092096",226.087291487089,0.0479201493474091,0.279797617364449,0.171267181610739,0.864013684440104,0.997528070348248
"ENSG00000092108",189.881611130573,-0.03462341987865,0.273205353656973,-0.126730385825901,0.899153795320812,0.997528070348248
"ENSG00000092148",502.20399736093,-0.201191707431957,0.230984669359364,-0.871017578742185,0.383744554935968,0.997528070348248
"ENSG00000092201",310.101810762522,-0.0518211136104117,0.242496877516041,-0.213698065481209,0.830782520019845,0.997528070348248
"ENSG00000092203",240.066678611442,0.113863087632707,0.251665530810943,0.45243815180333,0.650953367468541,0.997528070348248
"ENSG00000092330",179.791544156603,-0.0295280171140072,0.270353494947486,-0.109220031055055,0.913027972867201,0.997528070348248
"ENSG00000092531",216.971907943717,-0.0157668542925717,0.258355450806145,-0.0610277594042412,0.951337101445335,0.997528070348248
"ENSG00000092847",340.841196170536,-0.0125799636491659,0.23721075437931,-0.0530328554541421,0.957705729671196,0.997528070348248
"ENSG00000092871",148.166195213444,-0.0180695631792943,0.287861913824711,-0.0627716356749349,0.949948352764445,0.997528070348248
"ENSG00000093000",165.910780688722,-0.0189689061994587,0.277064856207406,-0.0684637758072751,0.945416455107499,0.997528070348248
"ENSG00000093010",306.445662953511,-0.0691709804797633,0.244441510366992,-0.282975589440245,0.777195549347074,0.997528070348248
"ENSG00000093144",144.836137501164,0.209266089713512,0.285539352403543,0.732880031953577,0.463631602909994,0.997528070348248
"ENSG00000093167",267.698240147891,-0.122843527703012,0.266963385190899,-0.460151221169037,0.645407680657531,0.997528070348248
"ENSG00000094631",269.432177883836,-0.184113747699139,0.249313847786925,-0.738481834576998,0.460221701861959,0.997528070348248
"ENSG00000094914",162.003888174592,-0.0195346280298256,0.27641909082497,-0.0706703287805656,0.943660135977925,0.997528070348248
"ENSG00000094916",400.725111097951,-0.074392150443207,0.233443183875894,-0.318673474239266,0.749974131232683,0.997528070348248
"ENSG00000095059",173.806997072706,-0.0384898396235896,0.270422872743579,-0.142332041787332,0.886817738473533,0.997528070348248
"ENSG00000095066",306.353629382321,-0.152793955169704,0.25395293735324,-0.601662484246727,0.547398827111057,0.997528070348248
"ENSG00000095139",723.702574748219,-0.129380545778876,0.217846097067191,-0.593908027367464,0.552573629695212,0.997528070348248
"ENSG00000095261",146.86423193681,-0.123881342073059,0.283868597740803,-0.436403825780595,0.662543763695191,0.997528070348248
"ENSG00000095319",278.033154393031,-0.0666332525395543,0.246159436517957,-0.270691440808094,0.786628360374418,0.997528070348248
"ENSG00000095321",344.133619856693,0.0259404694066825,0.238384833826123,0.108817616415998,0.913347150913584,0.997528070348248
"ENSG00000095787",563.985870177187,-0.0256894003628398,0.224600853264157,-0.114378017667752,0.908938138984457,0.997528070348248
"ENSG00000096063",112.693507909104,-0.100303158417514,0.308029474040049,-0.325628444258789,0.744705488752382,0.997528070348248
"ENSG00000096070",276.001524596253,-0.213637924927087,0.247220343863197,-0.864159969963098,0.387500018870052,0.997528070348248
"ENSG00000096093",112.120506335383,-0.041277621781856,0.303792830928852,-0.13587424579984,0.891920695507134,0.997528070348248
"ENSG00000096384",2725.899499841,-0.0863980879236685,0.203149232062687,-0.425293696886868,0.67062258785016,0.997528070348248
"ENSG00000096433",384.76465273425,-0.123181910763661,0.243350143750069,-0.506192060811659,0.612721827839836,0.997528070348248
"ENSG00000096717",112.896278837209,0.0403059331212558,0.309125892754112,0.130386790838373,0.896260416758944,0.997528070348248
"ENSG00000097007",393.310447382309,0.0986942335410628,0.237919667093072,0.414821669628743,0.678272455042632,0.997528070348248
"ENSG00000097033",300.177445954486,0.0790854592455584,0.24818078496461,0.318660686228532,0.749983829452686,0.997528070348248
"ENSG00000099219",191.855101007171,-0.0614697622766805,0.269056776600885,-0.228463906589738,0.819285612526539,0.997528070348248
"ENSG00000099282",197.078778678428,0.146658535498201,0.272001681220998,0.539182459607825,0.589760962127208,0.997528070348248
"ENSG00000099326",201.441757647879,-0.157068463000062,0.269614438024827,-0.582566958026182,0.56018485415777,0.997528070348248
"ENSG00000099331",414.624139722447,0.0974615618716788,0.233984137027334,0.41653063797352,0.677021752915186,0.997528070348248
"ENSG00000099341",296.91848061534,-0.214940518216283,0.255799496333206,-0.840269513026327,0.400757291008959,0.997528070348248
"ENSG00000099381",135.060771968957,-0.191700472232365,0.289434329580999,-0.662328040042385,0.507761010281719,0.997528070348248
"ENSG00000099622",1714.65197428725,0.139773060034576,0.205364727444359,0.680608894107416,0.496118997624709,0.997528070348248
"ENSG00000099624",102.45006789261,-0.052451891119404,0.32674054637956,-0.160530707622901,0.872463034101768,0.997528070348248
"ENSG00000099783",604.142909064434,0.118442517102318,0.220355960950223,0.537505391692463,0.590918561614162,0.997528070348248
"ENSG00000099797",117.007458963998,-0.0838500899843128,0.307668381575237,-0.27253398465909,0.785211463857988,0.997528070348248
"ENSG00000099814",317.716219590348,-0.0966403166950249,0.240380127939391,-0.402031222478556,0.687661048241711,0.997528070348248
"ENSG00000099817",177.10599226901,-0.0873141867996957,0.27040187444126,-0.322905257147775,0.746766994790142,0.997528070348248
"ENSG00000099860",210.31628641397,0.194462848555922,0.288531898683803,0.67397348245724,0.500328172705087,0.997528070348248
"ENSG00000099899",116.606711834906,-0.153581441963422,0.308562267676992,-0.497732412714163,0.618672659293685,0.997528070348248
"ENSG00000099910",128.389137761816,-0.140401228913172,0.294781168070214,-0.476289682384765,0.633868014896121,0.997528070348248
"ENSG00000099917",299.811471159889,0.0261698936060707,0.242251080806808,0.108027974607638,0.913973501530914,0.997528070348248
"ENSG00000099940",114.313440426701,-0.0464338717373457,0.315068605340629,-0.147377018688183,0.882834443869504,0.997528070348248
"ENSG00000099942",231.706880779165,0.033957888921789,0.254021491682879,0.133681164915692,0.893654699684238,0.997528070348248
"ENSG00000099949",228.505623170338,-0.0820442561710005,0.260180437328754,-0.315335991488601,0.752506560647275,0.997528070348248
"ENSG00000099956",182.888582044637,-0.166489352783233,0.266642146534604,-0.624392486135444,0.532369858455966,0.997528070348248
"ENSG00000099968",181.15352963924,-0.0869187094055223,0.269072263977996,-0.323031099974802,0.746671689230401,0.997528070348248
"ENSG00000099995",480.095153871943,-0.0844647269137642,0.229721515138132,-0.367683135221251,0.713109517145539,0.997528070348248
"ENSG00000100003",266.472524230532,-0.216193521831054,0.299627854656779,-0.721540132103877,0.470577258282075,0.997528070348248
"ENSG00000100014",213.756927866736,-0.206344205745257,0.262569862618603,-0.785864012295209,0.431947159963116,0.997528070348248
"ENSG00000100028",236.971723313693,0.0944797133992514,0.252500976251551,0.374175636078044,0.708273649205932,0.997528070348248
"ENSG00000100029",155.435380781914,0.19308726411252,0.281566824830789,0.685759994021166,0.492864467752109,0.997528070348248
"ENSG00000100031",220.896823374486,-0.0264217498180145,0.330135623511576,-0.0800330165432392,0.936210996780722,0.997528070348248
"ENSG00000100034",134.747758244737,0.195530873804758,0.291803824730543,0.670076459708212,0.502809050341893,0.997528070348248
"ENSG00000100083",263.219736750793,0.0719572400316307,0.250624496321896,0.287111759176208,0.774026748548454,0.997528070348248
"ENSG00000100099",217.763424977174,0.0227235868557577,0.262943210729613,0.0864201315284181,0.931132444151757,0.997528070348248
"ENSG00000100105",175.417661377853,-0.0527765835380094,0.275891502539362,-0.191294704810561,0.848294709438263,0.997528070348248
"ENSG00000100138",284.249193631025,0.0431748166228158,0.244825449830737,0.176349381376263,0.860019469150157,0.997528070348248
"ENSG00000100151",235.154360785767,-0.230076989586366,0.271991147839663,-0.845898814773174,0.397609193759331,0.997528070348248
"ENSG00000100154",132.186562757762,0.165033011193824,0.303710138841004,0.543389864505713,0.586861402667283,0.997528070348248
"ENSG00000100207",195.353942079947,0.0536125654424337,0.264165333781607,0.202950798558439,0.839173488878411,0.997528070348248
"ENSG00000100220",316.711154625137,-0.0200115690031216,0.243750102182062,-0.0820987102117174,0.934568218765396,0.997528070348248
"ENSG00000100221",224.438274137137,0.0288759133573847,0.266015380470021,0.108549788761702,0.913559588081333,0.997528070348248
"ENSG00000100225",278.056931237528,0.114669303500885,0.247436120454385,0.463429928057023,0.643056230724311,0.997528070348248
"ENSG00000100227",336.943632371491,-0.037978161860413,0.237278308602736,-0.160057453561834,0.872835816144647,0.997528070348248
"ENSG00000100241",393.346959226219,-0.0143312629596797,0.239275352903096,-0.0598944387117202,0.952239709210081,0.997528070348248
"ENSG00000100242",544.652026753729,0.015100751044824,0.226444885959451,0.0666862092329524,0.946831513309487,0.997528070348248
"ENSG00000100243",603.355305327365,0.173889920225346,0.222092339723529,0.782962259940224,0.433649274533733,0.997528070348248
"ENSG00000100258",197.656560902223,-0.144670371949164,0.262654612462035,-0.550800804878594,0.58177023235252,0.997528070348248
"ENSG00000100266",431.149482643442,-0.0876454648998398,0.240660748151818,-0.364186788136093,0.715718532109457,0.997528070348248
"ENSG00000100281",117.762095763965,-0.136232820223369,0.299610523019184,-0.454699717655264,0.649325284032315,0.997528070348248
"ENSG00000100284",159.194198186867,-0.250176227847253,0.284914943847606,-0.878073380317554,0.379903897886669,0.997528070348248
"ENSG00000100285",2058.19959687397,-0.205703614126371,0.990237119212723,-0.207731673692371,0.835438485079564,0.997528070348248
"ENSG00000100296",115.854446784589,0.177348564953645,0.305444916612356,0.580623723978095,0.561494079464149,0.997528070348248
"ENSG00000100299",137.38692543701,-0.184835641689061,0.290966427075081,-0.635247315462157,0.525267128494115,0.997528070348248
"ENSG00000100300",107.766746048363,-0.0249100545320411,0.311961123504848,-0.0798498679969461,0.936356661986998,0.997528070348248
"ENSG00000100324",115.978653118292,-0.0223597468832227,0.308064688528672,-0.0725813366991643,0.942139278699314,0.997528070348248
"ENSG00000100325",226.008613089758,-0.0143581864397173,0.264504132728917,-0.0542834105901575,0.956709366495571,0.997528070348248
"ENSG00000100330",489.477648506092,-0.0411439378777299,0.228986339000455,-0.179678569723096,0.857404918500581,0.997528070348248
"ENSG00000100335",153.542662615188,-0.124607345300945,0.278507925479812,-0.447410410623941,0.654578760451212,0.997528070348248
"ENSG00000100347",109.008930334555,0.107800825352786,0.309189642066822,0.348656004878352,0.727347577005434,0.997528070348248
"ENSG00000100348",141.633603094868,0.0170414090157569,0.294317670145482,0.0579014131476826,0.953827157483602,0.997528070348248
"ENSG00000100360",163.729046134798,0.182238746665342,0.289289716801078,0.629952383653698,0.528725738452869,0.997528070348248
"ENSG00000100364",239.216553442417,0.223689592110692,0.255520814404459,0.875426108170653,0.381342099213275,0.997528070348248
"ENSG00000100376",482.346783609054,-0.08563346981327,0.242407397847221,-0.353262609036549,0.72389157436505,0.997528070348248
"ENSG00000100380",323.726353020378,0.156418795184587,0.241426796354925,0.647893264319482,0.517053987566115,0.997528070348248
"ENSG00000100401",306.978044956559,0.126082565420193,0.250095296423186,0.504138091453144,0.61416434098597,0.997528070348248
"ENSG00000100403",637.472024357373,-0.0780638695392512,0.219818317813922,-0.355129046185009,0.722492917318755,0.997528070348248
"ENSG00000100413",127.288862582154,-0.217555367000965,0.304465301589116,-0.714548967864198,0.474887787880501,0.997528070348248
"ENSG00000100416",112.839300499929,0.175118193896218,0.306332401826733,0.571660695544925,0.567551867075927,0.997528070348248
"ENSG00000100418",138.306684214447,0.0490732871675761,0.287798799020525,0.170512480714266,0.864607119900615,0.997528070348248
"ENSG00000100439",127.399523222451,0.137622729681924,0.30096901128615,0.457265447674537,0.647480261632423,0.997528070348248
"ENSG00000100441",325.186307334068,-0.0611058598144475,0.241326572520509,-0.253208170058664,0.800107353402986,0.997528070348248
"ENSG00000100442",135.276916760684,-0.0478960266371458,0.28902670996657,-0.165714880270704,0.868381335209743,0.997528070348248
"ENSG00000100461",304.804798556073,0.0262264242198649,0.242137652540142,0.108312044594209,0.913748168621082,0.997528070348248
"ENSG00000100462",126.133223318559,-0.108091117191093,0.293872983986918,-0.367815767630771,0.713010611108286,0.997528070348248
"ENSG00000100473",118.059054709724,0.0562211885719528,0.349494567486675,0.160864270298268,0.872200303919875,0.997528070348248
"ENSG00000100485",167.964376811725,-0.0897281188491369,0.276020818019576,-0.325077360080764,0.745122523251984,0.997528070348248
"ENSG00000100528",146.027141021589,-0.14781705352037,0.284167594069083,-0.520175616803211,0.602941178401257,0.997528070348248
"ENSG00000100554",172.694885197789,-0.14104236880856,0.280232592599529,-0.503304656678957,0.614750092966293,0.997528070348248
"ENSG00000100567",203.806249811458,-0.174702325556015,0.283175279739606,-0.616940594944103,0.537273909459614,0.997528070348248
"ENSG00000100577",114.33549916483,-0.251253391831436,0.328796602828695,-0.76416054688479,0.444771574458515,0.997528070348248
"ENSG00000100580",118.520773851854,-0.245972708469014,0.307210082068659,-0.800666133131794,0.423324953731112,0.997528070348248
"ENSG00000100591",304.764648284787,0.0201345988026765,0.243030854920935,0.0828479116745355,0.933972472037416,0.997528070348248
"ENSG00000100592",210.646948217056,-0.23167680191129,0.264463540150182,-0.876025488351727,0.381016177601842,0.997528070348248
"ENSG00000100603",119.244066656532,0.145911012189669,0.316265445041365,0.46135616292379,0.644543096952014,0.997528070348248
"ENSG00000100605",209.655281042076,-0.164006484454083,0.280815495597715,-0.584036447507983,0.559195790715038,0.997528070348248
"ENSG00000100614",356.125002241584,-0.138765365874242,0.240662873540222,-0.576596480516343,0.564212077274184,0.997528070348248
"ENSG00000100644",431.523709798353,-0.0157758737103179,0.257975771253047,-0.0611525401540267,0.951237726418895,0.997528070348248
"ENSG00000100647",443.201558345283,0.0484832626168709,0.273405066071731,0.177331251806983,0.859248204388439,0.997528070348248
"ENSG00000100650",2048.26478378565,-0.06037628886795,0.204461781794132,-0.295293762668769,0.767769480869033,0.997528070348248
"ENSG00000100664",560.427074705812,0.0752748840103119,0.232004929469731,0.324453813039058,0.745594484320316,0.997528070348248
"ENSG00000100697",297.992817676983,-0.229725334203223,0.263647781355423,-0.871334221066439,0.383571690488926,0.997528070348248
"ENSG00000100711",234.714189135914,-0.130327494412508,0.256553834099247,-0.507992776136375,0.611458409298485,0.997528070348248
"ENSG00000100722",253.662035341152,-0.207070467939884,0.249282271466216,-0.830666644370445,0.406161974570656,0.997528070348248
"ENSG00000100726",129.908432548534,-0.13414407066936,0.29131929276553,-0.460470947172479,0.645178220390373,0.997528070348248
"ENSG00000100731",200.813682039325,-0.118450534135851,0.269972852509362,-0.438749796636471,0.660842840675719,0.997528070348248
"ENSG00000100796",251.127092110289,-0.148033661273224,0.259211982653318,-0.571091119160225,0.567937878252652,0.997528070348248
"ENSG00000100804",205.990395124707,-0.0200651228169791,0.26167320782578,-0.0766800811733781,0.938878050799258,0.997528070348248
"ENSG00000100811",324.13224951719,0.00744068620608662,0.24114101861584,0.0308561614643435,0.975384251344056,0.997528070348248
"ENSG00000100813",785.057642503358,0.115695422084158,0.214828462067109,0.538547923170516,0.590198829253849,0.997528070348248
"ENSG00000100815",172.278977345079,-0.242597834574228,0.275852716491856,-0.879446965973201,0.379158976437746,0.997528070348248
"ENSG00000100823",342.096069014353,0.099539517707556,0.241434531116408,0.412283683064221,0.680131506879007,0.997528070348248
"ENSG00000100836",350.36979418601,0.0256643128777108,0.24089032352449,0.106539409728933,0.915154388881562,0.997528070348248
"ENSG00000100888",388.940643457518,0.0296341736094635,0.232593184338447,0.127407747108973,0.898617684905658,0.997528070348248
"ENSG00000100897",370.33683187208,-0.133940439522332,0.239480159486082,-0.559296602314635,0.575959313801181,0.997528070348248
"ENSG00000100911",205.699355085013,0.145454256864144,0.307865319449001,0.472460675741163,0.636598004159199,0.997528070348248
"ENSG00000100982",116.171358685041,-0.0533596812680394,0.308206658588202,-0.173129553762607,0.862549595165166,0.997528070348248
"ENSG00000100983",195.596823817436,-0.151319982640779,0.282321913607782,-0.535983837411223,0.591969720812797,0.997528070348248
"ENSG00000100991",387.479971109408,-0.16981778606289,0.233461208651949,-0.727391873979627,0.466985931009081,0.997528070348248
"ENSG00000100994",902.815296736022,0.0458887287167993,0.239233685543233,0.191815498777268,0.847886730127534,0.997528070348248
"ENSG00000100997",371.281169763566,-0.153061491889132,0.237553219304832,-0.64432505834712,0.519364669648863,0.997528070348248
"ENSG00000101019",121.599588430238,0.0141521193094658,0.295799620457782,0.0478436019882778,0.961840886962224,0.997528070348248
"ENSG00000101040",215.627178076997,-0.0328345123957987,0.271144254861703,-0.121096102193078,0.903614916456608,0.997528070348248
"ENSG00000101104",145.225792569879,0.226060825767175,0.294888297134616,0.766598159248003,0.443320470252062,0.997528070348248
"ENSG00000101109",129.35040515901,0.0966731784527702,0.293678318209331,0.329180509620947,0.742019253822934,0.997528070348248
"ENSG00000101126",468.224667402344,-0.124625838234432,0.227987246294417,-0.546635130955937,0.584629428467239,0.997528070348248
"ENSG00000101150",344.867625624431,0.060044032695776,0.238935860343543,0.251297702276437,0.801583951497644,0.997528070348248
"ENSG00000101158",306.641352171974,0.025792893212199,0.250951417979002,0.102780424274619,0.918137242137744,0.997528070348248
"ENSG00000101160",492.972206034107,0.137626076325109,0.229002310490385,0.600981169274654,0.547852528559246,0.997528070348248
"ENSG00000101161",382.498342600098,0.0934732691818723,0.233278945158083,0.400693123498692,0.688646074207222,0.997528070348248
"ENSG00000101182",285.966606204704,-0.0388716284925187,0.256528318038929,-0.151529580787334,0.879557978147904,0.997528070348248
"ENSG00000101191",403.769244724796,-0.063275965016928,0.232279974190667,-0.272412485137388,0.785304873833253,0.997528070348248
"ENSG00000101193",156.444972425905,0.102918723519565,0.283028909895641,0.363633254134759,0.716131891150674,0.997528070348248
"ENSG00000101199",381.213780748309,-0.0595973503450762,0.233321041271503,-0.255430671920095,0.798390483521009,0.997528070348248
"ENSG00000101246",102.834784160558,-0.101567172567308,0.318815220855143,-0.318576924573673,0.750047353910809,0.997528070348248
"ENSG00000101265",154.895599318295,0.0696486965234956,0.321578914515007,0.216583530137656,0.828532922137071,0.997528070348248
"ENSG00000101266",254.782678222119,-0.113060063714371,0.255163469102277,-0.443088754484102,0.65770153886425,0.997528070348248
"ENSG00000101290",311.034645960311,0.111631433037787,0.254359667553626,0.438872381425221,0.660754009825278,0.997528070348248
"ENSG00000101294",492.205784943327,-0.165649362461043,0.238068796468593,-0.695804594798698,0.486551211344288,0.997528070348248
"ENSG00000101337",378.586015756031,-0.0962879351543688,0.233531112529738,-0.412313092295602,0.680109953722388,0.997528070348248
"ENSG00000101343",137.178989443825,-0.252428903878979,0.291669456407003,-0.865462249590966,0.386785127165254,0.997528070348248
"ENSG00000101346",197.26336119651,-0.0577821280985461,0.268834808088247,-0.214935441245312,0.82981765246036,0.997528070348248
"ENSG00000101350",286.391116760815,-0.0899302435415944,0.249261666965327,-0.360786496521762,0.718259058100903,0.997528070348248
"ENSG00000101361",224.751780489978,0.114219352821894,0.259852730763908,0.439554175498234,0.660260036189815,0.997528070348248
"ENSG00000101363",152.984482507476,0.119217702471226,0.278892524574902,0.427468260947267,0.669038297895214,0.997528070348248
"ENSG00000101365",188.105163765274,0.0521937277223695,0.278971890688768,0.187093142586895,0.851587604651751,0.997528070348248
"ENSG00000101367",265.960077524046,0.206111655820336,0.247478688202489,0.832846081888445,0.40493154163606,0.997528070348248
"ENSG00000101391",103.358457630783,0.148122894036935,0.314378058733016,0.471161679138454,0.637525281869649,0.997528070348248
"ENSG00000101413",202.675146199868,0.040697044906112,0.26093798576262,0.155964432649277,0.876061056720158,0.997528070348248
"ENSG00000101421",324.307286407117,0.150568742786009,0.24081974177292,0.625234217417221,0.531817347320652,0.997528070348248
"ENSG00000101439",790.181276513099,-0.138029035671387,0.217059252988528,-0.635904868237441,0.524838429434609,0.997528070348248
"ENSG00000101444",412.698853350905,0.0134504107985091,0.248229325468471,0.0541854221821891,0.956787435034622,0.997528070348248
"ENSG00000101474",394.962045947318,0.067415837802704,0.232470633830273,0.289997221119655,0.771818363527546,0.997528070348248
"ENSG00000101544",125.035687599951,-0.115172197029568,0.297797288474899,-0.386746963410568,0.698943544590407,0.997528070348248
"ENSG00000101558",391.890385784524,0.0547559892867444,0.232917766271884,0.235087216244501,0.814141040645528,0.997528070348248
"ENSG00000101577",170.490542440824,-0.160928548801772,0.271140965859811,-0.593523550716336,0.552830826735819,0.997528070348248
"ENSG00000101639",105.978014594138,-0.151000238174158,0.310820774501002,-0.485811279559988,0.627100976260854,0.997528070348248
"ENSG00000101654",196.037506609054,0.0285752278475448,0.264657251715296,0.107970696674069,0.914018936959453,0.997528070348248
"ENSG00000101751",135.087157095246,-0.228206278938235,0.289941134684134,-0.787077967349633,0.431236226201461,0.997528070348248
"ENSG00000101782",222.278129489796,-0.0567440937464287,0.256044441893942,-0.221618143032892,0.82461115758222,0.997528070348248
"ENSG00000101871",149.302497021977,-0.0779946061406772,0.330791839947391,-0.235781530019246,0.81360220104489,0.997528070348248
"ENSG00000101901",200.681778687113,-0.105182449859954,0.261967127073016,-0.401510109436888,0.688044596631664,0.997528070348248
"ENSG00000101911",121.578694458371,0.100119069488776,0.311113937178434,0.321808371546385,0.747597871829017,0.997528070348248
"ENSG00000101940",286.10861307541,-0.205550342331758,0.246687231485138,-0.833242730457826,0.404707847908853,0.997528070348248
"ENSG00000102081",177.948198828043,-0.0756295824773711,0.272488530459657,-0.277551434366036,0.781356717497759,0.997528070348248
"ENSG00000102100",119.218622687018,-0.137488709354814,0.319259313060022,-0.430649017054564,0.666723594436657,0.997528070348248
"ENSG00000102103",130.114062415394,0.124950426729448,0.291026650274009,0.429343589708379,0.667673199251344,0.997528070348248
"ENSG00000102119",165.868867389746,0.210178240282892,0.273734200673151,0.767818707951122,0.44259489845849,0.997528070348248
"ENSG00000102225",252.773626628723,-0.0776397109529909,0.250452813885368,-0.309997359376951,0.756562964425736,0.997528070348248
"ENSG00000102226",281.247275053413,0.160788913205431,0.25194116186292,0.638200252854733,0.523343332635712,0.997528070348248
"ENSG00000102241",190.977146852479,0.226008167170429,0.26610987398552,0.849303950227442,0.395712183347884,0.997528070348248
"ENSG00000102317",524.823494697844,0.101693210395966,0.230790257430211,0.440630430106943,0.659480569208445,0.997528070348248
"ENSG00000102362",130.734399546484,0.0403457078891712,0.298274249683823,0.135263798105061,0.892403306902858,0.997528070348248
"ENSG00000102401",417.176086829411,-0.113294297001447,0.24180097802424,-0.468543584592489,0.639395910345261,0.997528070348248
"ENSG00000102409",176.806760450302,0.185516461700256,0.269572695925778,0.688187136546403,0.491334943366623,0.997528070348248
"ENSG00000102471",138.03087896491,-0.172236544765261,0.290378539559667,-0.593144882629558,0.553084195491032,0.997528070348248
"ENSG00000102572",291.882418142308,0.181094387794938,0.244728599000212,0.739980486689177,0.459311834673856,0.997528070348248
"ENSG00000102575",142.6630735385,0.206217940156077,0.297208583982348,0.693849206482962,0.487776780256987,0.997528070348248
"ENSG00000102606",374.471934222283,-0.172483612229369,0.255636494721181,-0.674722176962622,0.499852292017142,0.997528070348248
"ENSG00000102699",169.700897406393,-0.0745283419662382,0.271710789188135,-0.274292906030442,0.783859535703516,0.997528070348248
"ENSG00000102710",180.298389423315,-0.158841292722425,0.273476294459783,-0.580822893758288,0.561359823723507,0.997528070348248
"ENSG00000102753",126.773803723519,-0.0503445770746079,0.294522420688996,-0.170936314311262,0.864273842176607,0.997528070348248
"ENSG00000102805",114.614913825988,-0.0350494453988469,0.323255984415946,-0.108426284704902,0.913657551861848,0.997528070348248
"ENSG00000102858",369.077336513687,-0.0749361789487037,0.235207925545411,-0.31859546728682,0.750033291055378,0.997528070348248
"ENSG00000102882",124.585621019418,0.0508157700303003,0.296299944995019,0.171501111926141,0.86382975620483,0.997528070348248
"ENSG00000102900",169.118711257896,-0.00933809759518933,0.276656865288541,-0.0337533557515375,0.973073831448999,0.997528070348248
"ENSG00000102901",162.725386568854,0.169540771329287,0.27559801228626,0.615174144119687,0.538439721150718,0.997528070348248
"ENSG00000102908",206.41662407286,-0.224369052469795,0.276553468359124,-0.811304424424852,0.41719086986132,0.997528070348248
"ENSG00000102921",193.989380695644,-0.212957164181602,0.267481669371497,-0.796156105508048,0.425941306986301,0.997528070348248
"ENSG00000102931",102.551119930426,0.253832621554273,0.315429905231033,0.804719582210687,0.420981516778137,0.997528070348248
"ENSG00000102974",229.498340802439,0.0536826179031209,0.254672085330717,0.210791134934984,0.83305025642435,0.997528070348248
"ENSG00000103005",121.036916984359,0.172553248071437,0.307630943212323,0.560909921055448,0.574858946396689,0.997528070348248
"ENSG00000103018",199.868296148621,-0.0822084924734554,0.269689559132695,-0.304826381628687,0.760498387531068,0.997528070348248
"ENSG00000103024",131.110291463011,-0.147578663183768,0.292039571811515,-0.505337897423765,0.613321529329321,0.997528070348248
"ENSG00000103035",238.90756762148,-0.0398181356369893,0.252463752967069,-0.157718227543671,0.874678836761802,0.997528070348248
"ENSG00000103051",233.374234162784,-0.13014854092793,0.253535403560459,-0.513334781258249,0.607717158122805,0.997528070348248
"ENSG00000103091",186.775032665371,-0.0778391666810891,0.267314694024583,-0.291189255289987,0.770906579735628,0.997528070348248
"ENSG00000103111",341.510910968961,-0.181226984167762,0.245412542516596,-0.73845852501816,0.460235861606839,0.997528070348248
"ENSG00000103148",129.728532359121,-0.174203996327905,0.296848198221296,-0.586845388894828,0.557307549959098,0.997528070348248
"ENSG00000103160",106.217791694292,0.0499044138416693,0.307844603574361,0.162109107199648,0.871219934552087,0.997528070348248
"ENSG00000103168",179.374414086147,0.0994993020506582,0.271780989052255,0.366101037447942,0.71428968340528,0.997528070348248
"ENSG00000103187",311.391471353867,0.12225734998996,0.251921307950824,0.48529975881923,0.627463726550914,0.997528070348248
"ENSG00000103194",188.344938408087,-0.0596739327039983,0.264699869777476,-0.225439977564644,0.821637014374788,0.997528070348248
"ENSG00000103196",691.282641100271,0.0218497360176703,0.221648425653928,0.0985783497139991,0.921473060702481,0.997528070348248
"ENSG00000103197",537.872988924676,-0.141554293233509,0.225834313895747,-0.62680595694973,0.530786438257605,0.997528070348248
"ENSG00000103202",557.303642932938,-0.142350189975538,0.259809517361133,-0.54790213777147,0.583759100877246,0.997528070348248
"ENSG00000103222",412.31418576834,0.122383496414645,0.233009551951053,0.525229525527579,0.599423642087647,0.997528070348248
"ENSG00000103249",257.879450012698,-0.226125028959839,0.255791409102915,-0.884021202091505,0.376684767628273,0.997528070348248
"ENSG00000103264",121.435503893826,0.141127149873322,0.298598589092139,0.472631670170999,0.636475983583285,0.997528070348248
"ENSG00000103316",156.377309093409,0.140676567808167,0.289655421151104,0.48566868608608,0.62720208885841,0.997528070348248
"ENSG00000103319",297.148889030169,0.0729305470474008,0.262768682577405,0.277546571882353,0.781360450606302,0.997528070348248
"ENSG00000103353",268.864801175736,-0.0441123485000376,0.24627105180513,-0.17912112762219,0.857842592843727,0.997528070348248
"ENSG00000103363",177.544922653777,-0.0234599833070315,0.285673562651924,-0.0821216464318614,0.934549979897176,0.997528070348248
"ENSG00000103365",494.739642809719,0.0910004078754335,0.228885413337725,0.397580634556036,0.690939337663429,0.997528070348248
"ENSG00000103404",104.543695106892,-0.240101529464728,0.330844136976698,-0.725723996981816,0.468007987673342,0.997528070348248
"ENSG00000103415",116.586784574507,-0.0552181813924127,0.302648609194414,-0.182449810489438,0.855229738614464,0.997528070348248
"ENSG00000103423",150.947589104025,-0.0618709940149256,0.280904194149344,-0.220256568978217,0.825671342495998,0.997528070348248
"ENSG00000103479",598.868302701315,-0.0787905733394139,0.220548064273803,-0.357248990594621,0.720905413206935,0.997528070348248
"ENSG00000103489",136.490776307311,-0.187521682528594,0.304766084973285,-0.615297081186154,0.538358544813825,0.997528070348248
"ENSG00000103496",156.018313474715,0.215152905474203,0.285087304598574,0.75469128931278,0.450434234249989,0.997528070348248
"ENSG00000103502",225.773098825878,0.115232664072255,0.257492494318337,0.447518535937568,0.654500707513478,0.997528070348248
"ENSG00000103507",141.340284298178,0.0158521243836154,0.285750066061108,0.0554754880799412,0.955759657549531,0.997528070348248
"ENSG00000103510",134.853415491439,0.0107240970052267,0.291734205947787,0.0367598203658917,0.970676511083004,0.997528070348248
"ENSG00000103512",136.918515050173,-0.0440910413490067,0.289464054525118,-0.152319573569646,0.878934887573509,0.997528070348248
"ENSG00000103534",312.014311359133,0.185984438637974,0.261711368522391,0.710647151814737,0.477302916238851,0.997528070348248
"ENSG00000103544",167.839385789415,-0.198718513391142,0.274252875674051,-0.724581329923114,0.468708916088077,0.997528070348248
"ENSG00000103549",309.291495744608,-0.063674139652019,0.240765334222083,-0.264465562942237,0.79142119720168,0.997528070348248
"ENSG00000103591",189.207422770637,-0.108111211377029,0.269322125894009,-0.401419716327267,0.688111135725516,0.997528070348248
"ENSG00000103653",168.026869789909,0.0398957175987995,0.273802859324248,0.145709645608754,0.884150606548513,0.997528070348248
"ENSG00000103657",306.332345861209,-0.0643740776884451,0.243076021499878,-0.264831048703327,0.791139617201302,0.997528070348248
"ENSG00000103876",102.823660040891,0.145175998230199,0.315870067380596,0.459606696620843,0.645798551560672,0.997528070348248
"ENSG00000103966",125.830088088422,0.159029360719986,0.309676515908061,0.513533808831664,0.60757796746482,0.997528070348248
"ENSG00000104067",644.48511833579,-0.131500362791147,0.230123371947979,-0.571434190616996,0.56770535810267,0.997528070348248
"ENSG00000104131",171.512001953758,0.0929444270789807,0.279364488355079,0.332699505317391,0.739361122996356,0.997528070348248
"ENSG00000104142",119.823218989763,-0.109070726389797,0.305305972871121,-0.357250548897184,0.72090424672529,0.997528070348248
"ENSG00000104164",309.653590850929,-0.191480233524601,0.248191071075094,-0.77150331273064,0.440408659602341,0.997528070348248
"ENSG00000104219",144.330873596063,-0.228774132001611,0.291659415831911,-0.784387952465275,0.432812505375547,0.997528070348248
"ENSG00000104231",167.699806328863,0.0521982332588477,0.274717543987769,0.190006915834875,0.84930371120317,0.997528070348248
"ENSG00000104320",188.322403308503,-0.131126776165063,0.268630956461223,-0.48812980414635,0.625457901482384,0.997528070348248
"ENSG00000104324",173.582354528406,-0.0461601863155021,0.27036107811703,-0.170735324170888,0.864431885953112,0.997528070348248
"ENSG00000104325",164.084015983582,-0.146526819766694,0.277282727512961,-0.528438323875926,0.597195143975968,0.997528070348248
"ENSG00000104365",318.38611333026,0.108615999141544,0.249147320233487,0.435950902621611,0.6628723520539,0.997528070348248
"ENSG00000104375",125.039651936903,0.0502523499396844,0.307996395884473,0.163158889555752,0.870393333780353,0.997528070348248
"ENSG00000104408",433.556958078473,0.110062082684807,0.232685644017501,0.473007619999663,0.636207742769896,0.997528070348248
"ENSG00000104412",128.078183936701,0.00955292692595654,0.296619244330105,0.0322060254301139,0.974307751074892,0.997528070348248
"ENSG00000104442",119.61189773354,-0.126375331061058,0.297831359961634,-0.42431841656076,0.671333609916948,0.997528070348248
"ENSG00000104518",160.211928874825,0.160697553676031,0.284155832591437,0.565526148840605,0.571715943628616,0.997528070348248
"ENSG00000104522",200.322278600719,0.142983196425177,0.26305595757713,0.543546695319581,0.586753449514054,0.997528070348248
"ENSG00000104529",668.901666347308,0.128902240967189,0.222245907765889,0.579998265268276,0.561915787631208,0.997528070348248
"ENSG00000104613",229.632366434302,0.0228182398679615,0.260000666891721,0.0877622359232806,0.930065653274524,0.997528070348248
"ENSG00000104635",147.626745127355,0.214193293067025,0.30848075428816,0.694348966959996,0.487463389508839,0.997528070348248
"ENSG00000104687",299.261612425513,-0.139172285535394,0.255968698932209,-0.543708219465743,0.586642275364839,0.997528070348248
"ENSG00000104728",162.646165794945,-0.0345777354145267,0.275927270898584,-0.125314671876836,0.900274437267476,0.997528070348248
"ENSG00000104763",961.350307364343,-0.134390668531208,0.224313636553786,-0.599119476621672,0.549093214571454,0.997528070348248
"ENSG00000104765",258.279468816696,0.0810077508925407,0.257555426769545,0.314525505863344,0.753121947771365,0.997528070348248
"ENSG00000104805",980.449091446193,-0.105981603167641,0.212348220635761,-0.499093436480592,0.617713561223504,0.997528070348248
"ENSG00000104812",231.027362751713,-0.0389049999121822,0.270596589516965,-0.143774908551621,0.885678217065098,0.997528070348248
"ENSG00000104824",419.590276958653,0.07139005845381,0.232562724402239,0.306971199435789,0.758865294063704,0.997528070348248
"ENSG00000104852",1720.25519781898,0.0615474976425798,0.210187628056382,0.292821695604604,0.769658444073438,0.997528070348248
"ENSG00000104853",355.069287033223,-0.0629717998360026,0.237296018046277,-0.265372341071994,0.790722641171676,0.997528070348248
"ENSG00000104859",176.204293942838,0.154747381041864,0.270337026709247,0.572423921819254,0.567034813252842,0.997528070348248
"ENSG00000104866",131.053169635782,0.0590289752932529,0.290743982289089,0.203027332942561,0.839113668494425,0.997528070348248
"ENSG00000104881",147.213383242544,0.200805180681551,0.286758862264432,0.70025797667024,0.483766210533837,0.997528070348248
"ENSG00000104885",151.881901232913,-0.16012254329168,0.283089947392336,-0.565624264537254,0.571649229393495,0.997528070348248
"ENSG00000104904",623.886406207077,0.0538463869513805,0.221241617008551,0.243382721928395,0.807708927368389,0.997528070348248
"ENSG00000104946",207.552168712343,-0.226183008152247,0.259750211469287,-0.87077121852119,0.383879083277939,0.997528070348248
"ENSG00000104964",1079.66711188623,-0.0340944156893531,0.209863708398039,-0.162459798073747,0.870943784149161,0.997528070348248
"ENSG00000104969",162.313546390724,-0.164828699855207,0.282914528524916,-0.582609527741844,0.560156190007644,0.997528070348248
"ENSG00000105053",110.205312980524,0.0592292523461272,0.321298873284007,0.184343168529485,0.853744250581292,0.997528070348248
"ENSG00000105058",153.909737161299,0.0421865222037139,0.279445037450929,0.150965365456246,0.880003037080712,0.997528070348248
"ENSG00000105063",205.916327419774,0.169238029369661,0.259516825137761,0.652127388194668,0.514318997145393,0.997528070348248
"ENSG00000105127",150.744949049002,0.153212301954417,0.279323059583131,0.548512901810093,0.583339772810177,0.997528070348248
"ENSG00000105176",284.720348083696,-0.185210140228911,0.249164993947289,-0.743323278662863,0.457285981244462,0.997528070348248
"ENSG00000105186",170.32683406921,-0.0136602839167669,0.291773589144048,-0.0468180960341232,0.962658206298196,0.997528070348248
"ENSG00000105193",785.890969479655,0.164646474349408,0.221783388961915,0.742375139635371,0.457860077630286,0.997528070348248
"ENSG00000105197",114.270825161509,0.124518287654625,0.312220559590198,0.398815144710714,0.690029417058147,0.997528070348248
"ENSG00000105220",669.530571871323,-0.0103849546106982,0.219250833326028,-0.0473656334763193,0.962221818776441,0.997528070348248
"ENSG00000105221",573.67341335917,-0.0449358181636141,0.221551855939659,-0.202823027471513,0.839273358682284,0.997528070348248
"ENSG00000105223",513.540129780066,-0.133286237514107,0.229017062944597,-0.581992607015275,0.560571660628525,0.997528070348248
"ENSG00000105281",613.925277189206,-0.0838978231939254,0.224005653489484,-0.374534400748345,0.708006767780061,0.997528070348248
"ENSG00000105287",199.335495140939,0.0436044961337268,0.271041324849037,0.160877667484888,0.872189751938565,0.997528070348248
"ENSG00000105323",626.011487372459,0.0802305530466868,0.225331834555775,0.356055118464975,0.721799287761133,0.997528070348248
"ENSG00000105325",197.689613317951,-0.176315902733975,0.26420627928776,-0.667341833090732,0.504553811057102,0.997528070348248
"ENSG00000105339",175.695238779634,-0.09717741998117,0.270726704640474,-0.358950256164135,0.719632302477513,0.997528070348248
"ENSG00000105355",119.686311531124,0.212695996038211,0.305255407857176,0.696780435541794,0.485940211689844,0.997528070348248
"ENSG00000105357",257.053540910611,-0.0701048448959274,0.255593620680546,-0.274282451609182,0.783867569175073,0.997528070348248
"ENSG00000105401",382.472740191574,0.184028602628272,0.235806801416624,0.780421096943382,0.435143053983218,0.997528070348248
"ENSG00000105404",165.521453687187,-0.112974460489899,0.277963407475132,-0.406436449733068,0.684421942383737,0.997528070348248
"ENSG00000105426",673.717070187912,-0.164429591165964,0.230222772586652,-0.71421948975128,0.47509146707062,0.997528070348248
"ENSG00000105429",367.535560702784,0.0103486315577118,0.243207761339441,0.0425505810370434,0.966059790398353,0.997528070348248
"ENSG00000105438",455.120218386478,-0.0856905043127087,0.227406146588533,-0.376817010437965,0.706309598502859,0.997528070348248
"ENSG00000105443",238.832035425098,-0.052163660818224,0.254339495282038,-0.205094614819376,0.837498203758301,0.997528070348248
"ENSG00000105483",124.949623681788,0.105943598376916,0.31212335903543,0.339428611508984,0.734286867706101,0.997528070348248
"ENSG00000105518",205.742087651925,-0.060463367187805,0.271552213860555,-0.222658347461876,0.823801421440493,0.997528070348248
"ENSG00000105519",147.479456265606,-0.184013729102271,0.309415486800269,-0.59471402354548,0.552034646262723,0.997528070348248
"ENSG00000105552",174.440252256724,-0.200719887712051,0.320068017907217,-0.627116351781941,0.530582969261549,0.997528070348248
"ENSG00000105568",783.693485833934,-0.0603479337978887,0.216338389473083,-0.278951571863288,0.780281990077771,0.997528070348248
"ENSG00000105576",391.086734847558,0.023720736676761,0.235981229659851,0.100519590947774,0.919931830280303,0.997528070348248
"ENSG00000105583",201.119966738452,-0.0358226606798744,0.267753475526064,-0.133789713128812,0.893568861795914,0.997528070348248
"ENSG00000105612",117.76916774233,-0.101728428724118,0.306750672877429,-0.331632292017065,0.740166932729002,0.997528070348248
"ENSG00000105618",103.53965551101,0.152451666960454,0.309935484225169,0.491881939047991,0.622802806816945,0.997528070348248
"ENSG00000105677",126.131932551177,0.135188067809494,0.298874635794499,0.452323655535783,0.651035836812057,0.997528070348248
"ENSG00000105698",271.021037470007,-0.0241162759351414,0.257485858918504,-0.093660584066383,0.925378781946126,0.997528070348248
"ENSG00000105700",144.885911998445,-0.136649938479344,0.284935596809798,-0.479581842385811,0.631524760133671,0.997528070348248
"ENSG00000105701",504.846773700358,0.0962647741826227,0.235534114724629,0.408708412771411,0.682753659211526,0.997528070348248
"ENSG00000105722",129.627807539594,0.259063168804245,0.296122079144494,0.874852593067992,0.381654116462751,0.997528070348248
"ENSG00000105723",143.207368165897,-0.232666523378769,0.285546446667524,-0.81481148196417,0.41518022753964,0.997528070348248
"ENSG00000105726",244.779685760851,-0.116250962626867,0.252787138884393,-0.459876887486874,0.645604590774062,0.997528070348248
"ENSG00000105767",152.974211883371,0.107637750050153,0.283368088412868,0.379851346893107,0.704055764622564,0.997528070348248
"ENSG00000105771",110.446435187137,-0.0865800839603365,0.304290292482794,-0.284531206217274,0.776003322727794,0.997528070348248
"ENSG00000105810",126.518880136401,0.022829673945481,0.299345819176516,0.0762652172937782,0.939208097800606,0.997528070348248
"ENSG00000105819",243.125760948194,0.0397294738217699,0.251257676914555,0.158122427579718,0.87436032827528,0.997528070348248
"ENSG00000105835",302.676867520516,-0.139025907489358,0.24960952812511,-0.556973559998377,0.577545494067871,0.997528070348248
"ENSG00000105849",104.438540618094,-0.165089118131546,0.311810052890351,-0.529454123115139,0.596490461317157,0.997528070348248
"ENSG00000105855",108.552723068722,0.259329188703134,0.316746690856272,0.81872738118299,0.412941970913187,0.997528070348248
"ENSG00000105856",258.479693627859,-0.219533866903781,0.248474394834787,-0.883527121777479,0.376951535355272,0.997528070348248
"ENSG00000105879",121.614656802013,-0.23642236129649,0.327401358083182,-0.722117839341471,0.470222031172794,0.997528070348248
"ENSG00000105887",185.177419128138,-0.0217033739132523,0.289895491486192,-0.0748662002364604,0.940321169362041,0.997528070348248
"ENSG00000105939",185.818169024429,-0.191337580655423,0.284689953927157,-0.672091087219677,0.501525710207203,0.997528070348248
"ENSG00000105953",455.717356868071,-0.138075433042975,0.238950000085101,-0.57784236448546,0.563370550318779,0.997528070348248
"ENSG00000105968",376.244301197103,0.0698720247078191,0.235953253338433,0.296126557778799,0.76713343287862,0.997528070348248
"ENSG00000105983",161.065008259814,-0.202561389848362,0.27567097104179,-0.734794052064537,0.462464930065528,0.997528070348248
"ENSG00000105993",192.594161281659,0.243160457501411,0.273487462430711,0.889110072323758,0.3739439262393,0.997528070348248
"ENSG00000106003",145.923718055309,-0.259495240886168,0.298428279277168,-0.869539714918102,0.384551995240197,0.997528070348248
"ENSG00000106009",163.990595592074,-0.0579983855272512,0.280683475513196,-0.206632704049314,0.836296717287242,0.997528070348248
"ENSG00000106012",190.116806784536,0.035810306408935,0.264434548509499,0.135422192791305,0.89227807844707,0.997528070348248
"ENSG00000106028",133.778911692758,0.169971994820441,0.295527254923636,0.575148288317303,0.565191012410859,0.997528070348248
"ENSG00000106031",161.983815861636,0.23321183879974,0.300394571972828,0.776351707250005,0.437541350535956,0.997528070348248
"ENSG00000106034",176.374668152671,-0.152146289401569,0.287570700560676,-0.529074377552822,0.596753854991941,0.997528070348248
"ENSG00000106049",191.252415573573,-0.0129380921434702,0.274141638426356,-0.0471949179910727,0.962357877866315,0.997528070348248
"ENSG00000106052",578.916804753113,-0.131497214711171,0.226340479419662,-0.580970823461763,0.561260117783801,0.997528070348248
"ENSG00000106069",120.4769217319,0.0180952574457382,0.337872251382593,0.0535565065544487,0.957288509488755,0.997528070348248
"ENSG00000106070",179.56521212802,0.0383556246772353,0.268135182165109,0.143045848618318,0.8862539715331,0.997528070348248
"ENSG00000106077",210.822423232725,-0.18934598838344,0.270440824771593,-0.700138333564677,0.483840918229655,0.997528070348248
"ENSG00000106105",205.932573091896,0.014936371918486,0.264406456429303,0.0564901936215754,0.954951307408127,0.997528070348248
"ENSG00000106123",150.355772318186,0.17098005199532,0.357498519167732,0.47826786078266,0.632459568248536,0.997528070348248
"ENSG00000106153",199.115061950253,0.261881743330027,0.30580782833176,0.856360495277841,0.391798408887029,0.997528070348248
"ENSG00000106244",189.602871619702,0.140116005629825,0.266994157063212,0.524790531639433,0.599728814336411,0.997528070348248
"ENSG00000106263",520.259948254775,0.00919219831279732,0.224092925725249,0.0410195827603567,0.967280284214751,0.997528070348248
"ENSG00000106299",272.300464021045,-0.0888492435445803,0.273401784891282,-0.32497682332217,0.745198612788552,0.997528070348248
"ENSG00000106344",125.615147518305,0.017629816149065,0.296283424657239,0.059503214428753,0.952551305271892,0.997528070348248
"ENSG00000106348",122.859087053886,-0.0783070214621183,0.300177139101077,-0.260869370987477,0.794193245602634,0.997528070348248
"ENSG00000106351",115.358005884433,-0.0187151848229872,0.310264254029214,-0.0603201451019396,0.951900657687323,0.997528070348248
"ENSG00000106367",111.216751732884,-0.118366397470351,0.313029139340435,-0.378132201109946,0.7053323881064,0.997528070348248
"ENSG00000106397",126.21555698425,-0.0483506492502777,0.293529576624955,-0.164721558236892,0.86916314774947,0.997528070348248
"ENSG00000106400",116.049553560487,-0.0875743516323606,0.314957967957663,-0.278050916445246,0.780973273488348,0.997528070348248
"ENSG00000106443",112.917843967816,-0.126950960626148,0.305804638759125,-0.415137458807957,0.678041279011208,0.997528070348248
"ENSG00000106479",140.998915240587,-0.0669515948263326,0.289750598006616,-0.231066286961741,0.817263305536332,0.997528070348248
"ENSG00000106541",1276.14748239267,-0.125620336531816,0.208733865551043,-0.601820582396572,0.547293572924194,0.997528070348248
"ENSG00000106546",164.015281439244,0.0524133667750728,0.297695910867407,0.176063442129098,0.860244101184384,0.997528070348248
"ENSG00000106571",103.836268205791,0.272868175961766,0.356728172222106,0.764919053805128,0.444319747167766,0.997528070348248
"ENSG00000106591",126.730307619559,0.226285266493297,0.304304786116222,0.743613892444243,0.457110096125135,0.997528070348248
"ENSG00000106603",105.169363534999,-0.097356246892792,0.311812200463828,-0.312227189147738,0.754867870278766,0.997528070348248
"ENSG00000106608",200.910365230458,0.0904207360944116,0.280015333826681,0.322913516408993,0.746760739618691,0.997528070348248
"ENSG00000106609",617.960589257385,0.00886056182707736,0.224346951473042,0.0394949062998168,0.968495814533999,0.997528070348248
"ENSG00000106617",151.698857531998,-0.137499144999546,0.280842773442677,-0.489594741264052,0.624420698409918,0.997528070348248
"ENSG00000106628",196.816267748083,-0.142438221244101,0.27101892763836,-0.525565584977026,0.599190073580726,0.997528070348248
"ENSG00000106635",115.754104538108,0.0564016581394397,0.300516881028123,0.18768216263419,0.85112581393867,0.997528070348248
"ENSG00000106636",262.049391614693,-0.0448506973575853,0.2483801674716,-0.180572780082023,0.856702922972291,0.997528070348248
"ENSG00000106638",147.707124914232,-0.210546688838183,0.28236054159762,-0.745666117676683,0.455869131644445,0.997528070348248
"ENSG00000106682",541.335070761739,0.0682626043261992,0.226547594872288,0.301316835275523,0.763172904432325,0.997528070348248
"ENSG00000106723",495.716647377278,0.055275441635032,0.229497909972842,0.240853790962947,0.809668437367605,0.997528070348248
"ENSG00000106771",371.494183402888,-0.217080063860979,0.248161982506989,-0.874751489603629,0.381709137396896,0.997528070348248
"ENSG00000106772",647.583429196406,0.228242580953802,0.283507006749782,0.805068571568829,0.42078011076483,0.997528070348248
"ENSG00000106785",202.578154635662,-0.206996949107461,0.266141607005012,-0.777769967788477,0.436704635738751,0.997528070348248
"ENSG00000106799",232.174350498843,0.163634485623653,0.300662928254079,0.544245632721876,0.586272453828943,0.997528070348248
"ENSG00000106803",190.414235154092,0.224143425377599,0.287760255216477,0.77892419579966,0.436024369977964,0.997528070348248
"ENSG00000106948",130.804276554954,0.275106871847986,0.31146857113746,0.883257244361175,0.377097298879913,0.997528070348248
"ENSG00000107021",140.467088300641,-0.0286552743291819,0.286142014191744,-0.10014354029807,0.920230368890234,0.997528070348248
"ENSG00000107036",103.61781151912,-0.234407879583115,0.313089150191846,-0.748693716915713,0.454041831513204,0.997528070348248
"ENSG00000107077",120.792209201528,0.0501565951070225,0.299727581463968,0.167340605966395,0.867102055626713,0.997528070348248
"ENSG00000107140",117.005423770779,0.108540054882848,0.304812155342642,0.356088341558549,0.721774407859044,0.997528070348248
"ENSG00000107164",229.847365905604,-0.180554889839061,0.257043555600495,-0.702429163871688,0.482411563049719,0.997528070348248
"ENSG00000107175",181.451716587152,-0.0722602255307742,0.27700231372237,-0.260865061232659,0.794196569253413,0.997528070348248
"ENSG00000107185",205.869518311073,0.0608111177990487,0.265575181771859,0.228978918110232,0.818885301758743,0.997528070348248
"ENSG00000107186",277.304645736647,-0.084003201341676,0.253811255295107,-0.330967203341733,0.740669258697034,0.997528070348248
"ENSG00000107201",104.139717878397,-0.266440214011104,0.373234844071768,-0.713867470422645,0.475309133920883,0.997528070348248
"ENSG00000107223",498.176380182072,0.0405263214925677,0.231873049483724,0.174778058867995,0.861254029438018,0.997528070348248
"ENSG00000107263",273.720767157873,0.129787265517468,0.260800621653305,0.497649371748818,0.618731198374508,0.997528070348248
"ENSG00000107331",416.578167426637,-0.084323850971346,0.236945681626336,-0.355878403828963,0.721931629655691,0.997528070348248
"ENSG00000107341",299.165799844515,0.0457348170411846,0.245588561050894,0.186225355307599,0.85226804107701,0.997528070348248
"ENSG00000107372",542.572937628732,-0.0164252783730823,0.251217300800386,-0.0653827515889665,0.947869256929853,0.997528070348248
"ENSG00000107404",163.747911737902,-0.102294534803591,0.274534208263148,-0.37261125107418,0.709437797807492,0.997528070348248
"ENSG00000107554",152.863738425026,0.063267207037094,0.283893554744614,0.222855383575045,0.823648061860081,0.997528070348248
"ENSG00000107566",140.574266758225,0.0463067508399994,0.288353555416328,0.160590185105022,0.872416185713416,0.997528070348248
"ENSG00000107581",842.986709843968,-0.153736676290379,0.213701236042323,-0.719400033137533,0.471894476443758,0.997528070348248
"ENSG00000107643",139.871204711572,0.156989418358587,0.284909037041861,0.551015931219904,0.581622753599135,0.997528070348248
"ENSG00000107672",173.059611892217,-0.0316205484476685,0.272111534296969,-0.116204366453498,0.907490576270133,0.997528070348248
"ENSG00000107731",184.441192365766,0.203822430676564,0.281684273785513,0.723584699768378,0.46932073739913,0.997528070348248
"ENSG00000107745",172.550404659732,0.113458153671497,0.27390349767257,0.414226742760063,0.678708058341675,0.997528070348248
"ENSG00000107758",213.272282921317,-0.018127946858982,0.26002745544497,-0.0697155107254375,0.944420096046616,0.997528070348248
"ENSG00000107771",150.647893495637,-0.094155671928871,0.280131934965109,-0.336111882212209,0.736786498446761,0.997528070348248
"ENSG00000107779",144.732769186039,-0.0417609607054285,0.29552151571209,-0.141312758919773,0.887622870600077,0.997528070348248
"ENSG00000107798",208.092028344071,0.171745635180124,0.276419345019681,0.62132277741956,0.534387269985348,0.997528070348248
"ENSG00000107816",244.940986993027,0.208962452681441,0.253167393773995,0.825392439233247,0.40914882601836,0.997528070348248
"ENSG00000107829",239.100969576552,0.0615853099822786,0.252262764272358,0.244131590961984,0.807128906569573,0.997528070348248
"ENSG00000107863",151.012071792748,0.0830975834433984,0.297310255508131,0.279497871008105,0.779862771636613,0.997528070348248
"ENSG00000107882",131.160656048043,-0.185027853994346,0.30644995288281,-0.603778373120202,0.545990999849918,0.997528070348248
"ENSG00000107937",127.663452117933,-0.0158986842320794,0.291659039867767,-0.054511199924705,0.956527885608578,0.997528070348248
"ENSG00000107949",155.287684411423,0.0383162165457613,0.284480539365149,0.134688357352205,0.892858278792894,0.997528070348248
"ENSG00000107959",282.90799086608,-0.0277067778879706,0.245201211101423,-0.112996089062995,0.910033655832178,0.997528070348248
"ENSG00000108039",223.997960581488,-0.220336433805646,0.279881763600433,-0.787248268594607,0.43113654624105,0.997528070348248
"ENSG00000108055",149.398556657547,0.0557727774457243,0.297690798678535,0.187351364883639,0.851385152537093,0.997528070348248
"ENSG00000108061",162.539439910884,-0.209604297948425,0.27778141456406,-0.754565593516653,0.450509674524425,0.997528070348248
"ENSG00000108064",121.089880784601,-0.0592775150370897,0.299928253431813,-0.197638983186245,0.843327532190734,0.997528070348248
"ENSG00000108091",406.640790833447,-0.164269827326915,0.262662194327099,-0.625403392169738,0.531706336346568,0.997528070348248
"ENSG00000108094",114.802933599349,-0.225256381485116,0.31119932135051,-0.723833138541473,0.469168182004199,0.997528070348248
"ENSG00000108100",250.773391371777,0.0586450810687758,0.257324002278982,0.227903656671696,0.819721139914235,0.997528070348248
"ENSG00000108107",878.524159149672,0.148345132564605,0.215470570194432,0.688470506346848,0.491156537139958,0.997528070348248
"ENSG00000108175",599.043397197191,-0.0737690777191086,0.223335555033006,-0.330306017365692,0.741168746661652,0.997528070348248
"ENSG00000108179",106.092117207318,-0.124617968053777,0.311344855354724,-0.400257033031094,0.688967211332307,0.997528070348248
"ENSG00000108219",385.688629114676,-0.168929695165832,0.232639708045011,-0.726142998482218,0.467751111687477,0.997528070348248
"ENSG00000108256",281.8337774352,-0.123176271023325,0.249607354636342,-0.493480134841309,0.621673372809928,0.997528070348248
"ENSG00000108270",108.527404195204,0.173711303979967,0.306088028831944,0.567520737883357,0.570360441223401,0.997528070348248
"ENSG00000108292",891.122184059944,0.0781769893566458,0.220917733432046,0.353873761703666,0.723433491454472,0.997528070348248
"ENSG00000108294",148.437736870876,0.15605891033272,0.280757802940977,0.555848880059544,0.578314167077036,0.997528070348248
"ENSG00000108296",105.235743616031,0.214016396175891,0.312807268224187,0.684179742340598,0.493861672523873,0.997528070348248
"ENSG00000108344",382.745949167814,-0.192259934489096,0.233506352002688,-0.823360618844674,0.410302950919884,0.997528070348248
"ENSG00000108349",483.131239876217,0.106030544292523,0.225956028720598,0.469252999766752,0.638888806016444,0.997528070348248
"ENSG00000108375",160.284105772335,0.161281073250121,0.286795257161989,0.562356138124788,0.573873396982774,0.997528070348248
"ENSG00000108395",139.274735395896,-0.170885723878125,0.285595401915006,-0.598349002582965,0.549607086077907,0.997528070348248
"ENSG00000108406",156.467431166749,0.0160511061814367,0.283454743663358,0.0566266980541333,0.954842566691201,0.997528070348248
"ENSG00000108424",682.847282808808,0.0847830115184,0.221262694097037,0.383178067429737,0.70158773893965,0.997528070348248
"ENSG00000108443",134.591786253412,-0.243506223456037,0.296882723259305,-0.820210151613814,0.412096315792824,0.997528070348248
"ENSG00000108465",548.305966089803,0.171763957151829,0.227871518006475,0.753775454933988,0.450984064822959,0.997528070348248
"ENSG00000108468",157.729094324714,0.202986336579688,0.278491235440516,0.728878724885562,0.466075849857256,0.997528070348248
"ENSG00000108509",206.272135324449,-0.194699117703165,0.27238272187629,-0.714799809481281,0.474732752920872,0.997528070348248
"ENSG00000108523",245.566190374317,0.0303443464318978,0.257433375607283,0.11787261989754,0.906168588135858,0.997528070348248
"ENSG00000108528",128.442071265539,0.204112770490504,0.292448486576896,0.697944355532968,0.48521199376346,0.997528070348248
"ENSG00000108557",206.911109763868,-0.192123638042103,0.263920809022514,-0.727959416135747,0.466638429937272,0.997528070348248
"ENSG00000108559",121.720189273885,0.0990390110869328,0.296370700281094,0.334172747147403,0.738249207677298,0.997528070348248
"ENSG00000108561",161.69993648212,0.0623187320929351,0.276676259760151,0.225240619296209,0.82179209157684,0.997528070348248
"ENSG00000108588",485.943960087566,-0.0188257935923669,0.225814151229215,-0.0833685288981627,0.933558511675864,0.997528070348248
"ENSG00000108591",136.507852912163,-0.0931897918854128,0.294181213161236,-0.316776829097978,0.751412947137421,0.997528070348248
"ENSG00000108599",116.508883134134,0.0848557811226799,0.306117172930939,0.277200329240672,0.781626286833786,0.997528070348248
"ENSG00000108604",298.444830142198,-0.0492686527115948,0.24237554852318,-0.203274022531539,0.838920858664205,0.997528070348248
"ENSG00000108651",143.559315670183,0.0638080791156649,0.284521154944591,0.224264797210215,0.822551266336372,0.997528070348248
"ENSG00000108654",4178.42238019421,-0.0744741792393911,0.20093554909815,-0.370637149940118,0.710907808106598,0.997528070348248
"ENSG00000108669",354.598065261764,-0.193158783786265,0.259596905322752,-0.744071981698374,0.456832928760253,0.997528070348248
"ENSG00000108671",279.896684486873,-0.0733935705972092,0.244760656918149,-0.299858529231489,0.764285068366401,0.997528070348248
"ENSG00000108679",568.486025251651,0.0601011667627991,0.234530710234692,0.256261394094857,0.797749005169548,0.997528070348248
"ENSG00000108773",283.412898482455,-0.0813585485583797,0.245307614051497,-0.331659287759818,0.740146545812236,0.997528070348248
"ENSG00000108774",171.434883301006,0.106206471645284,0.273371510749419,0.388505998134664,0.697641616125407,0.997528070348248
"ENSG00000108788",126.897894434917,-0.249379929099455,0.293197373783617,-0.85055307924927,0.395017663184921,0.997528070348248
"ENSG00000108819",173.781130152426,0.211557313907804,0.27103892867554,0.780542171346386,0.435071815147586,0.997528070348248
"ENSG00000108829",457.45001009732,-0.131264953227233,0.233445262992952,-0.562294353478468,0.573915484815851,0.997528070348248
"ENSG00000108840",214.476790408919,-0.018092184696864,0.263133779214374,-0.0687566026333865,0.945183362376411,0.997528070348248
"ENSG00000108848",726.060849842937,0.170270337252567,0.219433344692235,0.775954709578797,0.437775727823761,0.997528070348248
"ENSG00000108854",148.649399580386,-0.00940087124438951,0.283287694009981,-0.0331848909895051,0.973527146730909,0.997528070348248
"ENSG00000108883",196.350748950177,0.0572114868913342,0.265644073872074,0.215368956127685,0.829479671510697,0.997528070348248
"ENSG00000108946",738.482307123026,-0.0173303112339624,0.22669657317854,-0.076447168966747,0.93906334396264,0.997528070348248
"ENSG00000108953",1063.12287526006,-0.0598498348913366,0.219641914504221,-0.272488222598271,0.785246645797818,0.997528070348248
"ENSG00000109046",1007.20587848346,-0.0165147030183076,0.220405363749193,-0.0749287709581346,0.940271384981338,0.997528070348248
"ENSG00000109065",139.52610093956,-0.048631187525547,0.285398987396726,-0.170397197162953,0.864697776250031,0.997528070348248
"ENSG00000109079",157.784314257307,0.192442438762029,0.275951448574511,0.697377889321231,0.485566335056891,0.997528070348248
"ENSG00000109111",624.49063882935,0.0557873749068826,0.220359021366662,0.25316583165459,0.800140068982117,0.997528070348248
"ENSG00000109171",296.66463276336,-0.149782876678938,0.244438191740356,-0.612763805903286,0.540032526164923,0.997528070348248
"ENSG00000109180",362.757900646734,-0.0205064614247443,0.239675740266393,-0.0855591867660532,0.931816843680275,0.997528070348248
"ENSG00000109184",137.532116807405,0.0750867782923825,0.292925040197969,0.256334447344058,0.79769260044343,0.997528070348248
"ENSG00000109270",148.386650551803,-0.0384307920157466,0.280556213889131,-0.136980719418082,0.891046035117429,0.997528070348248
"ENSG00000109323",177.229175076499,-0.0847200997996665,0.287982944937108,-0.294184434492009,0.768616974138276,0.997528070348248
"ENSG00000109332",566.224324507293,0.0134652539656263,0.22506193712189,0.0598291036584018,0.952291745722177,0.997528070348248
"ENSG00000109339",280.599462423951,0.233032222122248,0.265514148114805,0.87766404832592,0.38012606024274,0.997528070348248
"ENSG00000109381",156.43640865161,0.0837779366358265,0.283482612160463,0.295531129748461,0.767588175598001,0.997528070348248
"ENSG00000109390",113.626030747784,0.15967124929163,0.308728892652105,0.517189200919907,0.605024089792235,0.997528070348248
"ENSG00000109472",1253.30470467616,-0.22518176177276,0.257289498085839,-0.875207746324854,0.381460879126878,0.997528070348248
"ENSG00000109501",333.360925418,0.198325262168567,0.255559969380264,0.77604197030352,0.437724205127822,0.997528070348248
"ENSG00000109606",470.487330501015,-0.189850799397244,0.229834325833104,-0.82603326856888,0.408785219984198,0.997528070348248
"ENSG00000109685",216.505601431889,-0.0638797794678691,0.258713747295049,-0.246912969008244,0.80497557921105,0.997528070348248
"ENSG00000109689",206.270879572944,-0.114189230148805,0.264190087994492,-0.432223748497277,0.665578800523556,0.997528070348248
"ENSG00000109736",150.583827946177,-0.0824626848334321,0.280901305174801,-0.293564619723346,0.769090614445008,0.997528070348248
"ENSG00000109756",153.290267194401,-0.165805900486997,0.278095281144359,-0.596219755346829,0.551028429815384,0.997528070348248
"ENSG00000109787",359.054078738572,-0.131606644912993,0.247832293982631,-0.53103105651847,0.595397258176509,0.997528070348248
"ENSG00000109790",145.750039599618,0.252682910815235,0.305462580930914,0.827213958728332,0.408115801261998,0.997528070348248
"ENSG00000109861",115.13922745188,0.299290705041989,0.340531630360319,0.878892526739169,0.379459551086061,0.997528070348248
"ENSG00000109919",221.018250711077,-0.119350410423511,0.265448090752317,-0.449618643273172,0.652985442929825,0.997528070348248
"ENSG00000109920",444.711896026446,-0.0122606681844058,0.231862150191692,-0.0528791274223468,0.957828215028631,0.997528070348248
"ENSG00000109956",229.254626775159,-0.236229597229012,0.27780623914502,-0.850339423463039,0.395136404283182,0.997528070348248
"ENSG00000110013",166.285608349545,-0.173061020478924,0.285641262949779,-0.605868419330407,0.544602131835149,0.997528070348248
"ENSG00000110046",154.447700921668,-0.094633203481931,0.282446842056715,-0.335047836941044,0.737589000891578,0.997528070348248
"ENSG00000110074",115.881176712637,-0.191939928646622,0.301498301820676,-0.63662026448422,0.524372222226228,0.997528070348248
"ENSG00000110075",384.431108876791,-0.209258901365544,0.233991504386104,-0.894301277794476,0.371160716483689,0.997528070348248
"ENSG00000110090",377.208636556465,-0.215245369075194,0.240613576267019,-0.894568679018873,0.371017701139716,0.997528070348248
"ENSG00000110092",685.807184942317,0.065827370705018,0.231080438465719,0.28486777652875,0.775745444156691,0.997528070348248
"ENSG00000110107",446.306148906154,0.0911212343341289,0.235036938818076,0.387688993876229,0.698246201624439,0.997528070348248
"ENSG00000110108",260.799210819005,0.151229173604974,0.255179832313757,0.59263764002725,0.55342368329105,0.997528070348248
"ENSG00000110171",145.216555624277,-0.227293152642608,0.285159823287826,-0.797072848558999,0.425408724095534,0.997528070348248
"ENSG00000110172",102.769987180262,-0.127201075167776,0.318944775993216,-0.398818493802454,0.690026949151187,0.997528070348248
"ENSG00000110315",229.083511155849,-0.220072307469337,0.255003997401971,-0.863015128042993,0.388129149397815,0.997528070348248
"ENSG00000110330",181.095088118388,0.0115730252026115,0.270486563378652,0.0427859523151637,0.965872162163875,0.997528070348248
"ENSG00000110400",160.355383585825,0.0952734506924036,0.291629651140114,0.326693291714118,0.743899874540442,0.997528070348248
"ENSG00000110422",312.783489311843,-0.203457780642312,0.250227131742245,-0.813092406189951,0.416165079964022,0.997528070348248
"ENSG00000110429",161.35002736913,-0.131297140102201,0.278764258340037,-0.470997038444018,0.637642849795078,0.997528070348248
"ENSG00000110435",107.489071175875,-0.154181156023767,0.311647709252791,-0.494728988682231,0.62079143598916,0.997528070348248
"ENSG00000110455",191.760176687456,0.146404539978109,0.268349305244482,0.545574507244301,0.585358451844455,0.997528070348248
"ENSG00000110497",126.335657623023,-0.0308804416593345,0.293598651046756,-0.105179099254161,0.91623369509981,0.997528070348248
"ENSG00000110514",332.058720293891,-0.050469868558813,0.239390686577478,-0.210826366223226,0.833022763654902,0.997528070348248
"ENSG00000110583",104.909380571429,0.0657136349430875,0.308997442979897,0.212667245105206,0.831586516932018,0.997528070348248
"ENSG00000110660",164.922379815847,-0.232447356949124,0.299085593262304,-0.777193426181726,0.437044660096574,0.997528070348248
"ENSG00000110696",310.473122792773,-0.0506594722321365,0.244990409141419,-0.206781450790972,0.836180543193062,0.997528070348248
"ENSG00000110700",534.258312626728,0.192600031642666,0.22833135805278,0.843511085315516,0.398942668669794,0.997528070348248
"ENSG00000110711",119.975530083859,0.276797549242457,0.310658584259146,0.891002416374748,0.372927873906463,0.997528070348248
"ENSG00000110713",403.84142735006,-0.0432155691528116,0.233148434339921,-0.185356463041073,0.852949454108427,0.997528070348248
"ENSG00000110717",161.735142477166,0.13114974208525,0.283760070169606,0.462185331455762,0.643948421413544,0.997528070348248
"ENSG00000110721",171.661488099015,-0.205643273964472,0.286890833315789,-0.716799737334633,0.473497673823024,0.997528070348248
"ENSG00000110768",112.940391399495,0.221988015830875,0.302628050758804,0.733534169335151,0.463232695351985,0.997528070348248
"ENSG00000110799",380.267648175238,0.0144166306345937,0.296854857380276,0.048564577187045,0.961266299947815,0.997528070348248
"ENSG00000110841",296.412114820135,-0.0200144598488959,0.253947359701926,-0.0788134197275693,0.937181029853078,0.997528070348248
"ENSG00000110851",105.413543286046,0.176617198929693,0.31097524057848,0.567946176683222,0.57007151565402,0.997528070348248
"ENSG00000110888",162.349378455663,0.145319246369253,0.276300475427464,0.525946421715089,0.598925433761239,0.997528070348248
"ENSG00000110917",1541.57035867519,-0.18536715421801,0.209381816636536,-0.885306838940019,0.375991162447869,0.997528070348248
"ENSG00000110925",144.010009872144,0.136255394398803,0.295619313237429,0.46091506304721,0.644859544322414,0.997528070348248
"ENSG00000110955",1421.7567024419,-0.0520690071326196,0.209801011584839,-0.248182822090751,0.803992956636588,0.997528070348248
"ENSG00000110958",408.548735186484,0.0585674372257169,0.232247915509772,0.252176374100773,0.800904738802701,0.997528070348248
"ENSG00000111011",320.286104720742,-0.0847740802475368,0.242185945566751,-0.350037158635085,0.726310810991868,0.997528070348248
"ENSG00000111144",243.521200195509,0.145608825718582,0.254694106077868,0.57170080596237,0.567524688329292,0.997528070348248
"ENSG00000111186",141.304445457659,-0.0219103861998398,0.2982922903413,-0.0734527405142468,0.941445850040187,0.997528070348248
"ENSG00000111203",130.496882646048,-0.129676677884808,0.290946796819031,-0.445705810486951,0.655809766839683,0.997528070348248
"ENSG00000111224",117.835580742666,-0.234719549989797,0.303574568841225,-0.77318581357373,0.439412420690385,0.997528070348248
"ENSG00000111229",151.927543075231,0.19518065360939,0.280420046721627,0.696029602345605,0.486410291353843,0.997528070348248
"ENSG00000111237",211.472318840923,0.0626614446382437,0.260521324130064,0.240523284792459,0.809924614335428,0.997528070348248
"ENSG00000111261",190.964985238046,-0.119230403135084,0.277587460903824,-0.429523735498968,0.667542124408204,0.997528070348248
"ENSG00000111269",271.665536514793,-0.173675723882084,0.250764155801384,-0.692585921329371,0.488569448033752,0.997528070348248
"ENSG00000111271",133.11614502783,-0.243366861265198,0.292435039702361,-0.832208279530714,0.405291391298564,0.997528070348248
"ENSG00000111276",169.817184090516,-0.0816299975121049,0.271663755907091,-0.300481737946751,0.763809724221522,0.997528070348248
"ENSG00000111321",405.925245268751,-0.0865748801479823,0.234462458945725,-0.36924836725364,0.71194260726081,0.997528070348248
"ENSG00000111328",154.453860514079,0.046415545037834,0.295722384956279,0.156956481480752,0.875279145659118,0.997528070348248
"ENSG00000111348",361.851213679887,0.291773249439789,0.330522065787233,0.882764812524234,0.377363355849129,0.997528070348248
"ENSG00000111361",191.136237511862,-0.0909616047498579,0.268071508653878,-0.339318434870688,0.73436985656207,0.997528070348248
"ENSG00000111364",103.796434684659,0.187970936206628,0.316000196306205,0.594844365300596,0.551947508757712,0.997528070348248
"ENSG00000111481",449.519486391187,-0.100555784986907,0.244581385622099,-0.411134251820271,0.68097409562506,0.997528070348248
"ENSG00000111530",398.79901429241,-0.160950716277951,0.233634539239647,-0.688899495775573,0.490886516768786,0.997528070348248
"ENSG00000111540",155.953305304037,-0.0402596007708075,0.28477588862377,-0.141372926497988,0.887575340966229,0.997528070348248
"ENSG00000111596",204.965004082513,-0.0308789881907215,0.270817394610801,-0.114021435864925,0.909220800896904,0.997528070348248
"ENSG00000111640",1046.57827994411,0.0204637920190792,0.215830515959935,0.0948141736494663,0.924462428647794,0.997528070348248
"ENSG00000111642",637.373412302461,0.099943252063083,0.223695749202864,0.446782079763379,0.65503241136219,0.997528070348248
"ENSG00000111652",239.1511386108,-0.150434008020468,0.254771220770245,-0.590467037704115,0.554877578247882,0.997528070348248
"ENSG00000111653",114.239033299632,-0.0307799067352588,0.305982204542255,-0.10059378054781,0.919872934066741,0.997528070348248
"ENSG00000111666",145.653307305971,-0.123744620529419,0.300171981257493,-0.412245739962214,0.68015931464331,0.997528070348248
"ENSG00000111667",255.856299375949,-0.0318431189198396,0.259924446141642,-0.122509134452429,0.902495812238178,0.997528070348248
"ENSG00000111676",686.378894921719,0.00741087551173316,0.221751191749246,0.0334197776042318,0.973339838223539,0.997528070348248
"ENSG00000111678",152.237299965007,-0.118307600646571,0.287036577219721,-0.412169075427656,0.680215501922561,0.997528070348248
"ENSG00000111684",303.351625225011,-0.163547635026277,0.245680347413436,-0.665692786371129,0.505607485260665,0.997528070348248
"ENSG00000111707",213.778033362093,-0.0650323756364467,0.26202322937842,-0.248193168944291,0.80398495142743,0.997528070348248
"ENSG00000111725",103.485805577884,0.169783181972242,0.31643873703445,0.536543608925346,0.591582905273159,0.997528070348248
"ENSG00000111726",145.043839846936,-0.147044716253562,0.302162111149417,-0.486641808578208,0.626512189920255,0.997528070348248
"ENSG00000111737",156.756081229936,-0.00862740167725222,0.2800476587214,-0.0308069052126411,0.9754235334719,0.997528070348248
"ENSG00000111790",108.09426175192,0.0950357990603459,0.329678501171912,0.288268111880274,0.773141514601628,0.997528070348248
"ENSG00000111801",119.997507363609,0.0580532882177441,0.332675982586707,0.174503995648719,0.861469390872476,0.997528070348248
"ENSG00000111802",226.603759268252,0.147457924873808,0.312588343137308,0.471732001884139,0.637118091833323,0.997528070348248
"ENSG00000111843",228.830245432923,0.201061972571854,0.268006550019755,0.750212905457099,0.453126487386509,0.997528070348248
"ENSG00000111845",145.955664983443,-0.141226873249188,0.885549315243016,-0.159479399755881,0.873291187209133,0.997528070348248
"ENSG00000111897",788.491334030636,0.0182158474284605,0.22134140004277,0.082297516076706,0.93441012960557,0.997528070348248
"ENSG00000111907",142.6800319869,0.210182151389958,0.28834278781588,0.728931536599309,0.466043542650657,0.997528070348248
"ENSG00000111911",178.997481692914,0.0463601283960002,0.277269389307762,0.167202475944943,0.867210736322683,0.997528070348248
"ENSG00000112033",186.990517573197,0.123841325891686,0.268649001138164,0.460978173628106,0.64481426451436,0.997528070348248
"ENSG00000112062",174.076634499141,0.120437859276335,0.272637722435652,0.441750533273181,0.658669737795118,0.997528070348248
"ENSG00000112078",297.421260309555,-0.0528737535362226,0.246950821989199,-0.214106408354191,0.830464078529711,0.997528070348248
"ENSG00000112081",643.731265860866,0.0944262356997374,0.222863128686568,0.42369608762218,0.671787468814921,0.997528070348248
"ENSG00000112110",114.39799374754,0.198363059215456,0.301074599158941,0.658850197823355,0.509991969020424,0.997528070348248
"ENSG00000112146",326.912534114912,0.179578847383469,0.261436719586824,0.686892214939341,0.492150653158803,0.997528070348248
"ENSG00000112210",156.134817430921,0.239577111128342,0.303495537670417,0.789392532645777,0.429882618971662,0.997528070348248
"ENSG00000112237",217.247144877296,-0.191599080609267,0.257464441557526,-0.744176863609563,0.456769483142167,0.997528070348248
"ENSG00000112249",164.569398674906,-0.170375590858382,0.274151014074689,-0.62146620698607,0.534292922258539,0.997528070348248
"ENSG00000112280",305.31422386502,0.915207073521625,1.39227018442821,0.657348755836129,0.510956693342127,0.997528070348248
"ENSG00000112308",521.553554330724,-0.112142135003189,0.223513104768536,-0.501725100724272,0.615860905471462,0.997528070348248
"ENSG00000112335",302.307196181585,0.0840125458373481,0.250056694478855,0.335973991867881,0.73689047911316,0.997528070348248
"ENSG00000112339",121.675821742991,0.0315829786799257,0.298543518041153,0.105790200662043,0.915748811897466,0.997528070348248
"ENSG00000112343",127.651022380095,0.0897684460778888,0.297936986311349,0.301300107748554,0.763185658763753,0.997528070348248
"ENSG00000112406",133.772934021525,0.00796648460177898,0.298401695982115,0.0266971827206252,0.978701260196087,0.997528070348248
"ENSG00000112419",154.803385777212,-0.118815389141908,0.291718380319689,-0.407294833502436,0.683791456932799,0.997528070348248
"ENSG00000112473",1062.40400222432,-0.183679151168429,0.214974572068025,-0.854422685443498,0.392870830845208,0.997528070348248
"ENSG00000112511",250.195188569681,0.152010260667211,0.249565307059177,0.609100128773771,0.54245807224263,0.997528070348248
"ENSG00000112514",268.060993019674,0.156892959169817,0.248234583650071,0.632035056771075,0.527363969953336,0.997528070348248
"ENSG00000112562",414.883919989486,0.10710356207543,0.281970701845254,0.379839328605879,0.704064686414646,0.997528070348248
"ENSG00000112576",116.752721325482,0.213966162496745,0.323531749128013,0.661345178868627,0.508390974271705,0.997528070348248
"ENSG00000112584",221.190117481965,-0.108828064744216,0.25598718816757,-0.425130904102032,0.670741250433271,0.997528070348248
"ENSG00000112624",196.926224785811,-0.154789122529885,0.268395694292508,-0.576719842462115,0.564128725990339,0.997528070348248
"ENSG00000112640",169.400947464574,-0.087575166515823,0.280456106232224,-0.31225979598857,0.754843091619833,0.997528070348248
"ENSG00000112655",460.2170701788,0.100042278504242,0.232633255737883,0.430042893854194,0.66716443932239,0.997528070348248
"ENSG00000112659",201.973190151439,0.0371373469064156,0.265406241103094,0.139926426568055,0.888718121312255,0.997528070348248
"ENSG00000112679",128.468487118704,0.161618801761473,0.29872577465056,0.541027308241245,0.588488760280672,0.997528070348248
"ENSG00000112695",156.163187128973,0.114669180277968,0.284571555035903,0.402953767685955,0.686982235778825,0.997528070348248
"ENSG00000112697",736.726233658027,-0.140199252515089,0.221219528844606,-0.633756220562115,0.526239928295002,0.997528070348248
"ENSG00000112699",106.516605860734,0.183327073136464,0.316285622642186,0.579625060427933,0.562167489493266,0.997528070348248
"ENSG00000112739",290.708664866715,-0.0142099381209932,0.243253385217201,-0.0584161988467503,0.953417111991971,0.997528070348248
"ENSG00000112759",123.170484431114,0.254047222006988,0.300342471825723,0.845858464381295,0.397631705892539,0.997528070348248
"ENSG00000112773",124.424167188378,-0.306065778151503,0.349367812302987,-0.876056028556144,0.380999575506127,0.997528070348248
"ENSG00000112787",226.808637561542,-0.125270091814144,0.258152832482369,-0.485255538781275,0.627495089884262,0.997528070348248
"ENSG00000112855",112.679967079164,0.25295904911879,0.302158912599501,0.837172224848705,0.402495767462167,0.997528070348248
"ENSG00000112941",156.007941824725,0.0915942605159332,0.278070219659155,0.329392556413287,0.741858993292821,0.997528070348248
"ENSG00000112983",280.387936447712,0.177060999789214,0.249383081585599,0.709996037676031,0.477706593302026,0.997528070348248
"ENSG00000112992",192.586872774665,-0.253225544336594,0.282628992768246,-0.895964500514768,0.370271723292202,0.997528070348248
"ENSG00000113013",732.820761143878,0.0718730053584407,0.218819930107096,0.328457308816725,0.742565917963651,0.997528070348248
"ENSG00000113048",172.206759515602,0.145271996453709,0.272059417061898,0.533971578791766,0.593361197760472,0.997528070348248
"ENSG00000113108",152.447422613282,0.0295019963784282,0.279381483190225,0.105597536535164,0.915901679384229,0.997528070348248
"ENSG00000113194",251.718257263908,-0.180928971823188,0.254940864595588,-0.70968995931741,0.47789641994443,0.997528070348248
"ENSG00000113231",230.464342193179,-0.0544462247524156,0.274538142257252,-0.198319345737386,0.842795216576338,0.997528070348248
"ENSG00000113240",131.570746021752,0.117258563995276,0.295273176486033,0.397118916762909,0.691279770918091,0.997528070348248
"ENSG00000113269",269.492989006119,0.0234305204172153,0.254266496319554,0.0921494603353818,0.926579291924177,0.997528070348248
"ENSG00000113282",374.158542202645,-0.0845777667928881,0.235889747659045,-0.358547870911019,0.719933350009835,0.997528070348248
"ENSG00000113312",111.136012231137,0.0392714760921394,0.303091033433008,0.129569903956989,0.896906715641849,0.997528070348248
"ENSG00000113328",424.773109269454,0.175743617289046,0.229807702002246,0.764742068076241,0.444425150563682,0.997528070348248
"ENSG00000113360",256.916323775263,-0.0675941511291643,0.256309270163001,-0.263721054982434,0.791994870192454,0.997528070348248
"ENSG00000113369",377.730155849359,-0.0224773553105276,0.263381159038476,-0.0853415460414312,0.931989863026114,0.997528070348248
"ENSG00000113387",289.922554570981,-0.11406755981285,0.253174270969413,-0.450549573525308,0.652314217444941,0.997528070348248
"ENSG00000113391",109.619322992256,0.118902191997854,0.307130088914335,0.387139509574455,0.698652929332945,0.997528070348248
"ENSG00000113448",138.565530502551,0.20438710658931,0.299054243332199,0.683444930631764,0.494325736892246,0.997528070348248
"ENSG00000113504",406.662672428183,-0.0663431778608276,0.246048195711377,-0.26963488868112,0.787441156826362,0.997528070348248
"ENSG00000113522",208.638214121752,-0.169678878407863,0.267120717236891,-0.635214221356655,0.525288709310026,0.997528070348248
"ENSG00000113552",129.073254017835,0.0371217628738612,0.301660937277603,0.123057904708756,0.902061245028328,0.997528070348248
"ENSG00000113558",482.818221552151,0.0424533935994876,0.225810527294801,0.188004492563199,0.850873129424624,0.997528070348248
"ENSG00000113575",351.870224096325,-0.017431964222954,0.241541130977779,-0.0721697549083583,0.942466814476844,0.997528070348248
"ENSG00000113583",195.927806913124,-0.230050302454117,0.268227229742456,-0.857669456881779,0.391075010039125,0.997528070348248
"ENSG00000113593",111.49258107932,0.0612521450691574,0.315201700156425,0.194326823233377,0.845919984042805,0.997528070348248
"ENSG00000113621",274.070336386112,-0.0783701911545789,0.248215302091039,-0.315734729061284,0.7522038640885,0.997528070348248
"ENSG00000113643",185.341475939477,0.113380592309445,0.271497853282391,0.417611376807151,0.676231277397113,0.997528070348248
"ENSG00000113645",400.138403531099,-0.193130666705712,0.237635817219933,-0.812716992602882,0.416380336377271,0.997528070348248
"ENSG00000113648",485.412605951292,-0.158805565970398,0.226855400104726,-0.700029912874395,0.48390862381635,0.997528070348248
"ENSG00000113649",205.71423600374,-0.064276547485339,0.26114372227639,-0.246134760296132,0.805577915778624,0.997528070348248
"ENSG00000113712",254.167054314519,-0.188540029770669,0.255349672167716,-0.738360179475125,0.460295605781321,0.997528070348248
"ENSG00000113732",438.78042464008,0.107849412159335,0.231385857027614,0.466102006167405,0.641142487360783,0.997528070348248
"ENSG00000113758",159.896546973536,0.0844332344536078,0.285595797956493,0.295638924163969,0.767505844471351,0.997528070348248
"ENSG00000113811",104.672037392598,0.104697221349377,0.318422960754081,0.328799220701409,0.742307452151219,0.997528070348248
"ENSG00000113845",193.886419286909,0.150638943679391,0.265810888398458,0.566714721834791,0.570908017090926,0.997528070348248
"ENSG00000113971",167.811868313905,-0.0386972220758471,0.286116366172068,-0.135249942509667,0.89241426140567,0.997528070348248
"ENSG00000114021",114.817632964866,-0.11464594772805,0.300366762440076,-0.3816865314814,0.702693891423434,0.997528070348248
"ENSG00000114023",187.974828556413,-0.0236250509509869,0.284625178292443,-0.083004079585373,0.933848295770217,0.997528070348248
"ENSG00000114030",178.6138238674,-0.133669016615985,0.270289345768039,-0.494540457139215,0.620924541512409,0.997528070348248
"ENSG00000114062",229.674262701647,-0.114171132958981,0.25441805671879,-0.448754048480038,0.653609090480252,0.997528070348248
"ENSG00000114098",141.731380211296,0.16684531123338,0.292112457400517,0.571168079301108,0.567885713774161,0.997528070348248
"ENSG00000114120",293.114159838148,-0.062907782934281,0.249846645835073,-0.251785581207311,0.801206802879669,0.997528070348248
"ENSG00000114125",130.785400514627,0.230678350073466,0.292431514307095,0.788828627516599,0.430212175176399,0.997528070348248
"ENSG00000114166",140.521626074843,-0.175437627764314,0.290550283832964,-0.603811586242237,0.545968915493612,0.997528070348248
"ENSG00000114302",227.024130756843,0.0136520650412182,0.257841459299981,0.0529475169675293,0.957773724401804,0.997528070348248
"ENSG00000114315",343.004126597436,-0.0941494847019432,0.241112788419652,-0.390479017388649,0.696182368046381,0.997528070348248
"ENSG00000114316",262.605005052788,-0.108432828843772,0.258078913213243,-0.420153771936326,0.674373123027501,0.997528070348248
"ENSG00000114353",574.943284758748,0.122877771015337,0.227825283032675,0.5393508981078,0.589644754896498,0.997528070348248
"ENSG00000114354",281.836757828348,-0.0123503140324256,0.247436342958876,-0.0499130963735517,0.960191640915768,0.997528070348248
"ENSG00000114416",277.48450535811,0.0416646015639585,0.245900190921258,0.16943704438725,0.865452887515024,0.997528070348248
"ENSG00000114503",199.961745275962,0.180454514738568,0.263885516737738,0.683836373323635,0.494078495415615,0.997528070348248
"ENSG00000114520",161.253216728621,-0.248312640842716,0.280690101603786,-0.884650507530997,0.376345156770584,0.997528070348248
"ENSG00000114541",164.902276174375,-0.153875059724245,0.284145322341364,-0.541536487232348,0.588137855396841,0.997528070348248
"ENSG00000114650",321.334895587276,-0.0680477012119258,0.247835972668754,-0.27456749106747,0.78364854508314,0.997528070348248
"ENSG00000114686",138.86994672698,0.0476943038070677,0.28611590274114,0.166695745850305,0.867609453022134,0.997528070348248
"ENSG00000114735",170.713989252117,-0.188571632549578,0.282078135203083,-0.66850850532536,0.503809054548066,0.997528070348248
"ENSG00000114738",152.543973554559,-0.240390323694578,0.30928541852544,-0.777244284068326,0.437014659739659,0.997528070348248
"ENSG00000114745",266.749615101023,0.0753445711402491,0.247516180501343,0.304402609104742,0.760821180274577,0.997528070348248
"ENSG00000114770",340.766329299405,0.0911691260791692,0.242502043827923,0.37595199050719,0.70695258808524,0.997528070348248
"ENSG00000114779",183.316272203386,-0.117156741673425,0.278122419248609,-0.421241631616545,0.673578647027898,0.997528070348248
"ENSG00000114850",543.742039681861,-0.095107835108786,0.223605862265735,-0.425336948437242,0.670591062399881,0.997528070348248
"ENSG00000114857",649.383507242158,-0.171786268655009,0.223884731038801,-0.767297831602629,0.442904457386856,0.997528070348248
"ENSG00000114861",466.722032839168,-0.166569655630278,0.233816453715889,-0.712394927658416,0.476220255646993,0.997528070348248
"ENSG00000114902",218.900404100293,-0.120113823013562,0.260392294511028,-0.461280251165325,0.644597551860718,0.997528070348248
"ENSG00000114933",103.911251776408,-0.270697116823834,0.310312487830971,-0.872337167981729,0.383024466744036,0.997528070348248
"ENSG00000114978",347.291211210754,0.0390667802994899,0.244369260348879,0.159867817432174,0.872985200380756,0.997528070348248
"ENSG00000114982",355.296573009098,0.13669593938803,0.238055418775941,0.574218978466897,0.565819628172553,0.997528070348248
"ENSG00000114999",115.602199080999,0.0788354160157693,0.304249214449481,0.259114608260918,0.795546813860761,0.997528070348248
"ENSG00000115053",1459.33292546175,0.161426360995211,0.207846053454468,0.776663103832155,0.437357560489563,0.997528070348248
"ENSG00000115073",270.603610775298,-0.0171726253727236,0.246545980573763,-0.0696528304081835,0.944469986425904,0.997528070348248
"ENSG00000115091",472.990444509071,-0.104808969989071,0.249148825529366,-0.420668127840393,0.673997437886701,0.997528070348248
"ENSG00000115112",143.259528687743,0.0225727262417813,0.374329529503806,0.0603017514319607,0.951915307045509,0.997528070348248
"ENSG00000115170",144.443551321944,0.16401762576637,0.286430267441299,0.572626724233967,0.566897461084147,0.997528070348248
"ENSG00000115204",139.065719554738,0.118935869195407,0.28549112888009,0.416600927888592,0.676970330536826,0.997528070348248
"ENSG00000115207",171.967312609028,0.0448285772095658,0.27566229999288,0.162621356677078,0.870816570637068,0.997528070348248
"ENSG00000115211",224.371139179412,-0.153931574528408,0.26870657967103,-0.572861203163922,0.566738675215776,0.997528070348248
"ENSG00000115216",313.108823240313,0.0757781132107527,0.244649150244488,0.309741984123078,0.756757173073569,0.997528070348248
"ENSG00000115233",133.666065926469,-0.0685268156187701,0.30244327832477,-0.22657741312136,0.820752357261959,0.997528070348248
"ENSG00000115234",308.96054271173,0.0103154419472937,0.242277596024121,0.0425769535300602,0.966038767245526,0.997528070348248
"ENSG00000115241",285.144872567412,0.0991904463086584,0.247059838275546,0.401483490805298,0.688064190569285,0.997528070348248
"ENSG00000115267",111.34974469178,-0.245647000411503,0.364524494389353,-0.673883385595273,0.500385455723426,0.997528070348248
"ENSG00000115268",238.21415545881,0.0706905985615484,0.261499487565072,0.270327866489442,0.786908028779815,0.997528070348248
"ENSG00000115275",282.413374478878,-0.142690642086357,0.246012055838982,-0.580014835450785,0.561904613407246,0.997528070348248
"ENSG00000115306",1659.0031335258,-0.127209182226993,0.214575438663954,-0.592841301031732,0.553287364598069,0.997528070348248
"ENSG00000115307",264.195160022326,0.0693866127993518,0.260341327663888,0.266521698348765,0.789837450683331,0.997528070348248
"ENSG00000115310",903.097397210915,-0.19375697336088,0.233596882142775,-0.829450168955827,0.406849722989676,0.997528070348248
"ENSG00000115365",244.808498750102,-0.1379929255117,0.258825186017864,-0.533151072485563,0.593929007490063,0.997528070348248
"ENSG00000115368",112.212107359233,0.0636512871407352,0.307168534698517,0.207219425007865,0.835838497582576,0.997528070348248
"ENSG00000115419",210.584235807072,0.252056765064639,0.288327737196764,0.874202279375666,0.382008104944407,0.997528070348248
"ENSG00000115446",126.709805421147,0.118727883516851,0.295017154360506,0.402443999482715,0.687357294109303,0.997528070348248
"ENSG00000115457",387.709956608824,0.0354822415779275,0.232956967347061,0.152312429123727,0.878940522273048,0.997528070348248
"ENSG00000115459",121.174745926242,-0.0147983100429312,0.314510092715891,-0.0470519400987845,0.962471831125441,0.997528070348248
"ENSG00000115461",1869.70594183974,0.0374694928148497,0.249571766355369,0.150135142937188,0.880657994149647,0.997528070348248
"ENSG00000115484",308.428817926627,-0.0985307582622305,0.240870265357087,-0.409061525780943,0.682494510174174,0.997528070348248
"ENSG00000115486",167.64342941217,-0.173954211924661,0.279411569870368,-0.622573403117724,0.53356489361849,0.997528070348248
"ENSG00000115504",141.29158288988,-0.0466760211100089,0.297313956316263,-0.156992364866848,0.875250865440597,0.997528070348248
"ENSG00000115524",1285.95207578452,-0.058774554561227,0.2106621036778,-0.27899918179456,0.780245452677663,0.997528070348248
"ENSG00000115548",270.068627495462,0.0252483810800272,0.25520899484035,0.0989321755521263,0.921192121818592,0.997528070348248
"ENSG00000115561",277.115582844806,0.027618086991833,0.24815760692728,0.111292526285226,0.91138438174988,0.997528070348248
"ENSG00000115568",129.010052962119,-0.122323537592408,0.296904883762074,-0.411995707320304,0.68034256959772,0.997528070348248
"ENSG00000115594",697.843069853976,-0.112020248798679,0.223920205378527,-0.50026860510115,0.616885957068793,0.997528070348248
"ENSG00000115649",268.665119422498,-0.0786613538758847,0.250435476551869,-0.314098285749834,0.753446391471981,0.997528070348248
"ENSG00000115685",264.319292833293,-0.085377432463197,0.274598442045964,-0.310917395696317,0.755863419602731,0.997528070348248
"ENSG00000115687",209.565118525879,-0.281166956522303,0.334780435940654,-0.839854801348504,0.400989802572121,0.997528070348248
"ENSG00000115694",270.086726812129,-0.144624699357321,0.253508677716002,-0.570492105675924,0.568343974914278,0.997528070348248
"ENSG00000115738",207.021466529022,0.112374443473684,0.288095263848974,0.390060016858149,0.696492167659505,0.997528070348248
"ENSG00000115758",525.590717374303,-0.143481606342339,0.262660422394503,-0.546262756430189,0.584885333281672,0.997528070348248
"ENSG00000115806",358.648896517621,-0.119280917824002,0.240800790404338,-0.495351022825601,0.620352360517445,0.997528070348248
"ENSG00000115816",114.93566644724,-0.254639103564056,0.336363734281111,-0.757034952380584,0.449028922534835,0.997528070348248
"ENSG00000115839",284.991374119953,0.0115038481206678,0.247579019182164,0.0464653594584421,0.962939343398173,0.997528070348248
"ENSG00000115866",229.895296117476,0.0626786120539687,0.254201564587003,0.246570520349871,0.805240621565781,0.997528070348248
"ENSG00000115875",566.597600234057,0.112684860527932,0.230643778907601,0.488566659207724,0.625148522156353,0.997528070348248
"ENSG00000115904",254.919295811782,-0.148426691152597,0.255368225486758,-0.581226152430203,0.561088043940662,0.997528070348248
"ENSG00000115942",118.100581686549,-0.151136121011241,0.306845126280228,-0.492548546699793,0.622331611659448,0.997528070348248
"ENSG00000115944",271.79790726692,0.0217266354853313,0.247820633409684,0.0876708092720191,0.930138321089622,0.997528070348248
"ENSG00000115966",187.591639384575,-0.117065040896228,0.26832337316391,-0.436283427402788,0.662631104418194,0.997528070348248
"ENSG00000115970",151.606104717244,0.250776016756706,0.280307263288122,0.894646873630739,0.370975886443837,0.997528070348248
"ENSG00000115993",196.673961305679,-0.18072240984412,0.268598113674949,-0.672835737271133,0.501051799229773,0.997528070348248
"ENSG00000116001",458.97165228203,-0.142409083187297,0.234960367624435,-0.606098316184651,0.544449469049519,0.997528070348248
"ENSG00000116005",491.444763485315,-0.153426041119849,0.230198446573933,-0.666494684926437,0.505094959840379,0.997528070348248
"ENSG00000116030",139.34269171937,-0.0270053000913799,0.291326664077032,-0.0926976601229994,0.926143755960036,0.997528070348248
"ENSG00000116062",152.524464071171,-0.0742100585351968,0.284335377896076,-0.26099481212753,0.794096507968271,0.997528070348248
"ENSG00000116096",108.795428912756,-0.116446588443026,0.343589666382033,-0.338911788789218,0.734676183311291,0.997528070348248
"ENSG00000116117",111.142605043904,-0.0472277308709882,0.308517177073309,-0.153079745247916,0.87833538855872,0.997528070348248
"ENSG00000116120",114.795738814082,-0.050169220090556,0.30160810025823,-0.166339100467137,0.867890096914795,0.997528070348248
"ENSG00000116128",245.027753703341,-0.0864187534462851,0.251040441629438,-0.344242357467839,0.730664030012229,0.997528070348248
"ENSG00000116138",149.581477756206,-0.172206637091855,0.287061158978997,-0.599895289576444,0.548576021870821,0.997528070348248
"ENSG00000116198",144.82154405644,-0.135644968745374,0.283605035715595,-0.47828829415216,0.632445026801156,0.997528070348248
"ENSG00000116199",213.229389442506,0.0225667163313129,0.268403439931012,0.0840775972808442,0.932994736345189,0.997528070348248
"ENSG00000116221",144.437541309573,0.0659755211402723,0.286072593146437,0.230625102581918,0.817606064220611,0.997528070348248
"ENSG00000116237",292.025977618594,-0.0248643357470288,0.243548624152446,-0.102091875220224,0.91868374995365,0.997528070348248
"ENSG00000116266",151.870477082215,-0.162423844652414,0.280429077686536,-0.579197585330191,0.562455859943046,0.997528070348248
"ENSG00000116285",245.820706348365,0.219928317608012,0.280039572009336,0.785347285135401,0.432249979040655,0.997528070348248
"ENSG00000116288",440.335711082488,-0.010752966717785,0.233297356672634,-0.0460912496872981,0.963237520335845,0.997528070348248
"ENSG00000116299",1381.91933611762,-0.227708772041204,0.269043636923265,-0.846363714991518,0.397349873872358,0.997528070348248
"ENSG00000116337",171.513142862812,0.0620200800342232,0.273709714153065,0.226590715737404,0.820742012304602,0.997528070348248
"ENSG00000116350",386.391626489986,0.09165336237759,0.235922145244432,0.38848986508931,0.69765355276946,0.997528070348248
"ENSG00000116459",215.736464078002,0.0934893525690549,0.266401218624205,0.350934402822437,0.725637561128734,0.997528070348248
"ENSG00000116478",594.395835925664,-0.0963383828130874,0.22105017993857,-0.43582132726542,0.662966368799133,0.997528070348248
"ENSG00000116497",109.236207495545,-0.0111989483416214,0.311548378992098,-0.0359460972894532,0.971325339277466,0.997528070348248
"ENSG00000116521",151.375921441022,-0.189281586066564,0.279495830245944,-0.677225080245401,0.498263157238882,0.997528070348248
"ENSG00000116539",363.939982088809,-0.147279902784394,0.240092529578111,-0.613429759947937,0.539592213327095,0.997528070348248
"ENSG00000116560",1351.40813789292,-0.0354111636189441,0.214190963953611,-0.165325198436538,0.868688026231142,0.997528070348248
"ENSG00000116580",254.111878230645,-0.133083420969857,0.250184591456097,-0.531940916885805,0.5947669170832,0.997528070348248
"ENSG00000116604",470.434950433676,0.193396912939271,0.231766691271398,0.834446537068623,0.404029402387664,0.997528070348248
"ENSG00000116667",355.455811732449,-0.0429165877567142,0.236938837439318,-0.181129392802501,0.856266014040259,0.997528070348248
"ENSG00000116679",427.17984548147,0.0658532618246464,0.242514396795055,0.271543721506555,0.785972877498764,0.997528070348248
"ENSG00000116685",134.329654760248,-0.225044074622915,0.290452697064571,-0.774804561628446,0.438455153400632,0.997528070348248
"ENSG00000116688",520.752612800572,0.170422094398886,0.232169029591862,0.734043186976648,0.462922417434039,0.997528070348248
"ENSG00000116698",299.177623582211,-0.09266361047148,0.243329880587544,-0.380814761622102,0.703340704961807,0.997528070348248
"ENSG00000116704",108.359871820756,-0.0458342088177455,0.309188413098195,-0.148240383132304,0.882153062739421,0.997528070348248
"ENSG00000116729",457.279756439057,0.204759408829209,0.234016873219792,0.874977116017167,0.381586357233506,0.997528070348248
"ENSG00000116731",275.32862958791,-0.107936882642985,0.255048711190939,-0.423201051042281,0.672148580017819,0.997528070348248
"ENSG00000116741",310.769864865971,0.161256344867152,0.242854015441786,0.664005264948179,0.506686941364208,0.997528070348248
"ENSG00000116750",114.553358775651,-0.0607323707501596,0.310512611110249,-0.195587453060308,0.844933081613725,0.997528070348248
"ENSG00000116754",918.452552121407,-0.0642734233131989,0.218480100704385,-0.294184335808982,0.768617049541451,0.997528070348248
"ENSG00000116786",211.95648022414,0.0140363961878398,0.258559133888776,0.054286986410922,0.95670651760416,0.997528070348248
"ENSG00000116791",103.145454482134,0.0720470302481547,0.311591618989453,0.23122261915072,0.817141858539553,0.997528070348248
"ENSG00000116857",264.758052830663,-0.0469457948950959,0.266819991766269,-0.175945567587829,0.860336705959107,0.997528070348248
"ENSG00000116871",298.443424890337,0.0170579442286134,0.247396170053367,0.0689499123003149,0.9450294887504,0.997528070348248
"ENSG00000116906",164.75747490777,-0.106753162003802,0.27481934119287,-0.388448504171628,0.697684155551196,0.997528070348248
"ENSG00000116977",361.571627888997,-0.193419692553251,0.243306816580403,-0.794962078217541,0.426635561509425,0.997528070348248
"ENSG00000116984",200.841339342361,-0.0125277523193179,0.270700531116404,-0.0462790090128448,0.963087869761496,0.997528070348248
"ENSG00000117000",110.880454005476,-0.203417559204397,0.307011237445755,-0.662573659833343,0.507603644509228,0.997528070348248
"ENSG00000117036",179.031902690951,-0.186011581241653,0.277350373292468,-0.67067362857126,0.502428466227621,0.997528070348248
"ENSG00000117054",107.312603243798,0.0461600912465449,0.315523518499039,0.14629683221755,0.883687066478476,0.997528070348248
"ENSG00000117114",220.450891240617,-0.0304016831447484,0.25896922988455,-0.117394962939426,0.906547075465653,0.997528070348248
"ENSG00000117139",284.019941954024,-0.212431896838152,0.245822149260788,-0.864169064817615,0.387495023421008,0.997528070348248
"ENSG00000117226",187.592989246903,-0.100280157307857,0.350714020203863,-0.285931418565949,0.774930649341528,0.997528070348248
"ENSG00000117228",140.9558124425,0.126666044876224,0.311293242504394,0.406902648631814,0.684079490575102,0.997528070348248
"ENSG00000117305",140.021399373869,-0.0948951911842169,0.293035716725116,-0.323834897140657,0.746063034521139,0.997528070348248
"ENSG00000117360",212.906493859104,0.0474982065272839,0.262805865938805,0.180734955658653,0.856575619944369,0.997528070348248
"ENSG00000117362",374.494460342506,0.0130005328668638,0.235097677168562,0.0552984317983823,0.955900711500098,0.997528070348248
"ENSG00000117394",137.633684621376,-0.0780260961677057,0.319688419320537,-0.244069198169711,0.807177227553017,0.997528070348248
"ENSG00000117395",106.615395191498,0.0566212877332473,0.313289035954868,0.180731788333008,0.856578106165546,0.997528070348248
"ENSG00000117408",163.127438374977,-0.0908811450565068,0.274106776824351,-0.331553805817591,0.740226205763865,0.997528070348248
"ENSG00000117411",106.694676599248,0.0306360918587759,0.316078604083213,0.0969255478321159,0.922785520088292,0.997528070348248
"ENSG00000117419",125.944189918339,-0.217526914236202,0.296478851737368,-0.733701284126989,0.463130815712153,0.997528070348248
"ENSG00000117448",406.77857790429,-0.201294225234592,0.250888192879062,-0.802326418492015,0.422364164332741,0.997528070348248
"ENSG00000117450",408.194552467331,0.0687372090925664,0.240044822386011,0.286351558885247,0.774608872291709,0.997528070348248
"ENSG00000117461",158.407353121238,0.107466442607882,0.29034823362256,0.370129486468941,0.711286012777551,0.997528070348248
"ENSG00000117481",106.49014151581,-0.147672559862466,0.308406842137098,-0.478823877055296,0.632063928874685,0.997528070348248
"ENSG00000117505",140.214725927001,-0.11918133052764,0.290977261088216,-0.409589842456821,0.682106849367113,0.997528070348248
"ENSG00000117523",580.096922249842,-0.152402174058859,0.229091289155827,-0.665246481524644,0.505892855081686,0.997528070348248
"ENSG00000117528",197.933256192318,-0.105874644725238,0.265079292401861,-0.399407451883235,0.689593004035903,0.997528070348248
"ENSG00000117569",105.852675842792,0.113672483506083,0.3078660426908,0.369227091473182,0.711958464240382,0.997528070348248
"ENSG00000117595",356.76376018529,0.079103900553618,0.240565795082615,0.328824388880606,0.742288427596239,0.997528070348248
"ENSG00000117616",684.127615454399,-0.0886131158199158,0.22216653369521,-0.398858974599136,0.68999711958114,0.997528070348248
"ENSG00000117640",220.824555670795,0.0674008797258673,0.2596305745797,0.259603014148001,0.795170011074358,0.997528070348248
"ENSG00000117643",183.995625047939,0.229085575737357,0.276037253935264,0.829908182578433,0.406590698191069,0.997528070348248
"ENSG00000117676",176.7413943151,-0.0934895610436967,0.275425576571659,-0.339436744428029,0.734280741833075,0.997528070348248
"ENSG00000117682",131.831338313036,0.0346447223680213,0.292218073966248,0.118557767142161,0.905625726223309,0.997528070348248
"ENSG00000117691",113.168004043944,0.234344029368505,0.305340898158587,0.76748326471088,0.442794239550872,0.997528070348248
"ENSG00000117713",590.709090341912,-0.184585419981301,0.22046522065903,-0.83725414570845,0.402449727979618,0.997528070348248
"ENSG00000117751",105.732437203325,0.165185671274367,0.308206758345106,0.535957329947336,0.591988040985083,0.997528070348248
"ENSG00000117758",214.0981720809,0.102976466249733,0.261359666317035,0.39400289914979,0.693578898803129,0.997528070348248
"ENSG00000117859",407.741473587044,-0.0991402538661079,0.230659484975575,-0.429812170423453,0.667332279051018,0.997528070348248
"ENSG00000117862",145.73605322687,-0.0118313525613219,0.29298287220342,-0.040382403491175,0.96778825878528,0.997528070348248
"ENSG00000117868",330.700108420477,0.0363218770965923,0.2592440217775,0.140106903324336,0.888575526331654,0.997528070348248
"ENSG00000117899",242.423701311577,-0.0982443668249456,0.260115854933653,-0.377694650139664,0.705657442510125,0.997528070348248
"ENSG00000117906",210.54998643837,-0.0982355169036206,0.267112688510564,-0.367768066172324,0.713046182267427,0.997528070348248
"ENSG00000117984",725.471148485383,0.0887582562762241,0.227960044445638,0.389358830369022,0.697010722503907,0.997528070348248
"ENSG00000118046",163.159583644401,0.0310203604130048,0.274409913455693,0.113043876667427,0.909995769585059,0.997528070348248
"ENSG00000118200",124.623239263817,-0.248126226923142,0.313487179050074,-0.791503587722508,0.428650183378329,0.997528070348248
"ENSG00000118503",213.53114430187,0.162216912723357,0.308812463649291,0.52529263490991,0.599379776571843,0.997528070348248
"ENSG00000118518",161.108888974794,0.209626927149961,0.278614318143168,0.752391077913816,0.451815910485786,0.997528070348248
"ENSG00000118564",452.040316952026,-0.104876024708953,0.227548212348019,-0.460895841047314,0.644873335749597,0.997528070348248
"ENSG00000118579",202.016727962546,-0.186894282372503,0.262507375557757,-0.711958214413608,0.476490651686862,0.997528070348248
"ENSG00000118640",218.090749408605,0.092888839391561,0.280384682396759,0.331290706031217,0.740424910833851,0.997528070348248
"ENSG00000118680",603.710489394314,0.0413424274738932,0.222085333636107,0.186155595225545,0.852322745094709,0.997528070348248
"ENSG00000118762",214.189397667477,0.194181999896212,0.280080069522959,0.693308882088426,0.488115730182975,0.997528070348248
"ENSG00000118816",1510.95340662951,0.114459787251683,0.211134605706722,0.542117607241865,0.587737489986798,0.997528070348248
"ENSG00000118855",245.938947950018,0.183029346350592,0.252099351867719,0.726020693804204,0.467826084572542,0.997528070348248
"ENSG00000118898",363.823497681027,0.0540761852010129,0.234477704664785,0.230623995907507,0.81760692404621,0.997528070348248
"ENSG00000118900",219.931541811115,-0.154367508788229,0.257356071895754,-0.599820737280907,0.548625711421432,0.997528070348248
"ENSG00000119041",114.654051569971,-0.0828094973366752,0.308204266234584,-0.268683812681705,0.788173009485948,0.997528070348248
"ENSG00000119138",248.668212014014,-0.0268081042555174,0.251852506604909,-0.106443666640064,0.915230348880326,0.997528070348248
"ENSG00000119139",249.294690440694,-0.192733503330507,0.250732068018604,-0.768683100066026,0.442081459878649,0.997528070348248
"ENSG00000119185",115.605091959297,0.132494555726753,0.300081240207372,0.441528952743572,0.658830105911923,0.997528070348248
"ENSG00000119231",124.432052989787,0.00892151806358199,0.295462033244957,0.0301951420478633,0.975911422850769,0.997528070348248
"ENSG00000119242",107.729919332418,0.173898275385285,0.313774223182573,0.554214663083079,0.579431944436153,0.997528070348248
"ENSG00000119318",531.470972604351,0.0368934968598013,0.226688080053123,0.162750052191344,0.870715236374044,0.997528070348248
"ENSG00000119321",176.292842774592,0.0429470307461245,0.271116945574727,0.15840776995729,0.874135491542352,0.997528070348248
"ENSG00000119326",128.829294492381,0.0195562696409091,0.306609123798104,0.0637824125996542,0.949143482453046,0.997528070348248
"ENSG00000119335",416.133770409995,0.0319813099666215,0.235633347808543,0.135724888960144,0.892038771240317,0.997528070348248
"ENSG00000119383",534.061095398499,-0.0103118853193709,0.226449446295564,-0.0455372511969479,0.963679083520571,0.997528070348248
"ENSG00000119392",110.726054248817,-0.216214764594254,0.306132058424908,-0.706279393627408,0.480014405492134,0.997528070348248
"ENSG00000119396",402.378430237345,-0.032981440081833,0.231508380742652,-0.142463266236982,0.886714092673862,0.997528070348248
"ENSG00000119402",369.890614662996,-0.0755517015664408,0.234009250012461,-0.322857756957974,0.746802969497579,0.997528070348248
"ENSG00000119408",181.862683120559,0.140118362820798,0.26884853350344,0.521179569011877,0.602241685436129,0.997528070348248
"ENSG00000119414",216.856710628032,0.0422056369274413,0.257375541445998,0.163984645511846,0.869743231285185,0.997528070348248
"ENSG00000119446",149.016387364922,-0.149920872796582,0.28110884449046,-0.533319657972089,0.593812322066216,0.997528070348248
"ENSG00000119487",249.986395158545,0.0786435449612557,0.251426368353287,0.312789567284968,0.754440542069509,0.997528070348248
"ENSG00000119508",243.300903967007,-0.109296001208614,0.368289049388023,-0.296766904664225,0.766644474027183,0.997528070348248
"ENSG00000119537",171.865452668823,0.0273808294624664,0.297331372565469,0.0920885987449491,0.926627646843763,0.997528070348248
"ENSG00000119596",367.642019053783,-0.143642651848361,0.234513073811858,-0.612514473131682,0.540197425257138,0.997528070348248
"ENSG00000119638",440.33333391108,-0.0440229266733599,0.228631850851222,-0.192549404247298,0.84731187284178,0.997528070348248
"ENSG00000119669",280.309734400126,0.172999592287983,0.247276177524426,0.699620942138244,0.484164060466182,0.997528070348248
"ENSG00000119688",147.457311344522,0.128944465373455,0.284110939588724,0.453852518175167,0.64993498060317,0.997528070348248
"ENSG00000119689",248.517391166601,0.0590198592354117,0.249910608348873,0.236163881258776,0.813305505431045,0.997528070348248
"ENSG00000119707",589.354913795933,-0.169896366289742,0.239793666509601,-0.708510649020581,0.478628201501572,0.997528070348248
"ENSG00000119760",184.782203702439,0.164788400926882,0.266677574664765,0.617931227003375,0.536620673603178,0.997528070348248
"ENSG00000119772",120.375962476351,-0.160501809246244,0.29739938152913,-0.539684408289608,0.589414694379876,0.997528070348248
"ENSG00000119777",490.447234736799,-0.136817484715088,0.22694484974138,-0.602866665055414,0.546597393540002,0.997528070348248
"ENSG00000119787",199.943509612373,0.0793984442831843,0.26114155944848,0.304043693584699,0.76109460321267,0.997528070348248
"ENSG00000119801",402.227165254367,0.0634309941215267,0.235339595649607,0.269529629922404,0.787522144181814,0.997528070348248
"ENSG00000119812",161.630028438968,-0.0539322198095248,0.280595603142451,-0.19220621850637,0.847580675057282,0.997528070348248
"ENSG00000119820",195.650849264899,-0.0583330335055332,0.267481954076171,-0.218082127099018,0.827365122775355,0.997528070348248
"ENSG00000119862",141.409475273286,-0.237703878202101,0.310661918859401,-0.765152932405857,0.444180483254233,0.997528070348248
"ENSG00000119906",165.523286338274,-0.101787239544745,0.274698647147675,-0.370541466445683,0.710979086000863,0.997528070348248
"ENSG00000119943",115.021756050038,-0.104614926131833,0.319897408843044,-0.327026487992474,0.74364785120347,0.997528070348248
"ENSG00000119977",191.660644411219,-0.008229013463207,0.287065900117026,-0.0286659385871061,0.977131022267159,0.997528070348248
"ENSG00000120008",290.221910253814,-0.123914987858925,0.246594018396566,-0.502506056978431,0.615311592839389,0.997528070348248
"ENSG00000120029",132.340801645067,-0.0140340607137919,0.296303570607223,-0.0473637920900901,0.962223286342979,0.997528070348248
"ENSG00000120053",110.145518342737,0.131727215022157,0.318337493317887,0.413797362193262,0.679022515950825,0.997528070348248
"ENSG00000120063",190.592988793999,-0.246690604422656,0.276630310460139,-0.891769972756484,0.372516239370651,0.997528070348248
"ENSG00000120253",163.519134979511,-0.146792390409306,0.278611482558377,-0.526871287074639,0.598282974344431,0.997528070348248
"ENSG00000120265",172.610918023273,-0.0915614549782771,0.272065638179784,-0.336541783044915,0.736462348783809,0.997528070348248
"ENSG00000120314",131.101473851251,-0.110292213975877,0.291678761904645,-0.378129052851416,0.705334726739736,0.997528070348248
"ENSG00000120438",436.835294147097,-0.0242535279669488,0.234405208144432,-0.103468383484059,0.917591241112173,0.997528070348248
"ENSG00000120451",366.736221095046,-0.183406685507551,0.234115648376114,-0.783402078330545,0.433391036084054,0.997528070348248
"ENSG00000120533",114.898287885423,-0.0437819645873536,0.306696936013196,-0.142753185462113,0.886485110892954,0.997528070348248
"ENSG00000120549",628.448322464707,-0.189792858882141,0.228827616259886,-0.829414132718087,0.406870107082578,0.997528070348248
"ENSG00000120594",214.960985023208,0.181275916304713,0.276009451106748,0.656774308190642,0.51132604628575,0.997528070348248
"ENSG00000120616",157.445324353259,-0.0812464902701825,0.276324684322521,-0.294025452229788,0.768738454476598,0.997528070348248
"ENSG00000120685",183.783008200184,-0.0598646516547602,0.271956584688739,-0.220125766483193,0.825773208176277,0.997528070348248
"ENSG00000120686",296.501295361225,-0.00836854978811718,0.243976589568062,-0.0343006261499635,0.972637425569341,0.997528070348248
"ENSG00000120690",230.794053303972,-0.0137639458921304,0.294844019743072,-0.0466821267194917,0.962766575625737,0.997528070348248
"ENSG00000120694",260.828371247167,-0.0552218481998817,0.248414391379047,-0.222297298853433,0.824082454707426,0.997528070348248
"ENSG00000120705",351.829602012937,0.167168841627775,0.238273664702677,0.701583374043337,0.482939023100997,0.997528070348248
"ENSG00000120709",242.865651036978,-0.0646017455934745,0.25284743838324,-0.25549693525294,0.798339310397394,0.997528070348248
"ENSG00000120725",206.297479368416,0.0397126142651941,0.272547240366629,0.145709104270412,0.884151033913116,0.997528070348248
"ENSG00000120727",229.549803094599,-0.10497906596857,0.255577595661386,-0.41075222457158,0.681254228321708,0.997528070348248
"ENSG00000120733",423.933712830069,0.0580933794039172,0.232298233252973,0.250081021238993,0.802524692608977,0.997528070348248
"ENSG00000120738",1970.55642815115,0.0399375837250706,0.267563122090826,0.149264156483843,0.881345197363664,0.997528070348248
"ENSG00000120802",114.772627810283,0.121655156693285,0.317930055982552,0.382647549057021,0.701981109519276,0.997528070348248
"ENSG00000120875",104.997138362806,0.0594359361191158,0.334340502452626,0.177770672960981,0.858903080044555,0.997528070348248
"ENSG00000120896",239.617354307344,0.179890304157564,0.264072008097956,0.681216859951452,0.495734281328817,0.997528070348248
"ENSG00000120948",547.704273556196,-0.0466613068229849,0.22331673261519,-0.208946755921733,0.834489803693002,0.997528070348248
"ENSG00000120963",119.390702238155,0.0111346500234223,0.300686523994482,0.0370307583974952,0.970460480898245,0.997528070348248
"ENSG00000121005",242.381248951969,0.206265296311424,0.272060699034633,0.758159105829418,0.44835573931427,0.997528070348248
"ENSG00000121022",186.833569356138,-0.0411196286454628,0.270389124138008,-0.152075749261554,0.87912719100521,0.997528070348248
"ENSG00000121039",133.255538859251,0.0114402448759189,0.328596202747133,0.034815511500973,0.972226851740907,0.997528070348248
"ENSG00000121057",421.897895202487,-0.0664288993341051,0.242075562903651,-0.27441390009509,0.783766562134949,0.997528070348248
"ENSG00000121060",237.713065673498,-0.195225643275078,0.275123727619681,-0.709592171362804,0.477957075718395,0.997528070348248
"ENSG00000121064",274.498169358489,0.206004184101063,0.267251568408306,0.770824977110446,0.440810680371104,0.997528070348248
"ENSG00000121067",345.740552581683,0.174857495507543,0.263108841411027,0.664582362834329,0.506317653151713,0.997528070348248
"ENSG00000121073",154.196901633114,-0.106388038130452,0.285787183116847,-0.372263153897122,0.709696929291546,0.997528070348248
"ENSG00000121089",170.259745511142,0.245069745242989,0.280911996660834,0.872407544555243,0.382986086136171,0.997528070348248
"ENSG00000121210",118.743739917233,-0.140192506825288,0.34163840481499,-0.410353475632247,0.681546669578376,0.997528070348248
"ENSG00000121390",109.511277336354,-0.165578828166358,0.313313211774127,-0.528477006216154,0.597168302237905,0.997528070348248
"ENSG00000121413",163.614571478283,0.165799117679942,0.302968390946906,0.5472488966976,0.584207747435103,0.997528070348248
"ENSG00000121440",335.699385869442,0.0792135998018084,0.244823146036016,0.3235543741855,0.74627543532925,0.997528070348248
"ENSG00000121579",336.880824476367,-0.0560502935941435,0.237098664151771,-0.236400714422687,0.813121741871922,0.997528070348248
"ENSG00000121644",104.804725937489,0.208426555435338,0.319927360442651,0.651480870991964,0.514736121392661,0.997528070348248
"ENSG00000121671",271.001481095728,-0.024793076644687,0.255656305507446,-0.0969781543055463,0.922743743002697,0.997528070348248
"ENSG00000121749",199.426990169778,-0.155665142866763,0.265517215809441,-0.586271373749572,0.557693164801011,0.997528070348248
"ENSG00000121774",386.810228389727,0.0636143741436456,0.236675722799348,0.268782845114949,0.788096795327567,0.997528070348248
"ENSG00000121848",181.563151066516,0.189905775229655,0.278339124252049,0.682282003077969,0.495060650695723,0.997528070348248
"ENSG00000121858",775.322042170301,0.0803271258134425,0.237866004420252,0.337699058800869,0.735589984106309,0.997528070348248
"ENSG00000121940",130.509644614727,-0.214993975961468,0.302459679831645,-0.710818632358331,0.477196632974342,0.997528070348248
"ENSG00000121966",195.688424522245,0.273370142384268,0.312986382949675,0.873425034686649,0.382431450475371,0.997528070348248
"ENSG00000122034",171.209859950135,0.052482162318956,0.281837728805629,0.186214111720829,0.852276857953377,0.997528070348248
"ENSG00000122068",220.200411692506,0.0173511244029355,0.260492657514171,0.0666088809124746,0.946893075504139,0.997528070348248
"ENSG00000122085",235.303757923455,0.0900499589282765,0.289099301727147,0.31148452587155,0.755432304773572,0.997528070348248
"ENSG00000122203",275.520653873059,0.0628048437659572,0.248449882812465,0.252786771541219,0.800432990565634,0.997528070348248
"ENSG00000122257",235.239842319436,-0.0927795229740177,0.264811508493159,-0.350360614997269,0.726068080139657,0.997528070348248
"ENSG00000122299",254.226720364431,-0.17061787036427,0.249824141588055,-0.682951892798289,0.494637241621248,0.997528070348248
"ENSG00000122359",732.674376038902,-0.0342554210993019,0.217988486867531,-0.157143258304822,0.875131945871266,0.997528070348248
"ENSG00000122378",215.003361414164,-0.180664735007332,0.280806593282528,-0.643377824200731,0.51997896915213,0.997528070348248
"ENSG00000122497",123.507286829857,-0.121158647239503,0.295832106410776,-0.409552055419128,0.682134573426104,0.997528070348248
"ENSG00000122515",494.013375698697,0.0121149725398144,0.226267504057221,0.0535426975707067,0.957299511677651,0.997528070348248
"ENSG00000122545",247.581967687365,0.181498985770432,0.257057784863368,0.706062980613107,0.480148971986504,0.997528070348248
"ENSG00000122550",106.316586902601,-0.063954008286282,0.308089120633036,-0.207582819396137,0.835554720291863,0.997528070348248
"ENSG00000122557",107.074201033473,-0.123929610362969,0.329520857065672,-0.376090337548103,0.706849737427999,0.997528070348248
"ENSG00000122566",2784.111141001,0.0272938916271649,0.208617785370029,0.130832045689456,0.895908172079398,0.997528070348248
"ENSG00000122641",109.757858580285,0.379446522157333,0.442588609126545,0.857334586414629,0.391259999263985,0.997528070348248
"ENSG00000122642",301.830465591691,0.154619836983958,0.252611803411732,0.612084767598699,0.540481675048057,0.997528070348248
"ENSG00000122692",153.512281465037,0.167227594077504,0.282174965879126,0.592637952684784,0.553423474003881,0.997528070348248
"ENSG00000122694",149.024603589365,0.25374066949776,0.313862409249729,0.808445554548292,0.418834136608418,0.997528070348248
"ENSG00000122729",186.382074672086,0.0609138162584248,0.272503184463947,0.223534328151985,0.823119668948886,0.997528070348248
"ENSG00000122741",132.656017872336,-0.138399822047033,0.289535844460508,-0.478005831384757,0.632646054576252,0.997528070348248
"ENSG00000122877",152.891431463122,0.0272307172116007,0.331219650110132,0.0822134713400802,0.93447696113054,0.997528070348248
"ENSG00000122882",110.557383798932,-0.226856681669171,0.313522706166141,-0.72357337190422,0.469327693999358,0.997528070348248
"ENSG00000122912",232.672348565949,-0.146092111923751,0.278313083930836,-0.524920028409646,0.599638785677251,0.997528070348248
"ENSG00000122958",150.800260680705,0.0842093268436069,0.286861177209708,0.293554281770399,0.769098515070615,0.997528070348248
"ENSG00000122965",128.847347999949,0.0154214538473654,0.29434246188732,0.0523928955016657,0.958215634912381,0.997528070348248
"ENSG00000123064",156.181140840394,0.0511604394962791,0.27948697467233,0.183051247938332,0.854757807848301,0.997528070348248
"ENSG00000123091",330.058638282104,-0.0484007298894938,0.244973448232833,-0.197575411697237,0.843377274179895,0.997528070348248
"ENSG00000123095",154.458729739935,0.202102768858844,0.312043793789565,0.647674374178187,0.517195581971995,0.997528070348248
"ENSG00000123104",181.102271254118,-0.22418772986821,0.28636968624089,-0.782861247679779,0.433708596231663,0.997528070348248
"ENSG00000123130",104.772449695069,0.0708554123776838,0.318448652794556,0.222501843722339,0.823923238158219,0.997528070348248
"ENSG00000123131",174.776024022255,-0.0800130686220627,0.282140914763341,-0.283592575324205,0.776722627643973,0.997528070348248
"ENSG00000123136",103.861916634175,0.132691154714744,0.310605973805963,0.427200910171923,0.669232998454011,0.997528070348248
"ENSG00000123143",302.599168691257,0.081724359477216,0.242626937141338,0.336831352858438,0.73624403658526,0.997528070348248
"ENSG00000123159",205.852287366815,0.114485776782148,0.26243796960078,0.436239378609368,0.662663059927534,0.997528070348248
"ENSG00000123200",352.083552441427,-0.0770599644661703,0.236698494067521,-0.325561701479132,0.744755992558038,0.997528070348248
"ENSG00000123384",1281.61636366112,-0.0792586727026804,0.278680964668429,-0.284406481788168,0.776098892265083,0.997528070348248
"ENSG00000123416",102.604242828481,0.0365857276772325,0.326469632606896,0.112064719113663,0.910772091238279,0.997528070348248
"ENSG00000123472",168.188581201579,-0.0454157761686113,0.279302930707555,-0.162604008678176,0.870830230534804,0.997528070348248
"ENSG00000123562",818.254055024935,0.151009270513586,0.219082078670045,0.689281713183935,0.490646003492201,0.997528070348248
"ENSG00000123643",238.451520953575,-0.223152008575923,0.263330634117017,-0.847421377023535,0.39676029337482,0.997528070348248
"ENSG00000123684",200.921662743264,-0.265145476310799,0.297867737928913,-0.890144995743302,0.373388034937057,0.997528070348248
"ENSG00000123989",337.444508532656,0.0187627809581879,0.244551984557275,0.0767230778852813,0.938843845152971,0.997528070348248
"ENSG00000123992",231.178214428775,-0.154858126371795,0.268764819311296,-0.576184512424713,0.564490472433076,0.997528070348248
"ENSG00000124006",437.009568779507,-0.0985138458781582,0.233301253249149,-0.422260251525322,0.672835067560565,0.997528070348248
"ENSG00000124098",454.969438852086,-0.010732133598988,0.248990896957203,-0.0431025139076978,0.965619815354912,0.997528070348248
"ENSG00000124126",128.021882355465,-0.0176432203415213,0.299084656044924,-0.058990723813231,0.952959496570821,0.997528070348248
"ENSG00000124155",317.037476053052,-0.186109129394354,0.246201323864589,-0.75592253718633,0.449695640663503,0.997528070348248
"ENSG00000124160",157.443469607808,-0.0701078998745493,0.282532226906099,-0.248141249733787,0.804025120767975,0.997528070348248
"ENSG00000124164",273.411418281052,-0.149033581183898,0.247781079399205,-0.601472806338805,0.547525118802469,0.997528070348248
"ENSG00000124177",367.418013360336,-0.140179642206649,0.238208152564159,-0.588475418232771,0.556213228812778,0.997528070348248
"ENSG00000124181",431.239344002785,0.0414211827283336,0.229442507507501,0.180529681175052,0.856736754965869,0.997528070348248
"ENSG00000124193",1359.89668782268,-0.0807866248541233,0.20999374325084,-0.38470967564792,0.70045252579933,0.997528070348248
"ENSG00000124201",289.198660231174,-0.138492189294264,0.259579794653354,-0.533524535217419,0.593670531642788,0.997528070348248
"ENSG00000124209",127.774688941174,-0.00996829517736823,0.293921191430753,-0.0339148570024653,0.972945045829033,0.997528070348248
"ENSG00000124214",406.561995424319,-0.0455515890527725,0.232607280984408,-0.195830452340079,0.844742874009905,0.997528070348248
"ENSG00000124226",256.51536526891,0.0214691288218369,0.252903073429388,0.0848907390911215,0.932348254345325,0.997528070348248
"ENSG00000124228",189.394758491404,-0.121173047911292,0.265412536929864,-0.456546059628347,0.647997357408661,0.997528070348248
"ENSG00000124275",136.244659196066,-0.0677822689325763,0.300238555508163,-0.225761374377294,0.821387020267448,0.997528070348248
"ENSG00000124299",129.732831632092,-0.139988306030536,0.29857704426109,-0.468851536718019,0.639175759212654,0.997528070348248
"ENSG00000124333",143.244284264695,0.0220670137245842,0.28478104192907,0.0774876500735623,0.938235615547681,0.997528070348248
"ENSG00000124356",182.533757489803,-0.202447186583423,0.273890494269534,-0.739153752390529,0.459813639992158,0.997528070348248
"ENSG00000124357",247.229641915309,0.120817140571147,0.251331086366762,0.480709100961913,0.630723261958813,0.997528070348248
"ENSG00000124383",131.385783213193,-0.157942881848179,0.290906870024305,-0.542932801260359,0.587176070725016,0.997528070348248
"ENSG00000124422",901.656108355727,-0.146797809098802,0.221362949873279,-0.663154376930906,0.507231687604144,0.997528070348248
"ENSG00000124486",415.400653833654,-0.205812288466367,0.237679004440869,-0.865925406202926,0.386531069569831,0.997528070348248
"ENSG00000124535",143.205503974189,-0.0894296162954923,0.283823496260195,-0.315088840331625,0.752694201416421,0.997528070348248
"ENSG00000124541",108.168319360152,0.102205173419107,0.307693090078526,0.33216596899535,0.739763939054125,0.997528070348248
"ENSG00000124570",500.186873510872,-0.0731115979307836,0.229915407714961,-0.317993468369132,0.750489891449428,0.997528070348248
"ENSG00000124571",188.756421885458,-0.0224157230145545,0.266436478954007,-0.0841315840179074,0.932951813240036,0.997528070348248
"ENSG00000124574",111.399604209319,0.0154004329975501,0.309435766171422,0.0497694018635795,0.96030615022912,0.997528070348248
"ENSG00000124587",157.645441608263,-0.0366109086646631,0.293685524285709,-0.12466024246073,0.900792533723313,0.997528070348248
"ENSG00000124702",229.206743184144,-0.0982455962437559,0.254680267320633,-0.385760535267808,0.699674025513249,0.997528070348248
"ENSG00000124766",313.366049994536,-0.105764264302694,0.262220068342518,-0.403341609096608,0.686696935814432,0.997528070348248
"ENSG00000124782",299.516572806448,-0.148336885310221,0.251417829247794,-0.590001455958885,0.555189673394077,0.997528070348248
"ENSG00000124783",624.723677661901,-0.0751883938428381,0.23549713063096,-0.319275201533829,0.749517835715642,0.997528070348248
"ENSG00000124788",230.242438547911,-0.155850471666958,0.256144484785007,-0.60844750101791,0.542890715183889,0.997528070348248
"ENSG00000124789",156.702776798244,0.125953570268429,0.278482791426349,0.452284931587023,0.651063729854974,0.997528070348248
"ENSG00000124831",503.65794401635,-0.10954624859186,0.228997748006205,-0.478372602113502,0.632385030378415,0.997528070348248
"ENSG00000124839",116.627107115549,0.0450035334781985,0.307827075273524,0.14619745010477,0.883765518455454,0.997528070348248
"ENSG00000124942",3701.10407406462,0.182952952216665,0.206185310953749,0.887322920194374,0.374905069036133,0.997528070348248
"ENSG00000125037",168.069130545007,0.0953426416672332,0.276281308586663,0.345092623728204,0.730024738641812,0.997528070348248
"ENSG00000125124",223.525802022512,-0.0266370922319178,0.257762942384344,-0.103339494752507,0.917693531115132,0.997528070348248
"ENSG00000125144",141.978817331363,0.229324208323993,0.97076572416592,0.23623022796878,0.813254024663255,0.997528070348248
"ENSG00000125166",374.489030351456,-0.11898248791454,0.243685158736718,-0.48826316929334,0.625363445722607,0.997528070348248
"ENSG00000125266",280.824391249628,-0.074484829116279,0.263878881851686,-0.282269003846028,0.777737250945917,0.997528070348248
"ENSG00000125347",197.809381788926,0.0892138780126454,0.290889115422773,0.306693765021024,0.759076476021364,0.997528070348248
"ENSG00000125356",208.682205796939,0.201086293158691,0.268439166639759,0.749094462167459,0.453800272595559,0.997528070348248
"ENSG00000125386",162.034813574046,-0.0360183590783351,0.278149901931867,-0.129492618290255,0.896967865527235,0.997528070348248
"ENSG00000125445",113.780901531136,0.0290273172085305,0.302123786418864,0.0960775632815851,0.923458970765398,0.997528070348248
"ENSG00000125447",180.957375131394,0.224699183133747,0.273836816639216,0.820558703141044,0.411897678718025,0.997528070348248
"ENSG00000125450",122.404565781126,0.0981209971007589,0.308304587289117,0.318259932372478,0.750287774697847,0.997528070348248
"ENSG00000125484",124.013169986617,-0.194739530017072,0.294488805667754,-0.66127990697473,0.508432824742067,0.997528070348248
"ENSG00000125505",194.750414197938,-0.0941419015593753,0.269790706312019,-0.348944197694113,0.727131203167196,0.997528070348248
"ENSG00000125520",153.613410748703,-0.19732517536303,0.298514057678053,-0.661024733300317,0.508596452133603,0.997528070348248
"ENSG00000125629",115.528429053295,0.209192929068144,0.303915240452372,0.688326550378863,0.491247165741624,0.997528070348248
"ENSG00000125633",164.445990253714,0.193933461309392,0.279760133919877,0.693213355999228,0.488175667694988,0.997528070348248
"ENSG00000125651",224.545996738657,-0.0403092511685897,0.267573512676151,-0.15064738944238,0.880253876585971,0.997528070348248
"ENSG00000125686",153.032736536831,0.0328529254653335,0.296624322071168,0.110756006911164,0.911809832040334,0.997528070348248
"ENSG00000125734",204.959166062549,0.0102632372448342,0.275069211858342,0.0373114721763904,0.970236658389082,0.997528070348248
"ENSG00000125740",1062.98391038126,0.00995896688023252,0.322459625940823,0.0308843839013203,0.975361743824418,0.997528070348248
"ENSG00000125743",184.470071124517,0.251638324666582,0.279040179500312,0.901799608634143,0.367163327732229,0.997528070348248
"ENSG00000125746",170.196886356938,-0.0240900665085418,0.275479837069537,-0.0874476577480367,0.930315689033889,0.997528070348248
"ENSG00000125753",199.054865499846,0.0122222288538825,0.267586546759479,0.0456757972397935,0.963568654675367,0.997528070348248
"ENSG00000125755",395.837808515577,-0.0135226880959976,0.234559864851385,-0.0576513296704252,0.954026362466895,0.997528070348248
"ENSG00000125772",184.508963049204,0.0411420234849509,0.285378294742111,0.144166617584319,0.885368900835162,0.997528070348248
"ENSG00000125779",108.785568555184,0.148329256649787,0.312943144306477,0.473981486248898,0.63551310949528,0.997528070348248
"ENSG00000125817",209.087868905096,0.143350778323088,0.26099704123611,0.549242924916556,0.582838750146832,0.997528070348248
"ENSG00000125826",315.926595602477,-0.150449886568094,0.259835218619171,-0.579020378252119,0.562575423013867,0.997528070348248
"ENSG00000125827",327.288656874107,-0.0876500238370483,0.241292036412991,-0.363252866277891,0.716415999200026,0.997528070348248
"ENSG00000125834",176.332504691908,-0.140691458827688,0.26996743619486,-0.521142330388833,0.602267624517278,0.997528070348248
"ENSG00000125835",170.647880725366,0.0460012168047895,0.272773174672735,0.168642744507338,0.866077656808601,0.997528070348248
"ENSG00000125844",1017.82666514036,-0.0888122457755588,0.212403991464564,-0.418128892791432,0.6758528813747,0.997528070348248
"ENSG00000125863",119.860187639699,0.0245335167261272,0.319246261018546,0.0768482507762304,0.93874426563139,0.997528070348248
"ENSG00000125875",267.122605577745,-0.00821083099495154,0.250993309345082,-0.0327133460902846,0.973903180947107,0.997528070348248
"ENSG00000125901",159.83871691492,-0.132368597502867,0.282468974980562,-0.468612871597584,0.639346375159465,0.997528070348248
"ENSG00000125912",182.441326115803,-0.120440758663814,0.268283163241002,-0.448931484215504,0.653481083189474,0.997528070348248
"ENSG00000125944",375.308784784126,0.122100085187471,0.233940341965401,0.521928300872234,0.60172025269228,0.997528070348248
"ENSG00000125952",188.665031916832,0.0603536664373849,0.268832111947051,0.224503188998761,0.82236578578216,0.997528070348248
"ENSG00000125970",256.844602508532,0.0511092951923339,0.249711065330151,0.204673730115887,0.837827046224829,0.997528070348248
"ENSG00000125971",279.196599167703,0.0800240506344814,0.247122391340732,0.323823552371441,0.74607162395425,0.997528070348248
"ENSG00000125977",119.70748221121,0.157843330474693,0.301954719707476,0.52273841133401,0.601156304059367,0.997528070348248
"ENSG00000125991",651.665925068576,0.0862043384983391,0.225258586052946,0.382690578010097,0.701949201286487,0.997528070348248
"ENSG00000126001",165.084980680358,-0.00997411130579763,0.278345473431926,-0.0358335674829537,0.971415067265625,0.997528070348248
"ENSG00000126012",407.084983615354,-0.0567058489276547,0.233902752087616,-0.242433440485615,0.808444325307488,0.997528070348248
"ENSG00000126067",195.596144452281,-0.0456836748184393,0.267564262623475,-0.170739075429991,0.864428936190797,0.997528070348248
"ENSG00000126070",130.868312119588,-0.128959228876721,0.300487199632986,-0.429167129362687,0.667801602378439,0.997528070348248
"ENSG00000126088",134.650250049483,0.106495756763192,0.289645366403301,0.367676369505278,0.713114562573798,0.997528070348248
"ENSG00000126107",155.034585652066,0.112593556944283,0.290176078128628,0.388018053281334,0.69800267366411,0.997528070348248
"ENSG00000126214",124.489378289452,-0.198858689639443,0.294615375959678,-0.674977295369201,0.499690190086382,0.997528070348248
"ENSG00000126226",195.044236528511,-0.0980009344625511,0.268524325054346,-0.364961105265666,0.715140440088278,0.997528070348248
"ENSG00000126247",886.577410576434,-0.0278351900085141,0.215919004003328,-0.128914961130911,0.897424938185004,0.997528070348248
"ENSG00000126254",106.283325055648,-0.0897604566211001,0.308111245140509,-0.291324831653471,0.770802897752098,0.997528070348248
"ENSG00000126261",176.261873559917,0.011160578725722,0.268905554272077,0.0415037121711134,0.966894333521195,0.997528070348248
"ENSG00000126267",227.525568234961,0.0346311826965307,0.254434938352145,0.136110169935075,0.89173418790558,0.997528070348248
"ENSG00000126351",189.196777904717,0.242720692964427,0.277477126892493,0.874741264920432,0.381714701983813,0.997528070348248
"ENSG00000126432",235.44265137077,-0.050022405586881,0.26692856787857,-0.187399969903697,0.851347046198109,0.997528070348248
"ENSG00000126457",263.617316877659,0.0913269527989042,0.254222387620216,0.359240402286435,0.719415254465487,0.997528070348248
"ENSG00000126461",208.740839066263,-0.0782531103888161,0.259779177124137,-0.301229341223998,0.763239617224328,0.997528070348248
"ENSG00000126464",178.516722982676,-0.0275711771282277,0.275229953584768,-0.100175060051144,0.92020534559662,0.997528070348248
"ENSG00000126524",235.888543250948,0.216062517334647,0.272653618312167,0.792443242353278,0.428102273903024,0.997528070348248
"ENSG00000126581",212.050736501674,0.00711271975344081,0.265989290633487,0.0267406245435709,0.978666611006501,0.997528070348248
"ENSG00000126602",146.142849862503,0.0528856620802459,0.288933381209459,0.18303756339565,0.854768545140611,0.997528070348248
"ENSG00000126653",127.328835692843,0.0632046949177329,0.293066720456202,0.215666571828236,0.829247659822783,0.997528070348248
"ENSG00000126709",650.738909156933,-0.591691717366705,0.684530919491429,-0.864375443853291,0.387381678015868,0.997528070348248
"ENSG00000126746",189.528075971835,0.0420809704333977,0.27126440392072,0.155128980526676,0.876719635581132,0.997528070348248
"ENSG00000126775",143.89151226756,0.116246880015374,0.282489885880641,0.411508113478054,0.680699993182388,0.997528070348248
"ENSG00000126777",702.123195020807,-0.00801411572540531,0.226944161003397,-0.0353131611316731,0.971830028811394,0.997528070348248
"ENSG00000126804",215.822376187915,-0.166734884091302,0.26430127409295,-0.630851609261122,0.528137554793364,0.997528070348248
"ENSG00000126858",118.711914533017,-0.161800225033253,0.301589010271365,-0.536492443433756,0.591618257032613,0.997528070348248
"ENSG00000126883",245.948990879365,-0.0195635877694841,0.254530733605757,-0.0768613970200793,0.938733807378737,0.997528070348248
"ENSG00000126934",153.951338928328,-0.14719926894235,0.30089436346901,-0.489205803808654,0.624696001015559,0.997528070348248
"ENSG00000126945",360.116984426685,0.0908433033432482,0.236596043113005,0.383959520827061,0.701008449857395,0.997528070348248
"ENSG00000127022",3140.34311897682,-0.118720638706237,0.202494416543586,-0.586290924622519,0.557680028679645,0.997528070348248
"ENSG00000127125",140.074239878846,0.0797606549741912,0.293304366740073,0.271938177602638,0.785669555509055,0.997528070348248
"ENSG00000127324",206.78365413229,0.175491188902887,0.319440284827838,0.549370875365541,0.582750957066724,0.997528070348248
"ENSG00000127415",119.404548843277,-0.227345129924146,0.303388651681217,-0.74935278120761,0.453644602960271,0.997528070348248
"ENSG00000127419",131.469607699277,-0.0160598938377013,0.296166098187109,-0.0542259696028918,0.956755130368258,0.997528070348248
"ENSG00000127445",117.565402950257,-0.158834476850804,0.308061788996122,-0.515592918447939,0.606138757317749,0.997528070348248
"ENSG00000127463",269.780102631178,-0.136603566877614,0.256950586663951,-0.531633605710613,0.594979784737888,0.997528070348248
"ENSG00000127481",796.997648872128,-0.157515612549668,0.216018080875467,-0.729177909142126,0.465892842358578,0.997528070348248
"ENSG00000127483",547.301714191185,0.0615430732338755,0.224489156157686,0.274147198409203,0.783971503617459,0.997528070348248
"ENSG00000127511",363.00241522545,0.0357956844817607,0.236946674874723,0.151070634355542,0.879919996995053,0.997528070348248
"ENSG00000127527",116.379221827902,0.0110859211879853,0.300351418256444,0.0369098346608106,0.970556898166504,0.997528070348248
"ENSG00000127663",385.3467355264,0.0293549143529589,0.233693397344419,0.125612938519164,0.900038320627564,0.997528070348248
"ENSG00000127804",142.850426002366,0.153885008575259,0.285998930056222,0.538061483464321,0.590534602350303,0.997528070348248
"ENSG00000127837",322.141753302803,0.0115046327563817,0.243471572885395,0.0472524682041506,0.962312010612119,0.997528070348248
"ENSG00000127838",422.764954482502,-0.0361289719158863,0.277636447702117,-0.130130507773425,0.896463173622124,0.997528070348248
"ENSG00000127863",324.015486252706,-0.389344964199597,0.692313898125329,-0.562382129340287,0.573855692148208,0.997528070348248
"ENSG00000127884",362.17767334122,-0.218688824995804,0.268835404656316,-0.813467352915734,0.415950156815514,0.997528070348248
"ENSG00000127946",175.182838181104,0.0182215180491355,0.299405518213759,0.0608589920381038,0.951471508488814,0.997528070348248
"ENSG00000127947",207.116631062561,0.0765970634085509,0.277027919639744,0.276495825793156,0.782167265272819,0.997528070348248
"ENSG00000127948",225.077414312588,-0.0822021098402584,0.260218580919054,-0.315896388143893,0.752081153505095,0.997528070348248
"ENSG00000128016",1174.59126218739,-0.0888584350614045,0.257521999762095,-0.34505182137252,0.730055412508527,0.997528070348248
"ENSG00000128050",217.759835340826,0.166103114865199,0.257691275999177,0.644581832354037,0.519198211341529,0.997528070348248
"ENSG00000128159",410.959468068007,-0.0699265173552419,0.230974517711485,-0.302745593098666,0.762083749009431,0.997528070348248
"ENSG00000128191",179.28079455603,0.176865508606153,0.2813906406234,0.62854083637722,0.529649703912893,0.997528070348248
"ENSG00000128272",625.694915776432,0.052016828409837,0.225017173680433,0.231168259555649,0.81718408741004,0.997528070348248
"ENSG00000128284",151.21890508765,0.226781602076372,0.382157180966585,0.593424939714011,0.552896802380112,0.997528070348248
"ENSG00000128335",222.442489535613,-0.0898445178140779,0.271942122406204,-0.330381027474206,0.741112075350282,0.997528070348248
"ENSG00000128463",170.748127210162,0.192856257598049,0.272970100367055,0.70651055679256,0.479870690011005,0.997528070348248
"ENSG00000128487",130.687703783758,0.0484731726740477,0.320539076341575,0.151223910754623,0.879799089140976,0.997528070348248
"ENSG00000128524",115.895347016867,0.0256650605736919,0.299368270345388,0.0857307307286826,0.931680472464885,0.997528070348248
"ENSG00000128590",184.5856551184,-0.190699111893694,0.276109047833899,-0.690665928515368,0.489775505564023,0.997528070348248
"ENSG00000128595",754.457706766716,0.117415266919329,0.235925602677006,0.497679207288393,0.618710165765129,0.997528070348248
"ENSG00000128602",153.73645609057,-0.151494569328426,0.280554810273922,-0.539982077585886,0.589209392433237,0.997528070348248
"ENSG00000128607",202.406453297273,-0.135584324718993,0.267929044866005,-0.506045639011628,0.612824611048448,0.997528070348248
"ENSG00000128609",152.873194101276,0.0142326400248247,0.282724523862175,0.050341016868289,0.959850638453764,0.997528070348248
"ENSG00000128641",201.796459816605,-0.0200210434404125,0.283554815139722,-0.0706073124892874,0.943710290416194,0.997528070348248
"ENSG00000128699",223.370527074139,-0.0318528168113597,0.26133967502128,-0.121882820925549,0.902991821098519,0.997528070348248
"ENSG00000128708",143.060338332347,0.0131747185153623,0.284048669474118,0.0463819053958383,0.963005858392594,0.997528070348248
"ENSG00000128731",427.562692347865,-0.164826579788025,0.230092205687271,-0.716350122750568,0.473775184543281,0.997528070348248
"ENSG00000128789",111.873653110306,0.263373394051806,0.303442561977559,0.86795139197145,0.38542094315914,0.997528070348248
"ENSG00000128791",306.586532886114,-0.0566717945987895,0.260343156584814,-0.21768113801112,0.827677560963846,0.997528070348248
"ENSG00000128908",151.23047337214,0.0710654337614704,0.287326981705159,0.247332963092183,0.804650550218694,0.997528070348248
"ENSG00000128915",123.283591883225,-0.0997729548868494,0.30481408349764,-0.327323966602815,0.743422867233796,0.997528070348248
"ENSG00000128951",114.77891422001,0.0446766114581239,0.302806523452263,0.147541773369909,0.882704410110727,0.997528070348248
"ENSG00000128989",295.951378237185,-0.119669232406487,0.252654971737616,-0.47364685358642,0.635751758079316,0.997528070348248
"ENSG00000129003",255.657313672097,-0.0759862505379838,0.265449378533412,-0.286255145737399,0.774682709768847,0.997528070348248
"ENSG00000129055",168.135034816071,-0.0719205514224903,0.27432030828153,-0.262177276895881,0.793184771225231,0.997528070348248
"ENSG00000129071",112.160012182952,-0.0766754885551642,0.307019552174435,-0.24974138621504,0.802787350507678,0.997528070348248
"ENSG00000129084",123.40631716056,-0.100569458543495,0.297486702729283,-0.338063710481253,0.735315177026082,0.997528070348248
"ENSG00000129103",446.821254956095,-0.0558062541252165,0.252627078679884,-0.220903690993202,0.825167423417642,0.997528070348248
"ENSG00000129128",422.799714696567,-0.062320912709653,0.235427082244818,-0.264714289092901,0.791229568965488,0.997528070348248
"ENSG00000129187",225.844728523304,-0.0394988850564199,0.258817555913821,-0.15261285084375,0.878703590212345,0.997528070348248
"ENSG00000129197",185.796374646022,-0.145556255703912,0.27539117292297,-0.528543649961598,0.597122059322851,0.997528070348248
"ENSG00000129245",136.874471924735,-0.0698339194321205,0.288737500422156,-0.241859541382806,0.808889000795043,0.997528070348248
"ENSG00000129250",643.251231264183,0.104545410371025,0.220993863930425,0.473069290303638,0.636163745460794,0.997528070348248
"ENSG00000129255",153.476475636743,-0.185932220734387,0.286812765529708,-0.648270380821414,0.516810087693497,0.997528070348248
"ENSG00000129347",119.667110063298,0.157225961290725,0.305596289380314,0.51448910459465,0.606910075973261,0.997528070348248
"ENSG00000129351",1057.23948531721,0.10596139401541,0.212180658775442,0.499392332114272,0.617503020019591,0.997528070348248
"ENSG00000129422",364.997228737984,-0.079875039011456,0.242141608385746,-0.329869118917432,0.741498858177172,0.997528070348248
"ENSG00000129472",130.087133424729,0.223585319031192,0.300181888463061,0.744832808454748,0.4563727984964,0.997528070348248
"ENSG00000129473",505.972596807933,0.10874233091967,0.224634275920144,0.484086101616688,0.628324764469489,0.997528070348248
"ENSG00000129515",124.747728875505,0.0688430548365727,0.295232048238365,0.233182864961158,0.815619410916554,0.997528070348248
"ENSG00000129518",128.912670315726,0.109958593253977,0.297239873013615,0.369932176794262,0.711433025875569,0.997528070348248
"ENSG00000129562",199.829837649408,0.111653071330385,0.26574486217123,0.420151382864525,0.674374868193145,0.997528070348248
"ENSG00000129566",231.826494516026,-0.207423911171621,0.253418032097289,-0.818504940058841,0.413068922383954,0.997528070348248
"ENSG00000129625",613.258820759564,-0.0810719342771279,0.226158539229965,-0.358473903099857,0.719988694307651,0.997528070348248
"ENSG00000129657",439.297986489275,-0.13359238036197,0.237972016393212,-0.561378528394824,0.574539518232948,0.997528070348248
"ENSG00000129824",709.219990950174,0.0678266593031626,0.238356688682945,0.284559496433447,0.77598164594771,0.997528070348248
"ENSG00000129933",302.764932631132,-0.0803605405678453,0.247873659888523,-0.324199596697713,0.745786927392538,0.997528070348248
"ENSG00000130023",113.659488112927,-0.0505776976980979,0.305479794520833,-0.165568062455432,0.868496882809505,0.997528070348248
"ENSG00000130024",277.604842564214,-0.174051871532567,0.259582413224995,-0.670507178703614,0.502534531753401,0.997528070348248
"ENSG00000130038",136.77595403958,-0.177614369943419,0.288386233491457,-0.615890598497241,0.537966726937024,0.997528070348248
"ENSG00000130066",1970.71286135455,-0.0744776632658886,0.216332861410535,-0.344273462571885,0.730640639655871,0.997528070348248
"ENSG00000130158",170.745492804704,0.00988498085660728,0.273138757924893,0.0361903266006849,0.971130599192666,0.997528070348248
"ENSG00000130175",742.457395200013,-0.0150815264331873,0.220813632260997,-0.0682997977922001,0.945546985093255,0.997528070348248
"ENSG00000130177",242.069616316489,-0.0555887648124405,0.251804218657149,-0.220761848665169,0.825277871013758,0.997528070348248
"ENSG00000130227",251.323858569926,0.0639851963158183,0.250265271567515,0.255669497869411,0.798206049689328,0.997528070348248
"ENSG00000130254",334.631692609442,-0.0334746756575062,0.240315932494297,-0.139294450060237,0.889217475338724,0.997528070348248
"ENSG00000130255",566.636551671092,0.20678442034799,0.24190398543789,0.854820229495898,0.392650677246343,0.997528070348248
"ENSG00000130303",123.853321605308,0.24900541076419,0.302529454282427,0.823078239951243,0.410463502184081,0.997528070348248
"ENSG00000130309",232.526596610098,0.058292694843591,0.270336626152064,0.21563003013436,0.82927614575785,0.997528070348248
"ENSG00000130340",351.624584890107,0.0241634106216807,0.235738111511462,0.102501078280276,0.918358957014801,0.997528070348248
"ENSG00000130382",152.481646715244,-0.0639505265966814,0.279835581490735,-0.228528932082208,0.81923506658151,0.997528070348248
"ENSG00000130402",1073.22605619228,0.119259486291111,0.231493061295458,0.515175209242657,0.606430590920038,0.997528070348248
"ENSG00000130414",322.568487235742,0.0455675010164774,0.239652389650239,0.190139981841954,0.849199440546392,0.997528070348248
"ENSG00000130449",146.030054237831,-0.110414602157827,0.301734220528678,-0.365933310329754,0.714414839626012,0.997528070348248
"ENSG00000130508",592.597175320003,-0.137827875089833,0.231517412656324,-0.595324012602162,0.551626907843863,0.997528070348248
"ENSG00000130517",206.020714956888,0.0830277425798368,0.267022806591232,0.31093876826386,0.755847171458185,0.997528070348248
"ENSG00000130522",377.307091784131,-0.0593071626122328,0.244578770868281,-0.242486959933955,0.808402859868653,0.997528070348248
"ENSG00000130559",139.35445750709,-0.148450482042064,0.286501212336551,-0.51814957720905,0.604353912028263,0.997528070348248
"ENSG00000130638",333.368176686265,-0.00826896819947323,0.254893074140684,-0.0324409293086925,0.97412042278387,0.997528070348248
"ENSG00000130640",266.131128669069,-0.202833640649986,0.248346781123743,-0.816735533000208,0.414079580454682,0.997528070348248
"ENSG00000130703",227.536588927299,-0.0144126189086193,0.259645415795487,-0.055508851810315,0.955733078099823,0.997528070348248
"ENSG00000130706",137.98354586291,-0.0284063548707539,0.297898604412326,-0.0953557836458886,0.924032235522137,0.997528070348248
"ENSG00000130714",191.15196360083,0.0229758146518014,0.27006728243843,0.0850744097706077,0.932202234579397,0.997528070348248
"ENSG00000130723",1078.46154425732,-0.145918107422173,0.211151135887681,-0.691060016365682,0.489527825790648,0.997528070348248
"ENSG00000130724",263.809344404065,0.0609543547227896,0.249770225130467,0.244041717506361,0.807198510576184,0.997528070348248
"ENSG00000130726",577.758449609571,0.0348311454484933,0.222090928346765,0.1568328148645,0.875376610338312,0.997528070348248
"ENSG00000130733",118.7229177219,-0.236319193618531,0.298595658415762,-0.791435464508603,0.428689921647272,0.997528070348248
"ENSG00000130741",394.496922020633,0.199266420824472,0.234210331230911,0.850801157136031,0.394879818769684,0.997528070348248
"ENSG00000130764",175.688111739751,0.0795026020686366,0.271778102152196,0.292527622494453,0.769883243333493,0.997528070348248
"ENSG00000130770",256.093454648353,0.0608911772003727,0.256661066280324,0.237243529308289,0.812467868570112,0.997528070348248
"ENSG00000130779",424.129316817376,-0.161105296331338,0.244887798932946,-0.657873920355874,0.510619150011445,0.997528070348248
"ENSG00000130787",226.799042679688,-0.0804293156489493,0.260211172302777,-0.309092476457403,0.757251182084971,0.997528070348248
"ENSG00000130803",114.62113271988,0.110394922269516,0.307700151461194,0.35877435141087,0.719763901585889,0.997528070348248
"ENSG00000130816",157.761394170058,0.13354271161878,0.280404691408814,0.476249919171582,0.633896339600744,0.997528070348248
"ENSG00000130821",155.680895334707,0.0772324671593666,0.282749980522522,0.273147559609521,0.784739788940272,0.997528070348248
"ENSG00000130826",167.960529914832,0.0253920513545876,0.277764729722611,0.0914156789450745,0.927162303916377,0.997528070348248
"ENSG00000130844",246.953567172765,-0.0897582999114264,0.256305424304474,-0.350200547471829,0.726188195926007,0.997528070348248
"ENSG00000130939",277.241532728504,0.0583998711263894,0.246778713760176,0.2366487377965,0.812929306635515,0.997528070348248
"ENSG00000130985",1158.13537010541,-0.0810863467716664,0.209745461536876,-0.386594046791378,0.69905676590132,0.997528070348248
"ENSG00000131018",318.73857758172,0.21005520977232,0.2656718908032,0.790656509189829,0.42914446143353,0.997528070348248
"ENSG00000131037",171.292452213812,0.0466457961254082,0.285768800146178,0.163229142235078,0.870338021721283,0.997528070348248
"ENSG00000131043",113.829848954406,0.0283113398515463,0.301943165973048,0.0937638040599779,0.925296785145485,0.997528070348248
"ENSG00000131051",855.256220409619,-0.0150891827433125,0.225844940790956,-0.0668121353104793,0.946731262416957,0.997528070348248
"ENSG00000131067",116.961671021958,0.174512249748935,0.317304014379089,0.549984374103889,0.582330091232848,0.997528070348248
"ENSG00000131069",139.596278432854,0.145634235989381,0.299927637059304,0.485564576233384,0.627275917260399,0.997528070348248
"ENSG00000131100",223.340382762828,0.12259010402114,0.258305114592989,0.474594179888016,0.635076255427251,0.997528070348248
"ENSG00000131165",255.817067939051,-0.210104277512967,0.250306018865051,-0.839389633799584,0.401250699018525,0.997528070348248
"ENSG00000131174",193.355789523586,0.107812351883994,0.266347450824016,0.404780866309959,0.685638594389056,0.997528070348248
"ENSG00000131238",406.486602543707,0.148727981123501,0.23651139360619,0.628840661144406,0.529453377074957,0.997528070348248
"ENSG00000131368",219.965959325012,0.0870197758341922,0.256222746606049,0.339625489878883,0.734138579834456,0.997528070348248
"ENSG00000131374",209.639651323761,0.111673908060075,0.267150793094365,0.418018253910364,0.675933771152866,0.997528070348248
"ENSG00000131381",184.938827768118,0.0491781429771236,0.267038156375043,0.184161483305236,0.853886774500373,0.997528070348248
"ENSG00000131408",163.577507745537,0.0939400468356276,0.276842957090488,0.339326121288766,0.734364066785346,0.997528070348248
"ENSG00000131446",383.87308764558,0.193079009504288,0.238150736192601,0.810742862235531,0.417513353206347,0.997528070348248
"ENSG00000131467",295.696465674165,-0.0641874075994078,0.24491753694314,-0.262077629885317,0.793261592936032,0.997528070348248
"ENSG00000131475",107.530721058784,-0.10583460899612,0.306818103856116,-0.344942516970094,0.730137586085,0.997528070348248
"ENSG00000131495",104.229806966045,-0.0475542782126048,0.313490947706335,-0.151692667876176,0.879429340435124,0.997528070348248
"ENSG00000131507",636.614001942444,-0.196828432202184,0.223982951032824,-0.878765242151571,0.379528575755573,0.997528070348248
"ENSG00000131508",217.930045596206,0.0806941112168041,0.261454900900249,0.308634915386768,0.75759925800315,0.997528070348248
"ENSG00000131558",220.668613385812,0.174883890183907,0.261834511705785,0.667917644028601,0.504186164042003,0.997528070348248
"ENSG00000131584",201.860663627446,0.238909129846896,0.28008675534828,0.852982603728688,0.393668951401104,0.997528070348248
"ENSG00000131626",242.209825670441,-0.166967454409988,0.258304433299638,-0.646397943221911,0.518021672081903,0.997528070348248
"ENSG00000131653",187.75949274411,-0.198756039844508,0.270089489794472,-0.735889574954413,0.461797902157399,0.997528070348248
"ENSG00000131748",138.098799794381,0.030431942966244,0.286918398362095,0.106064801490487,0.915530937914306,0.997528070348248
"ENSG00000131778",143.380937905258,0.0749724004802567,0.290048926583174,0.258481909805509,0.796035008558584,0.997528070348248
"ENSG00000131779",108.692535877192,-0.0379392725119502,0.308131002833526,-0.123127086086977,0.902006462873915,0.997528070348248
"ENSG00000131788",192.274281043722,0.0385699247937951,0.265119942314935,0.145481039476005,0.884331084789464,0.997528070348248
"ENSG00000131795",161.147075636146,0.217068626847875,0.281333821824718,0.77156960880131,0.440369380013279,0.997528070348248
"ENSG00000131828",186.618482663892,0.231191913727799,0.269134406205192,0.85902028279333,0.390329325873371,0.997528070348248
"ENSG00000131871",195.127233008292,-0.175983199171154,0.269323150576839,-0.653427671532253,0.51348060426061,0.997528070348248
"ENSG00000131873",221.097600837582,-0.0875872444414439,0.257760379982408,-0.339801037100511,0.734006366845971,0.997528070348248
"ENSG00000131966",127.680021481367,0.190661178821745,0.293965590496754,0.648583320583742,0.516607739352213,0.997528070348248
"ENSG00000132002",313.137507520323,-0.0309605070558849,0.241849657108045,-0.128015509412335,0.898136699292527,0.997528070348248
"ENSG00000132024",132.893867402332,0.0139886952831259,0.29239373609921,0.0478419800292146,0.961842179618071,0.997528070348248
"ENSG00000132128",330.573638528195,-0.0313474483870042,0.246635086005144,-0.127100522860524,0.898860837636518,0.997528070348248
"ENSG00000132153",313.040660348811,0.0436741579111077,0.246256353609584,0.177352410489879,0.859231585599071,0.997528070348248
"ENSG00000132155",405.133692102338,-0.0390540472009176,0.237191104027765,-0.164652242591467,0.869217708698302,0.997528070348248
"ENSG00000132256",150.576242249746,-0.227040484681934,0.284856447868962,-0.797034739358876,0.425430855928949,0.997528070348248
"ENSG00000132286",127.233729989894,-0.0662478350658317,0.294085116920361,-0.225267554371927,0.821771138860153,0.997528070348248
"ENSG00000132305",183.53076605715,0.110401107823841,0.266401774526875,0.41441581243185,0.678569610568363,0.997528070348248
"ENSG00000132313",107.875386997492,0.0940908867105363,0.306050256748586,0.307436065272868,0.758511480384415,0.997528070348248
"ENSG00000132329",127.948335681727,0.123890954419891,0.302037594608097,0.410183886481558,0.681671060251468,0.997528070348248
"ENSG00000132341",308.411680315113,0.115342032795046,0.243900011342665,0.472907041537598,0.63627950099392,0.997528070348248
"ENSG00000132359",265.56645900118,-0.181392907308292,0.265721706305369,-0.682642414992752,0.494832825443799,0.997528070348248
"ENSG00000132361",243.333034699832,0.029201150006382,0.251668163080057,0.116030369709867,0.907628472798407,0.997528070348248
"ENSG00000132376",148.936718074959,-0.244053329153726,0.288870414206485,-0.844854014642274,0.398192352176449,0.997528070348248
"ENSG00000132382",210.595963068131,0.131993924568768,0.259221245716504,0.509194083239312,0.610616189974735,0.997528070348248
"ENSG00000132383",285.921007496027,0.048550642386436,0.247498065248634,0.196165745124765,0.844480438559188,0.997528070348248
"ENSG00000132424",938.860635438403,-0.158542948386852,0.217196315808628,-0.72995229130196,0.465419347281246,0.997528070348248
"ENSG00000132432",155.621114688307,0.0937528432415013,0.289249605675036,0.324124359729741,0.745843885204833,0.997528070348248
"ENSG00000132463",321.26710693413,-0.148861798257671,0.240221743434886,-0.619684946621086,0.535465228232201,0.997528070348248
"ENSG00000132471",418.185826349241,-0.125598821240681,0.229778950570327,-0.546607167144495,0.584648644068846,0.997528070348248
"ENSG00000132475",1100.12942696783,0.102069024451121,0.21192665865885,0.481624280291359,0.630072874703435,0.997528070348248
"ENSG00000132478",132.341548533455,-0.123581562579543,0.29293489676199,-0.421873815464033,0.67311712331895,0.997528070348248
"ENSG00000132485",367.103013455425,-0.124822185458021,0.238618390925681,-0.523103793357225,0.600902025883365,0.997528070348248
"ENSG00000132507",320.008032998718,-0.077946374168567,0.256563668293327,-0.303809088352493,0.761273342322976,0.997528070348248
"ENSG00000132510",339.186018968709,-0.211086793370331,0.249417766716729,-0.84631819195971,0.397375261971691,0.997528070348248
"ENSG00000132530",292.137314538817,0.0420864546555536,0.362710393995436,0.116033219208169,0.907626214481277,0.997528070348248
"ENSG00000132561",466.969658079827,0.192871743318806,0.22651350279011,0.851480114620463,0.394502704983637,0.997528070348248
"ENSG00000132581",132.472903945679,-0.103249298105676,0.299928436520643,-0.344246445263518,0.730660956065196,0.997528070348248
"ENSG00000132589",550.933195482913,0.0289868714387395,0.223513259345495,0.129687480392083,0.896813688110867,0.997528070348248
"ENSG00000132591",109.592743696104,-0.0393173273433583,0.315855388501549,-0.124478887410735,0.900936115761966,0.997528070348248
"ENSG00000132600",133.366756653919,-0.0883354154443912,0.291927497088902,-0.30259367933912,0.762199531943554,0.997528070348248
"ENSG00000132604",104.370818890185,-0.218112792199026,0.310387644048401,-0.702710937053324,0.48223591035243,0.997528070348248
"ENSG00000132612",224.050300877222,0.0512509365459799,0.25644611211967,0.199850705952851,0.841597343557329,0.997528070348248
"ENSG00000132635",193.284109776426,0.158389797747825,0.2640072973217,0.599944771809936,0.548543042893372,0.997528070348248
"ENSG00000132640",153.413727241622,0.0943988166509097,0.285411740099646,0.33074608850341,0.740836286082273,0.997528070348248
"ENSG00000132676",281.580802862118,-0.0385844276944234,0.249384785143204,-0.154718451136733,0.877043283250359,0.997528070348248
"ENSG00000132680",304.715587057133,0.0686953746342189,0.242996442369779,0.282701153828754,0.777405931686479,0.997528070348248
"ENSG00000132694",267.746122297501,-0.161038417335445,0.259523268781526,-0.62051629548105,0.534917928968019,0.997528070348248
"ENSG00000132698",132.508255492382,-0.24941093338466,0.30893489376424,-0.807325227479788,0.419479133291189,0.997528070348248
"ENSG00000132716",350.885778403183,-0.0539053492132723,0.239415055023041,-0.225154383913261,0.82185917468414,0.997528070348248
"ENSG00000132780",225.05506687898,0.137122187950334,0.25541018386249,0.536870479777575,0.591357083389298,0.997528070348248
"ENSG00000132792",109.254485415153,0.246723319498589,0.309129024346211,0.798124084337904,0.424798486332212,0.997528070348248
"ENSG00000132793",111.51557923945,0.171561567208826,0.307156903902513,0.55854700001559,0.576470919720219,0.997528070348248
"ENSG00000132823",112.670288847846,0.194522984860287,0.303689772260966,0.640531893491393,0.521826861246915,0.997528070348248
"ENSG00000132824",613.794862402163,0.0958744674614177,0.232651062901811,0.412095548868741,0.680269391053893,0.997528070348248
"ENSG00000132842",146.700052227465,-0.0472881762191257,0.293445578653195,-0.161148027638245,0.871976813937759,0.997528070348248
"ENSG00000132879",123.597707208646,0.166742278130302,0.304415401453391,0.547745867437103,0.583866412879228,0.997528070348248
"ENSG00000132932",139.57989963187,-0.370669068652714,0.420329458918373,-0.881853652624184,0.377855953271055,0.997528070348248
"ENSG00000132963",144.867384511147,0.0413998618680304,0.28271355145131,0.14643748647882,0.883576036326334,0.997528070348248
"ENSG00000132967",140.099381827911,0.0403174099448252,0.306614711322471,0.131492092375251,0.895386041633035,0.997528070348248
"ENSG00000132970",171.947801661434,-0.244299120387227,0.283240358398523,-0.862515221236569,0.388404060688227,0.997528070348248
"ENSG00000133026",444.165831008559,0.0714216229927756,0.238842959235212,0.299031728720292,0.764915836524291,0.997528070348248
"ENSG00000133030",464.386160559878,0.176909814407702,0.23574195055825,0.750438409408124,0.45299070520024,0.997528070348248
"ENSG00000133056",126.658974939837,0.101241421331322,0.292577677523169,0.346032623501513,0.729318197463323,0.997528070348248
"ENSG00000133065",190.516159325123,0.0493638269767995,0.322296635541205,0.153162712647952,0.878269961667695,0.997528070348248
"ENSG00000133103",113.640660884473,-0.178312396564054,0.304359828297704,-0.585860484812869,0.557969273591636,0.997528070348248
"ENSG00000133110",325.329213598915,0.221277822499225,0.257432242109874,0.859557531277617,0.390032993814635,0.997528070348248
"ENSG00000133121",146.716121216456,-0.131467446180258,0.284596267036977,-0.461943677438248,0.644121710958511,0.997528070348248
"ENSG00000133131",133.255150612639,-0.0735859456794236,0.301562674560849,-0.244015429915467,0.807218869730895,0.997528070348248
"ENSG00000133226",410.711564505724,-0.113419894443017,0.25940394397898,-0.437232729399857,0.661942575869715,0.997528070348248
"ENSG00000133243",266.511708280966,0.0257458085972397,0.261125530559393,0.0985955243138656,0.92145942378691,0.997528070348248
"ENSG00000133275",143.189774594081,-0.0979412867384701,0.286831559540427,-0.341459241428647,0.732757883630327,0.997528070348248
"ENSG00000133422",165.390138518601,0.0505933581898148,0.274414750017471,0.184368217038602,0.853724601522351,0.997528070348248
"ENSG00000133460",111.785483750083,0.0509484375787448,0.304006539658061,0.167589939466599,0.86690588639876,0.997528070348248
"ENSG00000133606",375.963833386148,0.111240989100471,0.23388106265303,0.475630595477074,0.634337574391045,0.997528070348248
"ENSG00000133612",297.107717131622,-0.0541510628268524,0.24190974703059,-0.223848205752557,0.822875418811155,0.997528070348248
"ENSG00000133624",122.258649380329,0.0317109303322384,0.297142451356295,0.106719622818938,0.915011414751788,0.997528070348248
"ENSG00000133639",417.999237277263,-0.0551496520106176,0.23966901378041,-0.230107560175246,0.818008190344533,0.997528070348248
"ENSG00000133704",200.82755959532,-0.0873000341302066,0.282404092724867,-0.309131618057884,0.757221408566078,0.997528070348248
"ENSG00000133706",519.812971167084,-0.0388696739854143,0.223979955750189,-0.173540859293529,0.862226314002843,0.997528070348248
"ENSG00000133835",688.5447330584,0.0411197514721563,0.218795347822145,0.187937046566374,0.850926001185354,0.997528070348248
"ENSG00000133884",169.642900788741,0.22908962367648,0.271590677842829,0.843510629658121,0.39894292339735,0.997528070348248
"ENSG00000133895",123.282391254204,-0.0540277410258147,0.300813240090026,-0.179605595184725,0.857462211795464,0.997528070348248
"ENSG00000133935",114.922927100376,-0.268821431230352,0.306145314203664,-0.878084421868752,0.379897906260194,0.997528070348248
"ENSG00000133943",162.313486876378,0.234784772300449,0.277685110375951,0.845507243735826,0.397827689995109,0.997528070348248
"ENSG00000133961",309.386793504482,-0.0271013871814217,0.241692076875259,-0.112131880911467,0.910718839511409,0.997528070348248
"ENSG00000134046",193.494138768883,-0.00773086532205081,0.271079220464702,-0.028518841498799,0.977248340797548,0.997528070348248
"ENSG00000134049",110.740259427745,-0.0546964435839862,0.304898609808353,-0.179392236712283,0.857629726717724,0.997528070348248
"ENSG00000134086",179.36436321236,-0.0441400984408126,0.276511586819571,-0.159632002942484,0.873170967541111,0.997528070348248
"ENSG00000134108",250.428350163809,0.0842512494329945,0.257303120376324,0.327439672359087,0.743335364537853,0.997528070348248
"ENSG00000134153",166.316534029104,-0.0734882992045379,0.275098541732896,-0.267134455681304,0.789365639433855,0.997528070348248
"ENSG00000134186",316.843798534734,0.0944227574949875,0.248393482320414,0.380133796639588,0.703846099393077,0.997528070348248
"ENSG00000134243",423.11969323111,0.176959758000723,0.254304928108498,0.695856581769519,0.486518650460975,0.997528070348248
"ENSG00000134248",151.999313931528,0.0332308810224005,0.284953493723,0.116618612350491,0.907162287842519,0.997528070348248
"ENSG00000134250",910.728535435798,-0.102452098608929,0.230362243034899,-0.444743449530522,0.656505165800848,0.997528070348248
"ENSG00000134265",145.599333474872,-0.120652321063204,0.285690694389838,-0.4223179943641,0.672792925599953,0.997528070348248
"ENSG00000134283",125.550476556007,0.0983775972748541,0.294320770280841,0.334252989284385,0.738188661380897,0.997528070348248
"ENSG00000134285",126.157121382187,-0.0510672715320127,0.30077264862787,-0.169786952919364,0.86517768800906,0.997528070348248
"ENSG00000134291",297.442103651213,-0.107183367236241,0.261882906485582,-0.409279737553784,0.682334383635544,0.997528070348248
"ENSG00000134294",451.112895895679,-0.00900271250312589,0.231876089972981,-0.0388255317923245,0.969029488751268,0.997528070348248
"ENSG00000134308",742.226486769221,-0.0818128022231289,0.226105031824209,-0.361835389345675,0.717475044598883,0.997528070348248
"ENSG00000134313",321.014326997584,-0.159560201320502,0.245346058706664,-0.650347522033245,0.515467766945931,0.997528070348248
"ENSG00000134318",188.077723300874,-0.161027924614222,0.289123371835322,-0.556952291999208,0.57756002541742,0.997528070348248
"ENSG00000134324",125.384342715464,0.273075506588576,0.306257750256598,0.891652558538617,0.372579189458929,0.997528070348248
"ENSG00000134330",105.826753582558,-0.0974594402389246,0.309663091342527,-0.314727337431125,0.752968686015855,0.997528070348248
"ENSG00000134352",529.102526641507,0.0505026796151421,0.227232641168373,0.222250990682809,0.824118501726312,0.997528070348248
"ENSG00000134375",116.590678242453,0.230637283264352,0.312061111215237,0.739077299206549,0.459860060500252,0.997528070348248
"ENSG00000134419",158.251015425874,0.179483025093051,0.281949894274395,0.636577735043862,0.524399931746728,0.997528070348248
"ENSG00000134440",475.184989226912,-0.0217905228934216,0.227915945501281,-0.0956077155790715,0.923832137129834,0.997528070348248
"ENSG00000134452",260.319849087677,-0.130280927167232,0.247900973694165,-0.525536165614094,0.599210519020154,0.997528070348248
"ENSG00000134480",114.879586383268,-0.189916783687534,0.324859234745462,-0.584612544064939,0.55880827114133,0.997528070348248
"ENSG00000134590",225.151110532981,0.207884430246373,0.258607780794081,0.803859921028065,0.421477879012864,0.997528070348248
"ENSG00000134644",459.104646109045,-0.211099761981456,0.235132604989857,-0.897790257504109,0.369297379634827,0.997528070348248
"ENSG00000134686",267.461763064885,0.0845707349083878,0.251751470452715,0.335929457557119,0.736924062677376,0.997528070348248
"ENSG00000134697",142.633486714868,0.0916875832332369,0.283680093116673,0.323207674623567,0.74653796906438,0.997528070348248
"ENSG00000134698",174.543726751506,0.0995099421090841,0.273436700712554,0.363923137785708,0.715915406208202,0.997528070348248
"ENSG00000134744",168.422489079011,-0.165902417148494,0.276058626074458,-0.600968060689206,0.547861259654291,0.997528070348248
"ENSG00000134748",132.645003998259,0.117061690638407,0.290491304677746,0.40297829488655,0.686964192007141,0.997528070348248
"ENSG00000134759",429.676778284539,-0.105819213528892,0.233192268150957,-0.453785257838781,0.649983395306879,0.997528070348248
"ENSG00000134779",113.012939299335,-0.053708360935716,0.303692777060653,-0.176850965819939,0.859625455008188,0.997528070348248
"ENSG00000134825",183.976896967263,0.1063698824106,0.271026110397433,0.392470977259787,0.694710251512008,0.997528070348248
"ENSG00000134851",318.569639904653,-0.00882276802135267,0.24170105547133,-0.036502811310227,0.97088143710348,0.997528070348248
"ENSG00000134882",146.555284656882,-0.116959627763953,0.285887141952674,-0.409111186201282,0.682458067477662,0.997528070348248
"ENSG00000134884",657.714282667645,0.194889108674743,0.230194718047235,0.846627196001746,0.397202950280791,0.997528070348248
"ENSG00000134900",170.155477004667,-0.102404850622938,0.27686223174526,-0.369876562712824,0.711474465206749,0.997528070348248
"ENSG00000134905",191.278410176808,-0.0166093325711214,0.265541794926126,-0.0625488449972332,0.950125765375937,0.997528070348248
"ENSG00000134910",742.946337514075,-0.106637815055012,0.216214164160631,-0.493204575514248,0.621868045230975,0.997528070348248
"ENSG00000135018",475.616535117453,-0.177671498353025,0.231793128934843,-0.766508908911482,0.443373552984088,0.997528070348248
"ENSG00000135048",244.310780388999,0.141703716698252,0.271445642719299,0.522033491783796,0.60164701182777,0.997528070348248
"ENSG00000135063",211.035426894547,0.0214507827419757,0.270310413520085,0.0793561093804543,0.936749378137102,0.997528070348248
"ENSG00000135108",279.769804535995,-0.189807779740277,0.255919115123929,-0.741670975410972,0.458286709338652,0.997528070348248
"ENSG00000135111",910.200458549977,-0.179461399739757,0.246168594178082,-0.729018258153321,0.465990494027867,0.997528070348248
"ENSG00000135124",137.531201279988,0.0297037279753268,0.295935322391254,0.100372364256186,0.920048709076491,0.997528070348248
"ENSG00000135148",186.558732495112,0.151438561502986,0.26664592437244,0.56793878196114,0.570076536989002,0.997528070348248
"ENSG00000135164",296.155131791189,0.0214952132248022,0.242111875494411,0.0887821515607499,0.929255042660007,0.997528070348248
"ENSG00000135213",155.593449165139,-0.235308862185217,0.279472406535601,-0.841975295887547,0.3998017816077,0.997528070348248
"ENSG00000135241",132.267834412748,-0.118237301844963,0.291931235200789,-0.405017646582559,0.685464539703833,0.997528070348248
"ENSG00000135250",157.339974933749,-0.161928872207918,0.280247729817015,-0.57780618709614,0.563394977647125,0.997528070348248
"ENSG00000135316",389.087924945431,-0.124878903283945,0.236756341771595,-0.527457479489265,0.597875936737376,0.997528070348248
"ENSG00000135317",190.674497134056,-0.0546906584151506,0.264152470197676,-0.207042010147485,0.835977049888306,0.997528070348248
"ENSG00000135365",235.953394259567,0.0192934477875309,0.258647838127182,0.074593501060094,0.94053814512124,0.997528070348248
"ENSG00000135372",167.746797543106,0.232579774288412,0.271925317888588,0.855307538460628,0.392380915305829,0.997528070348248
"ENSG00000135414",126.60241034961,-0.238627606622282,0.318847608970405,-0.748406448437349,0.454215034159676,0.997528070348248
"ENSG00000135452",117.864875855122,-0.201539484250952,0.302183892959052,-0.666943172508081,0.504808432898354,0.997528070348248
"ENSG00000135457",206.325395296355,0.11107189819266,0.263999049750546,0.420728401475734,0.673953419390423,0.997528070348248
"ENSG00000135473",320.210328661168,0.124294336127826,0.247130353537299,0.502950505062368,0.614999071100711,0.997528070348248
"ENSG00000135486",556.079886665343,0.188635293803758,0.227223991540662,0.830173312794752,0.406440801562648,0.997528070348248
"ENSG00000135503",234.443133193932,0.104174342842169,0.25694829086408,0.405429211036377,0.685162042731963,0.997528070348248
"ENSG00000135506",896.3263586135,-0.0697193714787851,0.216837432389207,-0.321528302150544,0.747810067918956,0.997528070348248
"ENSG00000135535",1135.42881707075,-0.181251858303856,0.216746380183387,-0.836239378717656,0.403020249198363,0.997528070348248
"ENSG00000135541",145.502766648886,-0.139224456228219,0.292603198349749,-0.475813172970868,0.63420748423773,0.997528070348248
"ENSG00000135597",147.380943253804,-0.115191394969623,0.281861544358213,-0.408680777052823,0.682773942596955,0.997528070348248
"ENSG00000135624",472.647082210897,-0.0224820468291135,0.229949916719517,-0.0977693192928446,0.922115470291387,0.997528070348248
"ENSG00000135631",128.716137087107,0.0445321371305677,0.296359834426897,0.150263740080312,0.880556539356971,0.997528070348248
"ENSG00000135655",141.728044957724,-0.163857003409746,0.293004101055797,-0.55923109205404,0.576004016210617,0.997528070348248
"ENSG00000135677",582.980073168424,-0.0190811125457752,0.24506813897379,-0.0778604376141114,0.937939070044605,0.997528070348248
"ENSG00000135686",299.361375504598,-0.153988132508316,0.251510091651154,-0.612254289668419,0.540369527432012,0.997528070348248
"ENSG00000135709",161.103665179029,-0.122415000869547,0.292736137799997,-0.418175226979266,0.675819006852936,0.997528070348248
"ENSG00000135720",566.503664742457,-0.177264044520281,0.22407197446392,-0.791103148639519,0.428883801958723,0.997528070348248
"ENSG00000135749",115.505133926954,0.0298363506617924,0.311150415131001,0.0958904414420614,0.923607586220931,0.997528070348248
"ENSG00000135766",146.459918157221,-0.115320871896254,0.297301470511297,-0.387892033288385,0.69809593397804,0.997528070348248
"ENSG00000135823",139.974156393978,-0.179913655145823,0.285701681118953,-0.629725574036489,0.528874147315665,0.997528070348248
"ENSG00000135829",454.090190093435,-0.109024765421186,0.228930144194611,-0.476235953132081,0.633906288218405,0.997528070348248
"ENSG00000135842",919.912994861995,-0.159112800017327,0.212466018687741,-0.748885873609622,0.453925995359886,0.997528070348248
"ENSG00000135862",739.826472553623,-0.0973630923029487,0.250493501753731,-0.388685102093666,0.697509104310675,0.997528070348248
"ENSG00000135870",159.361121453114,-0.142798756456958,0.280387706910282,-0.509290360945282,0.610548713324698,0.997528070348248
"ENSG00000135924",364.949152819925,-0.201365370563579,0.240082499940889,-0.838734062720764,0.401618559220952,0.997528070348248
"ENSG00000135926",495.599566568503,0.115262273613597,0.241356011419765,0.477561229718589,0.632962531028727,0.997528070348248
"ENSG00000135930",177.78548569147,-0.0484835948975583,0.274430899950328,-0.17666959116606,0.859767927843321,0.997528070348248
"ENSG00000135932",504.133879785132,-0.164415072222332,0.230194671723991,-0.714243605166803,0.475076557600644,0.997528070348248
"ENSG00000135956",301.665994249257,0.0625101900539314,0.253042259364803,0.247034587071926,0.804881456804567,0.997528070348248
"ENSG00000135999",140.087714663016,-0.236556499321714,0.299450286236506,-0.789969187522769,0.429545763265902,0.997528070348248
"ENSG00000136021",195.038046284466,-0.11035523186095,0.272299109416189,-0.405272099852081,0.685277512391158,0.997528070348248
"ENSG00000136045",117.612479843613,0.266184866202806,0.302795394927552,0.879091527354618,0.379351651280244,0.997528070348248
"ENSG00000136051",152.146704144888,-0.181499390724398,0.282338404588713,-0.642843438138679,0.520325694006597,0.997528070348248
"ENSG00000136100",269.090021214259,-0.175888596112303,0.25076439682999,-0.701409762852217,0.483047331011525,0.997528070348248
"ENSG00000136141",141.129145727559,0.0520325898455045,0.304088828936755,0.171109836646865,0.864137401416773,0.997528070348248
"ENSG00000136143",105.293490805306,-0.21418532477982,0.308906369513992,-0.693366488741564,0.488079587007719,0.997528070348248
"ENSG00000136144",145.312887691541,-0.0775258388478667,0.288553197020562,-0.268670871258246,0.78818296919817,0.997528070348248
"ENSG00000136147",114.378159995989,0.0515532084134144,0.303884280585908,0.169647499745681,0.865287364555867,0.997528070348248
"ENSG00000136156",1792.26316095062,-0.111785986117996,0.205813265248915,-0.543142765762936,0.58703150964606,0.997528070348248
"ENSG00000136161",107.5948731987,0.105936380776901,0.306916096409529,0.345163978091087,0.729971097820771,0.997528070348248
"ENSG00000136167",1865.84122526814,-0.062228155702588,0.212228842423481,-0.293212529418683,0.769359707676445,0.997528070348248
"ENSG00000136238",577.42552747073,0.116321834021553,0.224770939754446,0.517512780560647,0.604798249542746,0.997528070348248
"ENSG00000136270",108.250072296669,0.0911619607956144,0.307817402693691,0.296155967784348,0.767110973826064,0.997528070348248
"ENSG00000136271",192.882594724799,0.103574718611156,0.267751812036681,0.386831065019895,0.698881277597344,0.997528070348248
"ENSG00000136279",407.496808901749,-0.0116525187639582,0.235207786375805,-0.0495413818713478,0.960487859705233,0.997528070348248
"ENSG00000136295",275.052047753679,-0.174626322651515,0.253316163978529,-0.689361152122595,0.490596023873926,0.997528070348248
"ENSG00000136379",146.912495025657,0.0481446492927886,0.29268986311733,0.164490320163527,0.869345166350989,0.997528070348248
"ENSG00000136436",348.683059499483,0.137057155981284,0.238031740088326,0.575793614458417,0.564754690166927,0.997528070348248
"ENSG00000136444",140.605781577556,0.017630283899254,0.293214066219348,0.0601276880286673,0.952053937994559,0.997528070348248
"ENSG00000136448",294.108444019068,0.1526875724498,0.245444766603476,0.62208526408091,0.533885804038349,0.997528070348248
"ENSG00000136450",682.551296228291,-0.0827374437077837,0.218886524146908,-0.377992405106919,0.70543623600684,0.997528070348248
"ENSG00000136478",227.278233825478,0.0294439765016971,0.256669403546057,0.114715568333853,0.90867057364943,0.997528070348248
"ENSG00000136504",134.087596318004,-0.034203878300081,0.289463290445835,-0.118163095041861,0.905938430937298,0.997528070348248
"ENSG00000136521",121.20855717445,0.118976331543067,0.307278653438981,0.387193611438722,0.698612879347128,0.997528070348248
"ENSG00000136527",446.184634396101,-0.10883511216588,0.232600314391216,-0.467906126656507,0.639851721991872,0.997528070348248
"ENSG00000136536",266.016897033779,-0.169428798138739,0.248509589708198,-0.681779718592285,0.49537825054598,0.997528070348248
"ENSG00000136628",334.140782188862,-0.180433404610432,0.243441732451253,-0.741176965812806,0.458586147773652,0.997528070348248
"ENSG00000136643",287.045663735639,-0.179432483605158,0.270431055446565,-0.663505466518479,0.507006879587615,0.997528070348248
"ENSG00000136699",194.696248767079,-0.110037419101926,0.275703544959634,-0.399114995485592,0.689808473557764,0.997528070348248
"ENSG00000136709",232.629638413668,0.0496900422971784,0.255355262869845,0.194591808050988,0.84571251669566,0.997528070348248
"ENSG00000136710",102.742497270508,0.193239420567962,0.339024457996536,0.569986666183052,0.568686741770045,0.997528070348248
"ENSG00000136715",156.016965546879,-0.0808225948966905,0.279721573312428,-0.288939440528664,0.772627721136267,0.997528070348248
"ENSG00000136717",191.086997160278,0.242703406243515,0.282964601313729,0.857716495691362,0.391049029103514,0.997528070348248
"ENSG00000136718",132.258913098529,-0.0970766476982866,0.289829972170997,-0.33494343932453,0.737667752952912,0.997528070348248
"ENSG00000136720",119.203770107962,0.0160284657885847,0.307150759170815,0.0521843599926472,0.958381794870752,0.997528070348248
"ENSG00000136754",203.765135109764,-0.00751228782538397,0.267768931181845,-0.0280551137588188,0.977618193999184,0.997528070348248
"ENSG00000136758",441.744621410881,-0.178494455664381,0.228106486324938,-0.782504954331355,0.433917874884469,0.997528070348248
"ENSG00000136807",196.697155534759,0.0671917893050887,0.264279078463152,0.254245586505847,0.799305834419238,0.997528070348248
"ENSG00000136810",139.762388325753,0.196087096226237,0.291972203957264,0.671595081889843,0.50184151009575,0.997528070348248
"ENSG00000136811",265.404894954715,0.0359007520941182,0.253694961961542,0.141511490084539,0.88746588361068,0.997528070348248
"ENSG00000136813",685.520407949887,-0.182972913408825,0.221336386218954,-0.826673447301257,0.408422175231418,0.997528070348248
"ENSG00000136819",158.12922589238,0.132479043791356,0.287529922027118,0.460748720889164,0.644978895771021,0.997528070348248
"ENSG00000136826",155.281901735637,-0.233481889711624,0.29058209783649,-0.803497157773992,0.421687438883436,0.997528070348248
"ENSG00000136827",149.155408108991,-0.0443147500571317,0.282564908488286,-0.156830337830038,0.875378562568957,0.997528070348248
"ENSG00000136830",641.554729215997,-0.100884611517325,0.22354927779853,-0.451285785893907,0.651783588031842,0.997528070348248
"ENSG00000136854",143.749135082241,0.0270148640520213,0.303845135676452,0.0889099770903951,0.929153454385552,0.997528070348248
"ENSG00000136861",222.205720900084,-0.0499037847794123,0.257916649966426,-0.193488031059292,0.846576778778537,0.997528070348248
"ENSG00000136868",213.56252838877,-0.130107209570984,0.274567547374211,-0.473862300243589,0.635598104544393,0.997528070348248
"ENSG00000136870",145.313964113749,-0.171595404173302,0.292463597184968,-0.586723974624359,0.557389103433805,0.997528070348248
"ENSG00000136874",110.352542702818,-0.230693824513493,0.308745891135797,-0.747196419893492,0.454945004830419,0.997528070348248
"ENSG00000136875",108.360013440968,-0.258885819252765,0.309486544169864,-0.836501050303089,0.402873086126341,0.997528070348248
"ENSG00000136877",143.179457317146,0.150639044184832,0.285056829144591,0.528452676039634,0.597185184922478,0.997528070348248
"ENSG00000136878",210.131264384496,0.0674333572947799,0.25862369313655,0.260739286787526,0.79429356721314,0.997528070348248
"ENSG00000136930",263.971289972427,0.0378868388312856,0.247551546753965,0.153046261791046,0.878361793363632,0.997528070348248
"ENSG00000136935",128.204602257968,0.0193452870972031,0.295373363813698,0.0654943521224372,0.94778040303633,0.997528070348248
"ENSG00000136937",144.464212717329,0.0272973485001081,0.29205873596309,0.0934652696146637,0.925533939715756,0.997528070348248
"ENSG00000136986",236.579057397376,0.0201254940887576,0.257242052461789,0.0782356302018196,0.93764062006237,0.997528070348248
"ENSG00000137038",115.135296689603,0.226808273770779,0.305435048963841,0.742574483642934,0.45773934164316,0.997528070348248
"ENSG00000137040",102.370778667148,-0.250517273249048,0.314721602152517,-0.795996434739948,0.426034107662735,0.997528070348248
"ENSG00000137055",124.355041579983,-0.0302811465090678,0.299925001837747,-0.100962395010501,0.919580312026414,0.997528070348248
"ENSG00000137073",179.440137193789,-0.16622069998752,0.270724702774026,-0.613984236696214,0.539225743799832,0.997528070348248
"ENSG00000137075",203.361009680582,-0.114675084479303,0.272346032152215,-0.421063907460238,0.673708416097515,0.997528070348248
"ENSG00000137100",139.994938720138,0.0778586510303685,0.288441976707477,0.269928295177816,0.787215418473335,0.997528070348248
"ENSG00000137103",149.467462969914,-0.0811348312969681,0.298901978142698,-0.271442938588495,0.786050381007584,0.997528070348248
"ENSG00000137106",252.343506825412,-0.0401542762269229,0.254002530765795,-0.158086126566776,0.874388932539682,0.997528070348248
"ENSG00000137161",181.855795460838,0.115622450570525,0.278220866718327,0.41557792531637,0.677718882546145,0.997528070348248
"ENSG00000137166",301.107476763338,0.0813450153319464,0.241908806661368,0.336263141696266,0.736672441891476,0.997528070348248
"ENSG00000137171",111.204783026415,-0.0207719273323539,0.306535093988061,-0.0677636190431199,0.945973804962066,0.997528070348248
"ENSG00000137177",293.680378167479,-0.120478687189752,0.252649737274354,-0.476860528293063,0.633461440864625,0.997528070348248
"ENSG00000137193",214.725941040832,0.0717361092062497,0.309395462973547,0.231858956549673,0.816647563795403,0.997528070348248
"ENSG00000137198",256.245560078166,-0.117205115493886,0.330630597125712,-0.354489622293856,0.722971979978019,0.997528070348248
"ENSG00000137200",245.619100444682,0.0803495582917884,0.254458310542684,0.315767082318618,0.752179305195319,0.997528070348248
"ENSG00000137203",102.682906636977,-0.241050317595801,0.322082182452783,-0.748412457218552,0.454211410906731,0.997528070348248
"ENSG00000137207",394.925031697135,-0.194007195200274,0.233557131332793,-0.830662690936358,0.406164208565389,0.997528070348248
"ENSG00000137216",207.010477989078,-0.234314614676693,0.277602056213625,-0.844066567346961,0.398632208655744,0.997528070348248
"ENSG00000137269",107.17005668628,-0.0131224584689636,0.31761515770465,-0.0413155926303938,0.967044302562557,0.997528070348248
"ENSG00000137275",153.074868563449,0.0992156855634131,0.282305059395718,0.35144848546387,0.725251913159704,0.997528070348248
"ENSG00000137343",124.81200988013,-0.0512065065168128,0.306018430448847,-0.167331446154098,0.867109262488956,0.997528070348248
"ENSG00000137393",263.416678980265,-0.00774765096576214,0.260813940765536,-0.0297056627533842,0.976301795692089,0.997528070348248
"ENSG00000137409",686.784400728474,0.113926453611102,0.222349399033565,0.512375810801738,0.608388016873831,0.997528070348248
"ENSG00000137413",111.183904891745,0.0468401478410224,0.306492033569034,0.15282664053476,0.878534988405098,0.997528070348248
"ENSG00000137414",165.274095194974,0.0925623109000101,0.281231883044537,0.329131640047197,0.742056190010953,0.997528070348248
"ENSG00000137449",127.460294120691,-0.0266812309693174,0.311944930019753,-0.0855318628439574,0.931838565390132,0.997528070348248
"ENSG00000137460",126.944528170203,-0.176177456451393,0.357283420131909,-0.49310280445241,0.621939949394118,0.997528070348248
"ENSG00000137486",125.350579632842,0.081189716478682,0.301187589755948,0.269565278385042,0.78749471556838,0.997528070348248
"ENSG00000137501",156.841791208096,0.240568193584509,0.327963438541949,0.733521378645196,0.463240493565795,0.997528070348248
"ENSG00000137504",353.441290941432,-0.108192177620587,0.246060017907909,-0.439698324581443,0.660155616204131,0.997528070348248
"ENSG00000137509",260.595554541158,0.101807240915399,0.248522841725981,0.409649431852428,0.682063129957655,0.997528070348248
"ENSG00000137642",770.583450091302,-0.122561099843815,0.230679622874876,-0.531304405288947,0.595207853173908,0.997528070348248
"ENSG00000137710",223.074662509064,-0.0255947630115579,0.25917454461216,-0.0987549261439197,0.921332857206957,0.997528070348248
"ENSG00000137767",121.017113948153,0.0613393658051047,0.309901729803151,0.19793166641589,0.843098528064184,0.997528070348248
"ENSG00000137770",110.353569008872,0.0802847660697931,0.314880099376603,0.254969323970426,0.798746792277828,0.997528070348248
"ENSG00000137776",401.325180139189,0.0189359690869872,0.236028910958532,0.0802273289746018,0.936056454834189,0.997528070348248
"ENSG00000137801",2070.48318370707,0.288593684596475,0.611088753630222,0.472261488829667,0.636740155147087,0.997528070348248
"ENSG00000137802",121.304030916102,0.136942280865599,0.300857559183819,0.455173143188099,0.648984680311412,0.997528070348248
"ENSG00000137815",228.646075801532,0.0405037950885777,0.255627484598333,0.158448514064211,0.874103387879763,0.997528070348248
"ENSG00000137822",130.878465680871,0.127372690392856,0.290336569444248,0.438707017296057,0.66087384177378,0.997528070348248
"ENSG00000137824",120.663954318318,0.197789054794661,0.30008861595317,0.659102159428557,0.509830169092452,0.997528070348248
"ENSG00000137831",223.738703501584,0.127559256761609,0.267941677068043,0.476070979914095,0.634023810827175,0.997528070348248
"ENSG00000137857",109.693621903496,0.203698216333553,0.395194199775494,0.51543827426939,0.606246792543386,0.997528070348248
"ENSG00000137871",171.016462100081,-0.047265811587087,0.277994005680396,-0.170024571110456,0.8649908130346,0.997528070348248
"ENSG00000137941",130.958989308927,-0.0574456313843708,0.298210890435456,-0.192634250548285,0.847245419223352,0.997528070348248
"ENSG00000137955",175.638298919713,0.173492923957601,0.276671243247225,0.627072484734429,0.530611722441113,0.997528070348248
"ENSG00000137959",136.915159583874,-0.929823097442566,1.09146116075936,-0.851906719974957,0.394265866793895,0.997528070348248
"ENSG00000138002",178.296924046002,0.0944789844954868,0.268314278535672,0.352120599064302,0.724747820639392,0.997528070348248
"ENSG00000138029",443.281122404919,-0.00658809453311242,0.230210999451115,-0.0286176357724879,0.977169546532213,0.997528070348248
"ENSG00000138031",130.792073367044,0.266659513144596,0.309625081160694,0.861233567206403,0.389109415974366,0.997528070348248
"ENSG00000138032",243.821620958448,0.063610584192586,0.267405662235892,0.237880468426551,0.811973804673086,0.997528070348248
"ENSG00000138069",482.65204380945,-0.0610216104873989,0.228564513567021,-0.266977622794913,0.789486390364888,0.997528070348248
"ENSG00000138071",510.47554678144,-0.0227420180547083,0.226885091815975,-0.100235841291653,0.92015709205251,0.997528070348248
"ENSG00000138073",213.359109918468,-0.0687938099610547,0.26486219757089,-0.259734347113246,0.795068696471771,0.997528070348248
"ENSG00000138081",131.519782968336,-0.194549017717821,0.305411028664725,-0.637007178713884,0.524120167602379,0.997528070348248
"ENSG00000138085",226.512811276248,-0.0791539641168984,0.256279196395767,-0.308858328066014,0.757429297334723,0.997528070348248
"ENSG00000138095",384.25881950186,0.0307339351354993,0.233302164614865,0.131734461985104,0.895194326326718,0.997528070348248
"ENSG00000138101",122.405877561624,-0.0790196389326433,0.303708838914083,-0.260182216675615,0.794723221043968,0.997528070348248
"ENSG00000138107",296.241806686901,0.129735654873598,0.243766653807254,0.532212477987984,0.59457884167172,0.997528070348248
"ENSG00000138162",474.264729303398,-0.192795286030063,0.236125216344319,-0.816495963518475,0.414216531221206,0.997528070348248
"ENSG00000138193",111.127566326393,0.25904358593789,0.329548814374193,0.786055281157084,0.431835101306313,0.997528070348248
"ENSG00000138246",199.618511355421,-0.0854607002295522,0.266303793280448,-0.320914318105685,0.748275323090213,0.997528070348248
"ENSG00000138279",448.287121293072,-0.0406765870909165,0.232441091810775,-0.174997401595542,0.861081675307453,0.997528070348248
"ENSG00000138297",110.540827851572,0.0703729168515576,0.312883902789026,0.22491702584971,0.822043823906259,0.997528070348248
"ENSG00000138363",183.678419648948,0.0437898583444026,0.266619373980831,0.164241096551187,0.869541349986562,0.997528070348248
"ENSG00000138381",118.896866904876,-0.0613057512191726,0.303610428519128,-0.201922415900514,0.839977377659162,0.997528070348248
"ENSG00000138386",105.134613137275,0.254912181155097,0.32363019774522,0.787665004474576,0.430892680628055,0.997528070348248
"ENSG00000138398",227.441416680459,-0.120898407390973,0.269610225841642,-0.448419220797598,0.653850672653701,0.997528070348248
"ENSG00000138413",908.267620750393,-0.159495482886775,0.247287650267668,-0.644979572227462,0.518940423797294,0.997528070348248
"ENSG00000138434",307.94571942255,-0.0457766672153045,0.25364511853984,-0.180475254082662,0.85677947979068,0.997528070348248
"ENSG00000138443",313.523684889854,-0.126486470802081,0.241735732817351,-0.523242754920517,0.600805331928982,0.997528070348248
"ENSG00000138592",152.442080920963,-0.253251311147647,0.289809594957523,-0.873854128897167,0.382197698157099,0.997528070348248
"ENSG00000138594",136.035401495654,-0.158874865748023,0.289186826361682,-0.549384865648482,0.582741358021496,0.997528070348248
"ENSG00000138614",147.051740973779,-0.0946197988260724,0.291941046654947,-0.324105842293243,0.745857903960865,0.997528070348248
"ENSG00000138641",180.715497977066,-0.224387954531051,0.268754249089559,-0.834918723299057,0.403763472003264,0.997528070348248
"ENSG00000138650",107.782183913112,0.102565254051302,0.323319795700594,0.31722540783207,0.751072572120344,0.997528070348248
"ENSG00000138663",120.12976892711,0.0775805203353148,0.305757997293736,0.253731778144742,0.7997027818554,0.997528070348248
"ENSG00000138698",105.314689392174,0.0695181347700387,0.31323925608685,0.221933022184052,0.824366023494657,0.997528070348248
"ENSG00000138709",105.139451550422,-0.106982891211514,0.322901290853236,-0.331317632483975,0.740404573941409,0.997528070348248
"ENSG00000138750",113.304655631774,0.102634051617244,0.314669312928002,0.326164793961741,0.744299676462427,0.997528070348248
"ENSG00000138758",240.278840155861,-0.0364364963208078,0.264030638647837,-0.138001015743505,0.890239614781897,0.997528070348248
"ENSG00000138759",128.62465761341,-0.0614478324406945,0.298790118487569,-0.205655504110156,0.837060018090044,0.997528070348248
"ENSG00000138764",567.410334298407,-0.0284115408885644,0.238295055220365,-0.119228411442657,0.905094398114183,0.997528070348248
"ENSG00000138767",151.715459215304,-0.170614206869154,0.282187720650367,-0.60461244194444,0.545436537721563,0.997528070348248
"ENSG00000138768",409.203686496819,0.02872750858281,0.232299547905233,0.123665796347264,0.901579894285686,0.997528070348248
"ENSG00000138777",178.573235523108,-0.0191584472891262,0.270619615396243,-0.0707947473100731,0.943561112376398,0.997528070348248
"ENSG00000138796",145.460774223583,0.0830351149441405,0.287746935493024,0.288569936641961,0.77291050426271,0.997528070348248
"ENSG00000138801",298.991959225451,-0.138585288109461,0.243888681612972,-0.568231732579466,0.56987762702665,0.997528070348248
"ENSG00000138802",210.894310663155,-0.156624397381728,0.258575095416103,-0.605721123798429,0.544699954469404,0.997528070348248
"ENSG00000138821",123.548810433395,0.109502082161762,0.31866326394907,0.343629450112149,0.731124973971621,0.997528070348248
"ENSG00000138834",517.854881198534,0.0869232603480973,0.223857212146486,0.388297788195527,0.697795673874151,0.997528070348248
"ENSG00000138835",116.095061040115,0.16899817369759,0.329158175810928,0.513425417069588,0.607653769874419,0.997528070348248
"ENSG00000138867",332.303650576357,-0.197875541369863,0.250260042566707,-0.790679723940024,0.429130911000931,0.997528070348248
"ENSG00000138942",180.887378313984,-0.207833574812477,0.289139572902214,-0.718800172271007,0.472264051519031,0.997528070348248
"ENSG00000139182",207.224655191256,0.180707903841797,0.269894219766797,0.669550848469219,0.503144155814379,0.997528070348248
"ENSG00000139192",109.342629476143,0.128464058167593,0.314338020688863,0.408681259384621,0.682773588584954,0.997528070348248
"ENSG00000139197",125.611517755491,0.0610216507142479,0.295460678343267,0.206530530750873,0.836376518686634,0.997528070348248
"ENSG00000139239",550.052827612529,0.176757552166734,0.223052979891288,0.792446495235716,0.4281003778664,0.997528070348248
"ENSG00000139428",121.056679850395,-0.171385365295922,0.328762592072056,-0.521304337624758,0.602154779791564,0.997528070348248
"ENSG00000139433",159.97808314198,0.113092098467349,0.29178121385068,0.38759211730891,0.698317903271089,0.997528070348248
"ENSG00000139505",139.898715167919,-0.130774593209006,0.288376684859543,-0.453485319982443,0.65019931174329,0.997528070348248
"ENSG00000139613",480.433101610683,-0.0616612824515308,0.231318825385444,-0.266564047905679,0.789804839865969,0.997528070348248
"ENSG00000139631",289.629659977083,0.0620855908700416,0.256458530744706,0.242088226465921,0.808711800830289,0.997528070348248
"ENSG00000139641",360.27007760321,0.138680945969875,0.237136373484853,0.584815159023813,0.558672010310087,0.997528070348248
"ENSG00000139645",413.851665913416,-0.0920812709017063,0.231925406387484,-0.397029684397162,0.691345570827755,0.997528070348248
"ENSG00000139651",176.117782211023,0.217381764977412,0.270712855455048,0.802997569553947,0.421976139343215,0.997528070348248
"ENSG00000139679",217.357019436605,0.0971939416492244,0.256969399691754,0.378231578412888,0.705258568702458,0.997528070348248
"ENSG00000139687",163.642058943697,-0.25323487158202,0.28288425665905,-0.895188988502936,0.370686070074409,0.997528070348248
"ENSG00000139697",177.823859176879,-0.0776279457869632,0.274926341521108,-0.282359068823542,0.777668196903484,0.997528070348248
"ENSG00000139718",255.208678085528,-0.0472791532770378,0.263160074980504,-0.179659293988803,0.857420052066709,0.997528070348248
"ENSG00000139722",109.240919439789,0.0993440471356639,0.310343265541509,0.320110207522375,0.748884787996277,0.997528070348248
"ENSG00000139726",195.983656604049,0.0606902401568253,0.282692159161005,0.214686676620061,0.830011610902175,0.997528070348248
"ENSG00000139793",229.05273292003,0.101276246189595,0.269507802263454,0.375782242068797,0.707078790636854,0.997528070348248
"ENSG00000139842",346.619803577319,-0.0533206305908163,0.236128123634121,-0.225812282629393,0.821347423644503,0.997528070348248
"ENSG00000139990",332.998927047543,0.0396703801462264,0.237636855414944,0.166936984908999,0.867419631707238,0.997528070348248
"ENSG00000140105",291.904771916311,-0.12388927558387,0.263266183753793,-0.470585602060198,0.637936691387427,0.997528070348248
"ENSG00000140157",127.195224759982,-0.0252900145058664,0.296900037220064,-0.0851802335313326,0.932118104817433,0.997528070348248
"ENSG00000140181",232.52370260708,0.052199369915516,0.255942080995129,0.203949931611713,0.8383926252382,0.997528070348248
"ENSG00000140259",124.965181154581,0.126583826111105,0.298062779170924,0.424688471546847,0.67106378894794,0.997528070348248
"ENSG00000140262",304.700725065389,-0.161865805903313,0.241025312397958,-0.67157181249103,0.501856327991547,0.997528070348248
"ENSG00000140264",1032.34446011079,-0.119684527079689,0.233443510200091,-0.512691601394717,0.608167065520233,0.997528070348248
"ENSG00000140299",220.749388137672,0.0416256643270842,0.256424947179851,0.162330790295099,0.871045369082784,0.997528070348248
"ENSG00000140319",461.510733925007,0.16949911297772,0.227083938328101,0.746416123595759,0.455416082295,0.997528070348248
"ENSG00000140320",112.42392919037,0.0748034091854927,0.304592982133785,0.245584808492525,0.806003650215091,0.997528070348248
"ENSG00000140332",388.436429407094,-0.208643442071371,0.238367875424577,-0.875300170795829,0.381410601223583,0.997528070348248
"ENSG00000140350",357.027213146689,-0.0251485567652087,0.252033991326421,-0.0997824009089223,0.920517080351201,0.997528070348248
"ENSG00000140367",181.236851051291,-0.166126247039316,0.269663771144609,-0.616049558063286,0.537861812099872,0.997528070348248
"ENSG00000140374",236.505236434828,-0.0511198951086234,0.262076024267066,-0.195057503835338,0.845347930531677,0.997528070348248
"ENSG00000140395",191.446116550074,-0.148671119892931,0.274826186900568,-0.540964169279545,0.588532279753587,0.997528070348248
"ENSG00000140398",182.658929125419,0.0656480699566012,0.281239632502232,0.233423964369887,0.815432206204264,0.997528070348248
"ENSG00000140400",489.078735928539,0.0806071950664928,0.230186750356526,0.350181732622072,0.726202315162654,0.997528070348248
"ENSG00000140450",127.912610984491,-0.041535167520719,0.293589461112517,-0.141473632477566,0.887495788754848,0.997528070348248
"ENSG00000140455",173.92852701459,-0.0838521957020842,0.272595281702601,-0.307606922534948,0.758381452048551,0.997528070348248
"ENSG00000140463",144.079373696319,-0.171308849907473,0.303094352054561,-0.565199743070882,0.571937911425837,0.997528070348248
"ENSG00000140464",220.818500627612,0.0469503252804763,0.26896601253484,0.174558580238441,0.86142649697073,0.997528070348248
"ENSG00000140474",209.992894799623,-0.0786777865484264,0.26423620417109,-0.297755513084359,0.765889770634153,0.997528070348248
"ENSG00000140506",106.877644193021,-0.386889907727362,0.446386966779375,-0.866714166228292,0.38609864159552,0.997528070348248
"ENSG00000140521",142.059187242525,0.118579046958673,0.290723004451093,0.407876381102209,0.683364433688754,0.997528070348248
"ENSG00000140553",285.613991451345,-0.00813096254634708,0.251574214519312,-0.0323203336315014,0.974216593781624,0.997528070348248
"ENSG00000140575",658.467987649005,-0.121282403410987,0.22535367701902,-0.538186929165353,0.590448002956115,0.997528070348248
"ENSG00000140577",188.276103637812,0.248853413118682,0.285980500886008,0.870176156583053,0.384204143973757,0.997528070348248
"ENSG00000140612",198.502125535813,0.124300696589265,0.262131704921322,0.474191767938079,0.63536316314132,0.997528070348248
"ENSG00000140632",233.60670675757,-0.168734498272597,0.2541698697151,-0.663865069694266,0.506776674473779,0.997528070348248
"ENSG00000140688",192.765831743124,-0.113986863326471,0.264216523255405,-0.431414591040869,0.666166942430137,0.997528070348248
"ENSG00000140694",146.732250284807,0.184143666788113,0.281012467333032,0.655286466596094,0.512283332493761,0.997528070348248
"ENSG00000140718",130.36156779175,-0.181210600492341,0.312707241388597,-0.579489620028186,0.562258848509774,0.997528070348248
"ENSG00000140740",418.732017118175,0.0667579116114357,0.232442133065739,0.287202284417839,0.773957437259387,0.997528070348248
"ENSG00000140750",102.854909473575,0.0539779636251295,0.313861743177564,0.171980067015023,0.863453199722336,0.997528070348248
"ENSG00000140829",256.92726284894,0.0605723039023937,0.250320607430492,0.241978894682944,0.808796516930114,0.997528070348248
"ENSG00000140853",171.37897216718,0.291724054609791,0.341813286566448,0.853460254691065,0.39340411944348,0.997528070348248
"ENSG00000140939",194.266962198917,-0.218212985357617,0.317030826999521,-0.688302104318539,0.491262556841493,0.997528070348248
"ENSG00000140941",166.739808284985,0.225733037216465,0.275058609204065,0.82067250274284,0.411832837421929,0.997528070348248
"ENSG00000140943",615.095147435885,-0.0419214389960942,0.221762570952862,-0.189037486425088,0.850063436516658,0.997528070348248
"ENSG00000140948",127.227839422627,-0.0680104901215519,0.293222156785944,-0.231941852099534,0.816583177479265,0.997528070348248
"ENSG00000140983",251.291410289458,0.0428283693542978,0.25156926668557,0.170244839199011,0.864817589801875,0.997528070348248
"ENSG00000140988",496.390238969734,0.172862971221686,0.234368873506944,0.737567957020385,0.460777033152894,0.997528070348248
"ENSG00000140990",164.785784953158,0.0384427767227423,0.277342997429545,0.138610951345574,0.889757588933099,0.997528070348248
"ENSG00000140992",171.237067210116,-0.135336877647706,0.274449418596667,-0.493121385863084,0.62192682082725,0.997528070348248
"ENSG00000140995",160.928279914314,-0.134600196809775,0.274853438965645,-0.48971625502055,0.624334697758398,0.997528070348248
"ENSG00000141030",132.082670993206,0.184022681619469,0.296399347792305,0.620860615889137,0.534691336251066,0.997528070348248
"ENSG00000141076",105.2306607554,-0.0353832934060062,0.31130787132424,-0.11366013090351,0.909507218572653,0.997528070348248
"ENSG00000141084",194.09655840449,-0.221283853751692,0.271719830368563,-0.814382422701872,0.41542590501436,0.997528070348248
"ENSG00000141098",137.823474491533,-0.180735274517817,0.297965563995014,-0.606564302581091,0.544140096486935,0.997528070348248
"ENSG00000141141",104.953612494567,-0.0438827932159622,0.310595887016568,-0.141285815589764,0.887644154729016,0.997528070348248
"ENSG00000141252",231.431659880484,-0.0474716745264357,0.257447285721975,-0.184393765866702,0.853704560086539,0.997528070348248
"ENSG00000141258",692.33107849353,-0.136610160711487,0.231214033697563,-0.590838534006019,0.554628613279708,0.997528070348248
"ENSG00000141279",393.318024304668,-0.145535780466913,0.239916608379218,-0.606609861026692,0.544109854516056,0.997528070348248
"ENSG00000141295",106.944606181331,0.125735280068362,0.310183291418495,0.405358004595812,0.685214375354278,0.997528070348248
"ENSG00000141349",131.623077795662,-0.17024670557521,0.296894673086155,-0.573424587937308,0.566357246081526,0.997528070348248
"ENSG00000141376",110.740254334097,-0.250647675454574,0.306151304536232,-0.818705234113776,0.412954609639579,0.997528070348248
"ENSG00000141380",382.685330040635,-0.094044424116404,0.234716793681722,-0.400671901832168,0.688661700549145,0.997528070348248
"ENSG00000141385",122.33292342837,-0.0743933712093194,0.296874266374275,-0.250588817002853,0.802132028650536,0.997528070348248
"ENSG00000141447",153.134442237419,-0.137663947948955,0.279143132721888,-0.493166163919607,0.621895183696149,0.997528070348248
"ENSG00000141456",181.333048098612,0.241506687945973,0.270725719933173,0.892071458912687,0.372354631723957,0.997528070348248
"ENSG00000141458",167.445185555316,0.185507782554713,0.292785037493865,0.633597208868982,0.526343722827776,0.997528070348248
"ENSG00000141503",422.272886177263,0.0989049355282572,0.231223252192762,0.427746494309336,0.668835695623717,0.997528070348248
"ENSG00000141504",156.007260213804,0.0453209942897197,0.298828954194993,0.151661991428537,0.879453536761607,0.997528070348248
"ENSG00000141510",199.991692433625,-0.0270193172309,0.267850337705989,-0.100874680473833,0.91964994261845,0.997528070348248
"ENSG00000141524",190.869172961157,-0.150636117266316,0.264351751960333,-0.569832112513934,0.568791572997521,0.997528070348248
"ENSG00000141543",255.363470282112,0.110727178227692,0.250064250012221,0.442794914596074,0.657914081993834,0.997528070348248
"ENSG00000141551",830.931075893216,-0.154456822006867,0.216545551782802,-0.713276355645433,0.47567476557229,0.997528070348248
"ENSG00000141552",121.483120823156,-0.214844482063954,0.297851070719339,-0.721315124182983,0.470715653756109,0.997528070348248
"ENSG00000141556",365.869233094536,-0.179234029435092,0.244950417272246,-0.731715550563383,0.464342202922985,0.997528070348248
"ENSG00000141560",102.603322751561,0.120161263580536,0.317187350107065,0.378833719377448,0.704811345980664,0.997528070348248
"ENSG00000141562",172.849154649092,0.176060385681404,0.273374975584881,0.644025245195638,0.519559063698814,0.997528070348248
"ENSG00000141564",117.322390951412,-0.0361510714734707,0.300921540641592,-0.120134542035087,0.904376569944004,0.997528070348248
"ENSG00000141568",168.364791992194,0.0436507673641901,0.278838040276242,0.156545237948687,0.875603264032472,0.997528070348248
"ENSG00000141580",483.883670493418,0.0847595108152972,0.25199197561456,0.336357975719604,0.736600935667687,0.997528070348248
"ENSG00000141627",121.65944429252,0.111608206784989,0.304447380142835,0.366592764676204,0.713922805994633,0.997528070348248
"ENSG00000141646",368.424522324245,-0.127342127452965,0.241469663541048,-0.527362839644317,0.597941643804759,0.997528070348248
"ENSG00000141699",306.183128953674,0.0945323131249179,0.244774945610061,0.386200936085642,0.699347860529589,0.997528070348248
"ENSG00000141720",342.277792520165,0.0672231145586804,0.241431233436439,0.278435865989054,0.780677790513654,0.997528070348248
"ENSG00000141741",106.451791426914,-0.168081681463631,0.319522126263851,-0.526040820487138,0.598859845150278,0.997528070348248
"ENSG00000141867",361.068758906007,0.0695654149454071,0.236675107895318,0.293927889434727,0.768813006242477,0.997528070348248
"ENSG00000141905",757.648594771737,0.0137219394127551,0.217182876504723,0.0631814977018073,0.949621978034478,0.997528070348248
"ENSG00000141934",105.714131771281,0.131076806190388,0.334731924716731,0.391587406254459,0.695363094617383,0.997528070348248
"ENSG00000141959",531.880685306075,-0.0881000922023862,0.223537888065166,-0.39411704639843,0.693494626245015,0.997528070348248
"ENSG00000141985",171.891051855705,0.0467192482360705,0.275941429975413,0.169308567547227,0.865553937341617,0.997528070348248
"ENSG00000142002",117.219226052009,0.0892432946280253,0.301288383841284,0.296205560566974,0.767073102568972,0.997528070348248
"ENSG00000142039",104.080188759769,0.0699958244288332,0.309775578873847,0.22595656082153,0.821235206017264,0.997528070348248
"ENSG00000142082",117.065321142537,-0.122629942910243,0.302151309753107,-0.405856069300001,0.68484835823687,0.997528070348248
"ENSG00000142102",186.450915130311,0.104575288781964,0.292893669931681,0.357041819327665,0.721060498935793,0.997528070348248
"ENSG00000142166",352.945128826117,-0.0488094051011189,0.237383298131165,-0.205614318637319,0.837092191855467,0.997528070348248
"ENSG00000142168",440.421390287993,0.11570577210019,0.237761667340145,0.486646032535849,0.62650919604083,0.997528070348248
"ENSG00000142186",296.331360201225,-0.18469421491143,0.243181456243943,-0.759491359925723,0.447558680600251,0.997528070348248
"ENSG00000142188",255.722745487915,0.0172697283743303,0.255231181495393,0.0676630820464311,0.946053838188913,0.997528070348248
"ENSG00000142192",2521.5566849761,0.145903126457514,0.208523711821485,0.699695613429425,0.484117416503988,0.997528070348248
"ENSG00000142207",246.197847330522,0.139780672054553,0.263442532511765,0.530592652301921,0.595701088495038,0.997528070348248
"ENSG00000142208",542.237517367736,-0.0875318294828561,0.238007948705984,-0.367768513441481,0.713045848734216,0.997528070348248
"ENSG00000142230",168.470117923346,0.167832946965358,0.274320640111214,0.611813048035014,0.540661455866052,0.997528070348248
"ENSG00000142507",158.385955431823,-0.0411649629036952,0.276202054207557,-0.149039307552583,0.881522616384788,0.997528070348248
"ENSG00000142528",110.704341874585,0.0764582059885308,0.322476593662396,0.237096916462023,0.812581604482477,0.997528070348248
"ENSG00000142583",181.469999605326,-0.281632809771204,0.806882006609741,-0.349038406438798,0.727060476393835,0.997528070348248
"ENSG00000142657",180.462207376411,-0.108343376437455,0.28809750502385,-0.376064959078649,0.706868604017449,0.997528070348248
"ENSG00000142675",103.715964048754,0.0350009970813883,0.318783318792765,0.109795572785732,0.9125715022229,0.997528070348248
"ENSG00000142751",129.514383419416,0.137268627472393,0.291479389959818,0.470937679303213,0.637685239674681,0.997528070348248
"ENSG00000142784",294.482031037146,-0.0272489309574331,0.244362028007966,-0.111510496043783,0.911211542870408,0.997528070348248
"ENSG00000142798",1007.32176541091,0.00792636274927968,0.28403417495997,0.0279063698950902,0.977736827981795,0.997528070348248
"ENSG00000142864",404.059842306746,-0.0668129474786312,0.235539029001374,-0.2836597729128,0.776671125465525,0.997528070348248
"ENSG00000142875",253.295573403841,-0.0393017281714001,0.25586178835146,-0.153605305523051,0.877920953389417,0.997528070348248
"ENSG00000142892",121.323815371962,-0.0156305033887369,0.300619051753458,-0.0519943872404857,0.958533165699635,0.997528070348248
"ENSG00000143061",114.495322038123,-0.121225583098676,0.301288127661116,-0.402357650265691,0.687420832555349,0.997528070348248
"ENSG00000143079",166.694291606807,-0.084730732822881,0.292027444262526,-0.290146472489449,0.771704184259678,0.997528070348248
"ENSG00000143093",155.288680131965,0.194489993151597,0.278175592554884,0.699162681259406,0.484450369800873,0.997528070348248
"ENSG00000143106",199.703286318826,-0.0359909940196217,0.26946846643526,-0.133562915526773,0.893748210497702,0.997528070348248
"ENSG00000143126",113.140083716187,-0.171547053154889,0.316012910272546,-0.542848243152274,0.587234293846678,0.997528070348248
"ENSG00000143157",147.900070909596,0.167825689570475,0.294883872003008,0.569124680948176,0.569271530089928,0.997528070348248
"ENSG00000143162",242.388709281015,0.0107967562311029,0.27932661404943,0.0386528017312102,0.969167204025025,0.997528070348248
"ENSG00000143164",280.265072294534,-0.0683358745677253,0.249897134583957,-0.273456014937885,0.784502699195264,0.997528070348248
"ENSG00000143198",159.409807672131,-0.176619439719719,0.316033441881283,-0.558863133813747,0.576255131275647,0.997528070348248
"ENSG00000143217",102.627055137924,-0.0347095954147366,0.319520756541321,-0.108630174109668,0.913495826892777,0.997528070348248
"ENSG00000143222",232.076927666299,-0.0165904821950104,0.253849111677487,-0.0653556834821169,0.947890808059734,0.997528070348248
"ENSG00000143248",482.96760437251,0.107563889482832,0.25593877050315,0.420271962983067,0.674286789193238,0.997528070348248
"ENSG00000143294",125.776192497936,0.084041966159444,0.303355876284633,0.277040837938439,0.781748748754058,0.997528070348248
"ENSG00000143303",114.252631226521,-0.166898385536734,0.302052463886641,-0.552547671319014,0.580573182703224,0.997528070348248
"ENSG00000143319",114.835048251366,0.177795163350499,0.304640988486306,0.583621935557404,0.559474698772863,0.997528070348248
"ENSG00000143321",353.270168747432,0.180115734799468,0.243164924225197,0.740714292463751,0.458866691535401,0.997528070348248
"ENSG00000143322",103.263713386833,-0.0444218801438346,0.319042503322433,-0.139234991204105,0.889264458811452,0.997528070348248
"ENSG00000143324",122.311227250785,-0.104697882515203,0.31759345761393,-0.329660073295575,0.741656825598217,0.997528070348248
"ENSG00000143337",279.756336989997,-0.0957895807369212,0.277891893571003,-0.344700881720562,0.730319255202884,0.997528070348248
"ENSG00000143367",110.347009553194,0.0845147458255898,0.305445967692697,0.276692949866074,0.782015885798327,0.997528070348248
"ENSG00000143368",136.494098575279,-0.0269265038658995,0.290434754979032,-0.0927110251245361,0.926133137955893,0.997528070348248
"ENSG00000143373",145.752426147218,0.0257067327613145,0.286936470740706,0.0895903288102569,0.928612769991835,0.997528070348248
"ENSG00000143375",342.281335703391,-0.156634723964202,0.237277215845333,-0.660133858222202,0.509167932620635,0.997528070348248
"ENSG00000143376",238.706584966958,-0.118937685387837,0.259544109038814,-0.458256154718006,0.646768420318396,0.997528070348248
"ENSG00000143379",141.143701669016,0.131165746184495,0.286710622342339,0.457484780692501,0.64732263898752,0.997528070348248
"ENSG00000143384",1346.210863271,0.0616956708515214,0.251654150752146,0.245160553351196,0.806332118335313,0.997528070348248
"ENSG00000143390",153.914483657004,0.208171983140932,0.281578410502901,0.739303779608444,0.45972255475018,0.997528070348248
"ENSG00000143393",346.015181348554,-0.0262683105426229,0.236323378433346,-0.111154091976692,0.911494155259625,0.997528070348248
"ENSG00000143398",171.915129031384,0.0720878570908505,0.282358317751147,0.255306298978535,0.798486535237526,0.997528070348248
"ENSG00000143409",108.850048486259,0.0393524360919534,0.321310307455323,0.122474863640735,0.9025229520175,0.997528070348248
"ENSG00000143418",327.437471957856,-0.03395603044986,0.239062858223009,-0.142038084469752,0.887049923580001,0.997528070348248
"ENSG00000143420",357.083569713184,-0.023949000203035,0.238648487535981,-0.100352616730597,0.920064386168349,0.997528070348248
"ENSG00000143437",219.600789354052,0.065128261897416,0.258388742922341,0.252055337863502,0.800998290802259,0.997528070348248
"ENSG00000143442",604.115289212188,-0.0370251520650273,0.222674250638188,-0.166274959762579,0.867940570937999,0.997528070348248
"ENSG00000143457",157.82690461711,0.033198487453391,0.278622993809136,0.119152001776755,0.905154932689804,0.997528070348248
"ENSG00000143458",141.128427298039,0.16898425734731,0.288965629994657,0.584790161205104,0.558688820750409,0.997528070348248
"ENSG00000143486",160.682046500217,0.0637774653136331,0.279719139527654,0.228005367889128,0.81964206745692,0.997528070348248
"ENSG00000143514",116.398561427859,-0.0860454681759483,0.301445887745131,-0.285442501205054,0.775305150013679,0.997528070348248
"ENSG00000143515",384.973671848488,0.134139531122012,0.234033164165342,0.573164626476802,0.566533232827167,0.997528070348248
"ENSG00000143537",305.540727360503,0.00736625707045094,0.246491861668089,0.029884382472513,0.976159261268713,0.997528070348248
"ENSG00000143543",299.573413683498,0.117518382265853,0.25104265350602,0.468121176320482,0.639697936418177,0.997528070348248
"ENSG00000143545",222.243286914807,0.244516848458458,0.281658177718216,0.868133318334126,0.38532135314635,0.997528070348248
"ENSG00000143549",302.950236187587,0.139289534173399,0.268007478567401,0.519722564899881,0.603256957150705,0.997528070348248
"ENSG00000143569",530.957284858023,-0.0823999753989617,0.227003171989946,-0.362990414083779,0.716612045122448,0.997528070348248
"ENSG00000143612",486.744862258952,-0.0740418038860044,0.226043937152017,-0.327554920600284,0.743248211134032,0.997528070348248
"ENSG00000143614",226.699867918733,0.0729775665816407,0.258548139635118,0.282259105343523,0.777744840369412,0.997528070348248
"ENSG00000143621",362.684647883493,-0.0582595912163136,0.234444541972307,-0.248500522666018,0.803747165729752,0.997528070348248
"ENSG00000143622",108.656104000962,0.235994957361932,0.307588153141722,0.767243325048338,0.442936858006058,0.997528070348248
"ENSG00000143624",599.505775598331,0.116383149676838,0.221474364775844,0.525492644688835,0.599240765137231,0.997528070348248
"ENSG00000143641",219.390617468249,0.0905976854565494,0.268284873820347,0.337692111248944,0.735595220216275,0.997528070348248
"ENSG00000143727",200.200208153729,-0.0795376422199741,0.261897525349045,-0.303697570696669,0.76135830894785,0.997528070348248
"ENSG00000143772",296.245302992948,-0.163506763947898,0.244886910137415,-0.667682743255442,0.504336127744261,0.997528070348248
"ENSG00000143774",287.026754369089,-0.0444800863733776,0.246368395285004,-0.180542988567678,0.856726308834765,0.997528070348248
"ENSG00000143776",305.775544159231,-0.170225626179814,0.244378488590608,-0.696565508533699,0.486074747512716,0.997528070348248
"ENSG00000143799",461.460374796744,0.00872416223418877,0.227639328686153,0.0383244946492387,0.969428961223517,0.997528070348248
"ENSG00000143811",161.516762093034,0.205536975540158,0.274925347032004,0.747610134020242,0.454695350312145,0.997528070348248
"ENSG00000143815",197.553247281165,0.15960875351643,0.282403499335729,0.56517980085892,0.571951474183068,0.997528070348248
"ENSG00000143819",440.503648956853,0.0470442851712115,0.235670353556359,0.199619020641733,0.841778550855685,0.997528070348248
"ENSG00000143842",201.034296089321,-0.067757166025576,0.268587668328082,-0.25227206612781,0.800830778011709,0.997528070348248
"ENSG00000143850",213.020872016437,0.136457297487033,0.280265418895343,0.486885959833629,0.626339149183651,0.997528070348248
"ENSG00000143862",117.946324384065,-0.18143378666848,0.302113060877418,-0.60054929813874,0.548140216529628,0.997528070348248
"ENSG00000143889",145.3949965779,0.20186968143934,0.290127682943296,0.695796000545024,0.486556594277449,0.997528070348248
"ENSG00000143924",300.446640781912,-0.154866087490573,0.243247640145269,-0.636660184650037,0.524346213428246,0.997528070348248
"ENSG00000143933",1054.88050754796,0.0749198956359054,0.23104311653798,0.324268027364449,0.745735123466792,0.997528070348248
"ENSG00000143970",145.733342828164,-0.117369492457516,0.287385994116868,-0.408403662183295,0.682977345220859,0.997528070348248
"ENSG00000144021",263.576583002173,0.0763096682280263,0.251151382567276,0.303839331673141,0.761250300074363,0.997528070348248
"ENSG00000144026",121.649936832708,-0.119867038867209,0.297190982761432,-0.403333364133163,0.686703000426668,0.997528070348248
"ENSG00000144028",1037.49129239734,-0.158487236376281,0.211997520214432,-0.747590048298553,0.454707469196156,0.997528070348248
"ENSG00000144029",112.079274178909,0.0492416472260602,0.319065013684956,0.154331077097288,0.877348694866029,0.997528070348248
"ENSG00000144036",132.11348292636,0.0200568216916306,0.290677890164934,0.0690001626207283,0.944989490056837,0.997528070348248
"ENSG00000144043",326.354721159398,-0.198171311432043,0.245387168756159,-0.807586282675465,0.419328785967188,0.997528070348248
"ENSG00000144115",178.209854814398,-0.187281602228296,0.277708355660583,-0.674382309393645,0.500068286814063,0.997528070348248
"ENSG00000144118",271.267581282474,-0.0972850376371431,0.247200456434081,-0.393547160229801,0.69391539920882,0.997528070348248
"ENSG00000144136",150.861475091057,0.23247745651508,0.297450011142457,0.781568155342043,0.434468407818484,0.997528070348248
"ENSG00000144233",116.911574521682,0.15631856891742,0.307997984554352,0.507531142269,0.61178219102954,0.997528070348248
"ENSG00000144283",280.699700776884,0.0338805485777312,0.257000624740871,0.131830607851216,0.895118276266869,0.997528070348248
"ENSG00000144426",119.408253557133,-0.248304814466105,0.303025981041484,-0.819417574733016,0.412548211205496,0.997528070348248
"ENSG00000144445",113.389311389588,-0.220871493055417,0.314047450764899,-0.703306116694972,0.481864999618548,0.997528070348248
"ENSG00000144455",117.102071375663,-0.213095032099164,0.304852585384729,-0.699010086564412,0.484545727313113,0.997528070348248
"ENSG00000144468",132.158390981849,-0.00850081735001886,0.300624249592218,-0.0282772176946796,0.977441050978862,0.997528070348248
"ENSG00000144524",134.569908990646,0.204205768596817,0.297666756129008,0.686021412845693,0.492699605641675,0.997528070348248
"ENSG00000144560",137.925622087424,-0.0138990371008071,0.294725446762544,-0.0471592706143401,0.96238628872353,0.997528070348248
"ENSG00000144566",191.356005406168,-0.0468821888287542,0.268512833056472,-0.174599434578586,0.861394392901354,0.997528070348248
"ENSG00000144567",323.526577586146,-0.109991224617236,0.241114438054183,-0.456178508034923,0.648261618890617,0.997528070348248
"ENSG00000144579",456.242945807126,-0.171950715440135,0.23821186721845,-0.721839417355511,0.470393211915607,0.997528070348248
"ENSG00000144580",190.33333927323,0.0468841691454862,0.264947528518964,0.176956431364222,0.859542612153789,0.997528070348248
"ENSG00000144591",231.857502570099,-0.225890794249256,0.253912095867734,-0.889641722176657,0.373658295743437,0.997528070348248
"ENSG00000144635",120.480758700862,-0.256597453401992,0.311748188930977,-0.82309204195186,0.410455653957236,0.997528070348248
"ENSG00000144659",123.540695051518,-0.106197091518387,0.312956952083883,-0.339334502113642,0.734357753965508,0.997528070348248
"ENSG00000144677",266.482621317181,0.0844190094625691,0.263157398282597,0.32079284114184,0.748367384861967,0.997528070348248
"ENSG00000144711",393.694615878133,-0.11140180949219,0.236928335405668,-0.470192006800064,0.638217844372325,0.997528070348248
"ENSG00000144724",131.807126943653,-0.273521883456372,0.332063992106729,-0.823702328340553,0.410108716155988,0.997528070348248
"ENSG00000144744",179.448827820048,0.0403406084630049,0.268079353212545,0.150480102177138,0.880385848141539,0.997528070348248
"ENSG00000144827",134.543368037883,-0.0854518304920804,0.296229136702447,-0.288465312505414,0.772990579103965,0.997528070348248
"ENSG00000144837",172.722478169169,-0.158995499110375,0.391111130002896,-0.40652256331646,0.684358681764003,0.997528070348248
"ENSG00000144848",123.122011201998,0.20300986367446,0.294299061012135,0.689808057750103,0.490314900780731,0.997528070348248
"ENSG00000144867",187.806776003158,0.0881753745639262,0.266730492008947,0.330578532284823,0.74096286409163,0.997528070348248
"ENSG00000144895",262.271505543395,-0.0557782056643506,0.247534338138322,-0.22533522453431,0.821718498999544,0.997528070348248
"ENSG00000144959",103.379974967149,0.268805677985226,0.317293469414298,0.84718314083622,0.396893049082242,0.997528070348248
"ENSG00000145020",133.067887930182,0.266824609204483,0.3072546178478,0.868415293717915,0.385167025442767,0.997528070348248
"ENSG00000145041",170.835151482648,-0.0826799910234831,0.275079605065309,-0.300567506645407,0.763744312253096,0.997528070348248
"ENSG00000145050",291.885872636773,-0.0742304542365392,0.251432061678039,-0.295230662872231,0.767817679774139,0.997528070348248
"ENSG00000145113",296.979600007837,0.221468486613241,0.300396168969832,0.737254697264408,0.46096747628873,0.997528070348248
"ENSG00000145147",154.294020281627,0.222290985388634,0.301778335806585,0.736603523226745,0.461363491779248,0.997528070348248
"ENSG00000145216",108.429984037777,0.0542215720851664,0.310769129302458,0.174475412686165,0.861491852224497,0.997528070348248
"ENSG00000145246",106.058570246767,0.212947510052557,0.327807915270777,0.649610641270384,0.515943757649124,0.997528070348248
"ENSG00000145293",135.880164778255,0.0342545296012368,0.294993692679647,0.116119532218053,0.907557809057045,0.997528070348248
"ENSG00000145348",115.925482885221,-0.0425427884510412,0.304292835422562,-0.139808708910163,0.888811132167194,0.997528070348248
"ENSG00000145349",206.962457728657,-0.208144702652775,0.273916818426082,-0.759882886522882,0.447324591963837,0.997528070348248
"ENSG00000145390",128.071669707194,0.0915140011025035,0.326741182016304,0.280081012554876,0.779415351741815,0.997528070348248
"ENSG00000145439",116.795162282243,-0.037682740576328,0.307370265566401,-0.12259722165021,0.902426054649428,0.997528070348248
"ENSG00000145476",105.901014540295,-0.0502567934032683,0.314334498039342,-0.159883161780665,0.872973112833249,0.997528070348248
"ENSG00000145494",149.13212000764,0.130663271445368,0.2944376923714,0.443772230358847,0.657207267498467,0.997528070348248
"ENSG00000145569",128.035747739841,-0.234013120875992,0.301180541467379,-0.776986188204119,0.43716691914552,0.997528070348248
"ENSG00000145592",1130.02742703062,0.1713366284694,0.213221764531773,0.803560691121985,0.421650732737165,0.997528070348248
"ENSG00000145675",300.223576383375,-0.0806359776977869,0.252613242926233,-0.319207246475727,0.749569362293221,0.997528070348248
"ENSG00000145685",120.098191733991,0.28530921236613,0.319251526482443,0.893681591783462,0.371492277288913,0.997528070348248
"ENSG00000145715",143.171841371275,-0.186830671070858,0.289042497639158,-0.646377859992403,0.518034675146939,0.997528070348248
"ENSG00000145743",128.576242850485,-0.0247291921345413,0.294740015455559,-0.0839017128241617,0.933134577727713,0.997528070348248
"ENSG00000145817",133.352217821277,-0.110291737406295,0.299900127412502,-0.367761555681478,0.713051037213632,0.997528070348248
"ENSG00000145833",249.657660782253,-0.177286085224979,0.250684550760628,-0.707207862180008,0.479437313397743,0.997528070348248
"ENSG00000145860",245.415618171337,0.0938747719393044,0.25385734041781,0.369793411468036,0.711536424701692,0.997528070348248
"ENSG00000145868",192.990376473823,-0.211408832792584,0.264666450385823,-0.79877458017213,0.424421132661288,0.997528070348248
"ENSG00000145901",251.55084713596,0.163944615018118,0.250101813378412,0.655511500710571,0.512138484229248,0.997528070348248
"ENSG00000145907",389.851886995896,-0.0364236631579775,0.245020467959829,-0.148655593801042,0.881825402811756,0.997528070348248
"ENSG00000145916",149.208472952775,0.0748634885829923,0.282455596743586,0.265045159119129,0.790974673470585,0.997528070348248
"ENSG00000145919",109.486238604905,0.122635598777136,0.310160649361756,0.395393803274187,0.692552281557301,0.997528070348248
"ENSG00000146063",172.173062488446,0.0938819147981786,0.273308461253505,0.343501677070654,0.731221079378294,0.997528070348248
"ENSG00000146067",268.303226937255,0.180251358968048,0.248601810702639,0.725060523326808,0.468414901249788,0.997528070348248
"ENSG00000146072",282.799914018293,0.191607585891932,0.326147514764085,0.587487493291277,0.556876347672225,0.997528070348248
"ENSG00000146083",198.585343267137,0.095303012364272,0.264446721755567,0.360386439021023,0.71855816637537,0.997528070348248
"ENSG00000146085",166.271564885725,-0.112420899194839,0.275808267802667,-0.407605254514244,0.683563506010314,0.997528070348248
"ENSG00000146278",320.427419452482,0.0121932053337591,0.240434472104092,0.050713216066955,0.959554045302658,0.997528070348248
"ENSG00000146282",123.133660164546,-0.187662572804573,0.295240819521471,-0.635625429805871,0.525020590627584,0.997528070348248
"ENSG00000146416",115.906974009027,0.0217829515278829,0.300382218726657,0.0725174466725176,0.942190121585351,0.997528070348248
"ENSG00000146425",191.922378819205,0.0248267765089964,0.269787257751834,0.0920235326007633,0.926679342607711,0.997528070348248
"ENSG00000146457",329.8294907248,-0.0852844076935459,0.243962938091029,-0.349579359721123,0.726654403286967,0.997528070348248
"ENSG00000146477",288.97771508077,0.11954517800782,0.724727121577909,0.164951985993765,0.868981773883535,0.997528070348248
"ENSG00000146535",251.536193639988,-0.0929758697941112,0.259508909787001,-0.358276214371304,0.72013661644262,0.997528070348248
"ENSG00000146576",113.863079793434,-0.0741042012705077,0.307072317834649,-0.241324915879949,0.809303301371632,0.997528070348248
"ENSG00000146648",399.129262835005,-0.0201660538096975,0.241040784373224,-0.0836624136539181,0.933324841894,0.997528070348248
"ENSG00000146677",632.707814016153,0.0345103539605319,0.225569720506852,0.152991961345643,0.878404614578425,0.997528070348248
"ENSG00000146701",446.852905590242,-0.109329792707458,0.231447434096339,-0.47237418351309,0.636659728236972,0.997528070348248
"ENSG00000146729",257.6889420146,0.109463037266262,0.248333767498358,0.440789983452353,0.659365045679432,0.997528070348248
"ENSG00000146731",297.208381389256,0.0233446062454199,0.245164981490136,0.0952199865720186,0.924140095126691,0.997528070348248
"ENSG00000146828",168.583081153801,0.0633635034441975,0.271916892175291,0.233025256126237,0.81574179399712,0.997528070348248
"ENSG00000146830",360.760855725348,0.109209521537277,0.238787213048974,0.457350794218944,0.647418925859169,0.997528070348248
"ENSG00000146833",124.631023029948,0.0434290759486392,0.295569954283397,0.146933324308731,0.88318464838294,0.997528070348248
"ENSG00000146834",154.117956461563,0.101714257536254,0.291388435436132,0.349067585280159,0.727038570987171,0.997528070348248
"ENSG00000147044",138.535515577921,-0.205443676963598,0.310247661360279,-0.662192507955845,0.50784785509105,0.997528070348248
"ENSG00000147123",120.200101882902,0.0870982961010383,0.296883498232143,0.293375336182994,0.769235275352746,0.997528070348248
"ENSG00000147130",262.176656740623,-0.186681108324671,0.249404836686904,-0.748506367416705,0.454154785832875,0.997528070348248
"ENSG00000147133",170.243410488526,0.0580451930162039,0.273435024935247,0.212281484531653,0.831887439464611,0.997528070348248
"ENSG00000147140",787.018570934643,0.129178270431867,0.216773372254463,0.595913921937929,0.551232732234985,0.997528070348248
"ENSG00000147155",134.889557621246,-0.153781684697582,0.358748483182824,-0.428661560693519,0.668169538284345,0.997528070348248
"ENSG00000147164",166.219977502863,0.149796901760688,0.274350488563378,0.546005595051393,0.585062091216613,0.997528070348248
"ENSG00000147274",425.950966347896,0.0685622803981981,0.231147625061564,0.296616849859206,0.766759045197606,0.997528070348248
"ENSG00000147324",111.761255144319,0.0923436265853095,0.328115025732163,0.281436750356836,0.778375434004296,0.997528070348248
"ENSG00000147403",729.922066076254,0.0634261041875684,0.216538510634941,0.292909118112932,0.769591619134006,0.997528070348248
"ENSG00000147416",239.44681628168,0.0831006704676868,0.25399750665846,0.327171205579702,0.743538398120902,0.997528070348248
"ENSG00000147457",106.715899138139,-0.0628636842572534,0.311527505052433,-0.201791762325041,0.840079521789955,0.997528070348248
"ENSG00000147459",261.614592592528,0.105765380035022,0.248765603964269,0.425160787301663,0.670719467417142,0.997528070348248
"ENSG00000147475",284.636695275216,0.0481459353691264,0.297039751733563,0.162085832243464,0.871238262897536,0.997528070348248
"ENSG00000147526",626.093368095017,0.131790289483937,0.235201700196883,0.560328812987397,0.575255177780612,0.997528070348248
"ENSG00000147533",104.194152773684,0.249477409711353,0.331793172744065,0.751906398941465,0.452107349724296,0.997528070348248
"ENSG00000147548",213.939178589053,-0.0294823943143712,0.25835313862198,-0.114116648520805,0.909145324827334,0.997528070348248
"ENSG00000147576",137.161436612093,-0.212283847940303,0.287508067027156,-0.738357883781576,0.460297000449629,0.997528070348248
"ENSG00000147604",176.978064514103,-0.0894930607272173,0.268773519633609,-0.332968295571728,0.739158215377924,0.997528070348248
"ENSG00000147669",114.373485089662,0.12342824764124,0.302335113945191,0.408249792856069,0.683090295420004,0.997528070348248
"ENSG00000147677",556.334695230862,0.157277431943632,0.221955567491156,0.708598724156352,0.478573528279878,0.997528070348248
"ENSG00000147684",171.288230733212,0.124392057767864,0.274666206331824,0.452884464489184,0.650631938266984,0.997528070348248
"ENSG00000147789",102.665897292461,0.0523454416602383,0.319514540252227,0.163828042438746,0.869866515257059,0.997528070348248
"ENSG00000147853",259.476097254002,-0.0143794934530696,0.250870534693472,-0.0573183832475157,0.954291576712483,0.997528070348248
"ENSG00000147862",535.094713249558,-0.10864360991767,0.233822789717223,-0.464640807891568,0.642188703669536,0.997528070348248
"ENSG00000147955",179.200300806518,-0.0428492368531171,0.271238204175686,-0.157976406691451,0.874475389976767,0.997528070348248
"ENSG00000148110",167.190632420254,-0.131010893700885,0.279490464013707,-0.468749065064559,0.639249011391638,0.997528070348248
"ENSG00000148154",189.497806925467,0.101329794044568,0.282316720576961,0.358922396935908,0.719653144166733,0.997528070348248
"ENSG00000148218",319.132366013657,0.167929000726598,0.28290474294731,0.593588495467091,0.552787377590067,0.997528070348248
"ENSG00000148229",142.00835423483,0.0895590693508845,0.288305051443913,0.310639958968279,0.756074346128016,0.997528070348248
"ENSG00000148297",119.615525620781,-0.0434914088930231,0.297455765395743,-0.146211349560365,0.88375454619339,0.997528070348248
"ENSG00000148308",150.50548705756,-0.0848050673745863,0.284926828913357,-0.297638055700169,0.765979425954062,0.997528070348248
"ENSG00000148334",110.919114763928,0.0320284611031662,0.305502520404562,0.104838614950713,0.916503868570987,0.997528070348248
"ENSG00000148337",308.704536465342,0.10701404491055,0.246614532683493,0.433932435960261,0.664337504837965,0.997528070348248
"ENSG00000148339",137.150389035131,0.144848018140399,0.301304100487308,0.480736962776583,0.630703457275668,0.997528070348248
"ENSG00000148341",687.823250028579,-0.132274956365664,0.21720796040572,-0.608978400785078,0.542538755669623,0.997528070348248
"ENSG00000148343",120.769775540004,0.195853032517319,0.297779442986082,0.657711729706183,0.510723383705826,0.997528070348248
"ENSG00000148356",114.16565101931,-0.0534210348520892,0.301957451327898,-0.176915769480644,0.859574551752781,0.997528070348248
"ENSG00000148358",647.226927593405,-0.175436428364792,0.221781791341544,-0.791031704197123,0.428925490859666,0.997528070348248
"ENSG00000148399",118.513679800711,-0.094744436419207,0.30520183578527,-0.310432065965245,0.756232412635367,0.997528070348248
"ENSG00000148400",233.10644988244,0.185225677923796,0.257955698247238,0.71805228255228,0.472725050598513,0.997528070348248
"ENSG00000148468",202.328657366822,-0.194603495876983,0.261279155796493,-0.744810642409445,0.456386200317131,0.997528070348248
"ENSG00000148481",113.162104629638,-0.0964458388019113,0.303022736855332,-0.318279214961866,0.750273149243324,0.997528070348248
"ENSG00000148498",183.387128910702,0.100942511318871,0.280242207465016,0.360197388651646,0.718699527389018,0.997528070348248
"ENSG00000148606",136.468177908185,0.053901315007213,0.306389924813795,0.175923914730457,0.860353717118384,0.997528070348248
"ENSG00000148634",160.238619154247,-0.0829721466497705,0.278169913893815,-0.298278650945131,0.765490497163657,0.997528070348248
"ENSG00000148660",240.795464096408,0.169207825036431,0.265928609688651,0.636290413560764,0.524587152088016,0.997528070348248
"ENSG00000148700",252.753808638804,-0.185362863320837,0.255238901422566,-0.726232804982795,0.467696064455767,0.997528070348248
"ENSG00000148719",184.438080192655,-0.151242271804272,0.267244283613369,-0.56593267313092,0.571439549612742,0.997528070348248
"ENSG00000148730",436.886389338895,-0.0133385528591721,0.237452064113192,-0.0561736656574763,0.955203459789289,0.997528070348248
"ENSG00000148737",126.970986152011,0.0845859179368283,0.308567002183597,0.274124962611847,0.783988590940326,0.997528070348248
"ENSG00000148840",167.336549415717,0.164525187335741,0.286211230567291,0.574838335342887,0.565400637486481,0.997528070348248
"ENSG00000148841",105.11415172778,-0.112964488206669,0.319538362645127,-0.353524025320632,0.723695620485828,0.997528070348248
"ENSG00000148843",173.945464961511,-0.0520303092193566,0.272687773364405,-0.190805435012395,0.848678030394832,0.997528070348248
"ENSG00000148908",132.876935900432,-0.215190980134696,0.298761676486527,-0.720276384392294,0.471354841924158,0.997528070348248
"ENSG00000148985",104.722829889951,-0.0333942549788377,0.310974288989408,-0.107385903469258,0.914482837238743,0.997528070348248
"ENSG00000149100",255.83600623075,0.153820804014658,0.257935896685217,0.59635283801688,0.550939539740959,0.997528070348248
"ENSG00000149115",814.743855063453,-0.0789032220005586,0.223972554403108,-0.352289691077719,0.724621018560229,0.997528070348248
"ENSG00000149136",369.008004259908,0.104675840426804,0.234631276784869,0.446129100353403,0.655503993330848,0.997528070348248
"ENSG00000149150",148.261268514191,-0.0138073808491931,0.301681423482509,-0.0457680843911612,0.963495097108248,0.997528070348248
"ENSG00000149182",321.880042487458,-0.0290834077503719,0.242991656481813,-0.119688915131737,0.904729581675552,0.997528070348248
"ENSG00000149187",508.397835108061,0.0508004532963612,0.229909010559212,0.220958948815439,0.825124397045536,0.997528070348248
"ENSG00000149218",551.965084564585,-0.15790053573142,0.264575640910909,-0.596806777781143,0.550636392261,0.997528070348248
"ENSG00000149269",152.466146656282,-0.112272315642141,0.28347183118599,-0.396061630435784,0.692059563155045,0.997528070348248
"ENSG00000149292",103.750768854047,-0.193459271778475,0.311485431052638,-0.62108610063943,0.534542973956207,0.997528070348248
"ENSG00000149311",161.010369628067,-0.173763695224791,0.290805374087165,-0.597525736139618,0.550156429603295,0.997528070348248
"ENSG00000149328",307.205928532471,-0.193633160530996,0.30306514800164,-0.638915961824644,0.522877603587128,0.997528070348248
"ENSG00000149357",226.798855938414,-0.176462343957333,0.265990475079884,-0.663416026097689,0.507064144682875,0.997528070348248
"ENSG00000149476",125.972930089045,-0.104316029961711,0.300128803852961,-0.347570871647553,0.728162484964407,0.997528070348248
"ENSG00000149480",286.128625311375,0.0246029459998978,0.244833068399992,0.100488656049121,0.91995638841277,0.997528070348248
"ENSG00000149485",139.577836139996,-0.122859619575952,0.293110491271983,-0.419158041879668,0.675100634134744,0.997528070348248
"ENSG00000149532",500.157719761575,0.0690625340472491,0.230623976204766,0.299459471576927,0.764589490941898,0.997528070348248
"ENSG00000149582",127.321935994561,-0.212202445767119,0.293489209800117,-0.723033211039141,0.469659480539024,0.997528070348248
"ENSG00000149600",133.619178559098,-0.0438607088364255,0.292239690028091,-0.150084709001058,0.880697783784069,0.997528070348248
"ENSG00000149657",181.165170321311,0.0438675452131439,0.267054801569616,0.16426420702909,0.869523157561827,0.997528070348248
"ENSG00000149658",195.346883361927,-0.0987418348447121,0.263092087899555,-0.375312825380026,0.707427828881818,0.997528070348248
"ENSG00000149782",107.144140820938,0.0260755446143389,0.311186003544429,0.0837940791595274,0.933220155611191,0.997528070348248
"ENSG00000149792",185.517767640068,-0.200862147400565,0.266539856379696,-0.75359141454038,0.451094601186743,0.997528070348248
"ENSG00000149806",240.931674375433,0.0273815735126476,0.251632851560674,0.108815575322626,0.913348769857047,0.997528070348248
"ENSG00000149823",237.616278606021,-0.0362814103126066,0.266146625766228,-0.136321135795554,0.891567415904734,0.997528070348248
"ENSG00000149923",171.935744382914,0.0803420297765563,0.272844787590997,0.294460563039934,0.768405994360606,0.997528070348248
"ENSG00000149925",1486.5469057753,-0.00771636497080174,0.208730087137262,-0.036968149041817,0.97051040175498,0.997528070348248
"ENSG00000149930",265.712852334141,0.122369914069079,0.247520351019409,0.494383243903382,0.621035545426151,0.997528070348248
"ENSG00000149932",213.917461282024,-0.0162080986796318,0.268748866952839,-0.0603094586533684,0.951909168744477,0.997528070348248
"ENSG00000150093",1105.19241315724,0.134476713910473,0.259416373878916,0.518381750155989,0.604191945199826,0.997528070348248
"ENSG00000150316",110.381829885058,0.0929641812982384,0.304677338478599,0.305123386473222,0.760272180136328,0.997528070348248
"ENSG00000150347",548.214130919607,-0.0302473323148278,0.246781226150882,-0.122567396177595,0.902449673809503,0.997528070348248
"ENSG00000150403",233.047437438537,-0.100305868457498,0.254720989511078,-0.39378721262833,0.693738146057323,0.997528070348248
"ENSG00000150457",134.119221755861,0.175329626543746,0.3236399078406,0.541742913331011,0.587995622712839,0.997528070348248
"ENSG00000150459",341.933168802125,0.0417143217117995,0.236597061413411,0.176309551194768,0.860050758806069,0.997528070348248
"ENSG00000150540",157.988919849383,0.0569722426122363,0.279726584346077,0.203671176786509,0.838610467647013,0.997528070348248
"ENSG00000150593",441.266603301817,0.104464882745247,0.238019887865713,0.438891403915727,0.660740225639465,0.997528070348248
"ENSG00000150687",448.362772173787,-0.188617784400171,0.2842367478102,-0.663593943616753,0.506950234612468,0.997528070348248
"ENSG00000150712",244.407234009611,-0.178065376737803,0.253941895833909,-0.701205195594297,0.483174967892787,0.997528070348248
"ENSG00000150753",267.445178921978,-0.14627534564212,0.253392785695399,-0.577267206880769,0.563758962839006,0.997528070348248
"ENSG00000150760",393.718780791486,0.0420662673026665,0.234057566014897,0.179726158905664,0.85736755599579,0.997528070348248
"ENSG00000150768",104.335912434038,-0.103969989437795,0.315108319354057,-0.329949998308277,0.741437743776307,0.997528070348248
"ENSG00000150938",357.407721716726,0.068186920125903,0.304718125007323,0.223770476811198,0.822935903545007,0.997528070348248
"ENSG00000150991",3162.42949411828,0.0967372070615873,0.202878237175504,0.476823972883315,0.633487473437742,0.997528070348248
"ENSG00000150995",291.958245120212,0.0337674940297193,0.282737442357999,0.119430570454702,0.904934242896093,0.997528070348248
"ENSG00000151067",157.681845603473,0.20364148994845,0.293367509203781,0.694151477445972,0.487587218616419,0.997528070348248
"ENSG00000151092",129.290336109012,-0.183652480656051,0.30289294174896,-0.606328029948824,0.544296949089836,0.997528070348248
"ENSG00000151135",221.416637369905,-0.2106531272288,0.267951791547693,-0.786160547806249,0.431773435938884,0.997528070348248
"ENSG00000151148",249.881220368908,0.0258454916826842,0.253663691931886,0.101888809887795,0.918844932152106,0.997528070348248
"ENSG00000151176",116.293149766512,-0.120949336298453,0.318507520028264,-0.379737772871801,0.704140078079812,0.997528070348248
"ENSG00000151208",359.80897094625,-0.10373842387242,0.242357870998377,-0.428038187681203,0.668623318013419,0.997528070348248
"ENSG00000151239",133.11887754234,-0.252182208131211,0.288725529991495,-0.873432315246385,0.382427483604587,0.997528070348248
"ENSG00000151240",200.533666989336,-0.0262636632599036,0.266299648041669,-0.0986244760481023,0.921436435684674,0.997528070348248
"ENSG00000151276",178.246863467242,-0.0495072816034231,0.276158184056934,-0.17927146273969,0.857724553273498,0.997528070348248
"ENSG00000151327",235.816487194257,-0.132328515607534,0.253777833742111,-0.521434491169968,0.602064129379378,0.997528070348248
"ENSG00000151348",282.706496337573,-0.0245218012085501,0.245112506799809,-0.100043043615795,0.920310152973613,0.997528070348248
"ENSG00000151353",103.945111926998,-0.114907361906065,0.310234930045179,-0.370388214793644,0.711093253641741,0.997528070348248
"ENSG00000151414",196.262507499602,-0.161667409705722,0.290733580517849,-0.556067205644985,0.578164912796364,0.997528070348248
"ENSG00000151461",146.908401953155,-0.0986719742095637,0.282429440312465,-0.349368586010007,0.726812613991197,0.997528070348248
"ENSG00000151474",151.247420441804,-0.20059305504972,0.27969647491307,-0.717181205490931,0.473262294499877,0.997528070348248
"ENSG00000151491",132.853826348211,0.268916675229875,0.298298610260729,0.901501602688752,0.367321682071651,0.997528070348248
"ENSG00000151498",360.477721506482,0.0526860191218316,0.286314175724979,0.184014706880736,0.854001917512601,0.997528070348248
"ENSG00000151503",634.674745920492,-0.650773163884248,1.10826348464326,-0.58720076308724,0.557068879946965,0.997528070348248
"ENSG00000151553",118.821824618339,-0.0762909716213914,0.302324159790797,-0.252348246578055,0.800771899081164,0.997528070348248
"ENSG00000151612",390.032317184401,-0.159601325419114,0.290423293817309,-0.549547260212229,0.582629940887456,0.997528070348248
"ENSG00000151692",172.295342905129,-0.24272477875391,0.303397330367961,-0.800022790113324,0.423697593080531,0.997528070348248
"ENSG00000151715",189.767837855589,-0.0694056312973279,0.400796571966055,-0.173169223870523,0.862518413937177,0.997528070348248
"ENSG00000151718",109.887292496211,-0.102231311279048,0.333565476147561,-0.306480492105315,0.759238830722008,0.997528070348248
"ENSG00000151729",211.932591394501,0.229954013696686,0.27078941356479,0.849198684208038,0.395770745312138,0.997528070348248
"ENSG00000151748",149.399726139433,-0.259133270732144,0.301938689950757,-0.858231420340353,0.390764689427594,0.997528070348248
"ENSG00000151779",163.011638841271,-0.114322198610296,0.291676436357226,-0.391948695061132,0.695096122240156,0.997528070348248
"ENSG00000151806",107.19813858105,-0.159527018240056,0.310665641659221,-0.513500679985224,0.607601135257409,0.997528070348248
"ENSG00000151893",206.854273427039,-0.130268484218198,0.264300464012697,-0.49288027058454,0.622097188501372,0.997528070348248
"ENSG00000151923",252.918623164294,-0.0590213136568664,0.249433863988828,-0.236621093515634,0.812950754594142,0.997528070348248
"ENSG00000151929",182.083328140858,0.138531773535784,0.26878281124483,0.515404139476754,0.606270640446962,0.997528070348248
"ENSG00000152022",120.1043641793,0.150304717759121,0.30425066032471,0.494016077397198,0.621294825133806,0.997528070348248
"ENSG00000152102",621.893138800429,0.113028944649791,0.222851788136856,0.50719334852444,0.6120191615876,0.997528070348248
"ENSG00000152104",166.397474946558,-0.244065318469169,0.27448264306825,-0.889183067245831,0.373904701497576,0.997528070348248
"ENSG00000152117",122.262506504896,-0.0557800672054693,0.295419068706066,-0.188816745817342,0.850236446657326,0.997528070348248
"ENSG00000152127",285.789962257822,0.0796853376213382,0.251906642986558,0.31632884578431,0.75175291863241,0.997528070348248
"ENSG00000152217",138.277666494878,0.174596548758695,0.304601273789549,0.573197040795452,0.566511287795369,0.997528070348248
"ENSG00000152223",147.442500272798,-0.0184618239110984,0.281392651530748,-0.0656087634508858,0.947689311923783,0.997528070348248
"ENSG00000152234",897.662120722168,0.0503891125663514,0.212869201530637,0.236713964274908,0.812878700890217,0.997528070348248
"ENSG00000152242",105.975412324669,0.0510343951423061,0.318392705701549,0.160287576406176,0.872654544936002,0.997528070348248
"ENSG00000152291",1113.57596868792,-0.0693071927458414,0.21110239230975,-0.328310787895512,0.742676688279412,0.997528070348248
"ENSG00000152492",301.067458516081,0.0443892075034586,0.24593430348574,0.180492134990158,0.856766228370703,0.997528070348248
"ENSG00000152520",226.002513233553,-0.174730976394632,0.25848984094662,-0.675968447172804,0.499060678329387,0.997528070348248
"ENSG00000152556",234.945576628747,0.155737796804992,0.255236707417144,0.610170058926766,0.5417491613833,0.997528070348248
"ENSG00000152558",989.408088487861,0.0346866990081746,0.241358787724894,0.143714257662378,0.885726112092731,0.997528070348248
"ENSG00000152601",463.619930109808,-0.0358322457544794,0.257515871082549,-0.139145776156814,0.889334955897938,0.997528070348248
"ENSG00000152642",462.964543516686,0.0551689647537274,0.253209073165684,0.217879099133341,0.827523312421195,0.997528070348248
"ENSG00000152767",624.663056621749,-0.0717820736555808,0.222574783985721,-0.322507664031635,0.747068132621884,0.997528070348248
"ENSG00000152894",424.608703878481,-0.199440629518237,0.251159616184952,-0.794079209658334,0.42714932007638,0.997528070348248
"ENSG00000152904",163.603576199449,-0.0712062359471486,0.29386456489008,-0.242309704723274,0.808540194530283,0.997528070348248
"ENSG00000152990",184.86275827385,0.0537936805033833,0.267474044954143,0.201117385100322,0.840606788383892,0.997528070348248
"ENSG00000153130",206.691663472705,-0.0395567385426349,0.259423425989763,-0.152479439324789,0.878808805852742,0.997528070348248
"ENSG00000153132",117.720805836084,0.088316647585613,0.333364225541724,0.264925390365737,0.791066938286619,0.997528070348248
"ENSG00000153147",357.029075496012,-0.104918222314378,0.249990102243343,-0.419689505195886,0.674712292807301,0.997528070348248
"ENSG00000153179",316.808368221511,-0.0328933209182455,0.244739720884002,-0.134401235726814,0.893085304532341,0.997528070348248
"ENSG00000153187",1024.6649255441,-0.106814354087302,0.218065275840695,-0.489827432063662,0.624256017338424,0.997528070348248
"ENSG00000153292",247.463302833821,-0.478905197904321,1.23334374328187,-0.388298234383526,0.697795343719442,0.997528070348248
"ENSG00000153317",132.968581609407,0.240038290637251,0.311745222885997,0.769982257996081,0.441310417127799,0.997528070348248
"ENSG00000153395",258.665837718617,-0.211453788720653,0.293321552448088,-0.720894141449343,0.470974647658411,0.997528070348248
"ENSG00000153406",155.120711646871,-0.167004688062482,0.291151897373962,-0.573599861683119,0.566238605390306,0.997528070348248
"ENSG00000153560",311.025617193327,-0.0434985328338718,0.240616557680436,-0.180779466106577,0.856540681212516,0.997528070348248
"ENSG00000153721",102.806940688657,0.0950104772664311,0.3270839019748,0.290477387278299,0.771451047715969,0.997528070348248
"ENSG00000153774",111.385865234237,-0.189307595463095,0.347176243801311,-0.545278079485863,0.585562277961923,0.997528070348248
"ENSG00000153786",231.962706546082,-0.0634568263106792,0.258501800759997,-0.245479242791021,0.806085378421116,0.997528070348248
"ENSG00000153815",183.028935728678,0.151202100731273,0.268777752105643,0.562554376419678,0.573738366506299,0.997528070348248
"ENSG00000153879",109.131061048485,0.188741588618613,0.311493271302947,0.605925090545696,0.54456449739384,0.997528070348248
"ENSG00000153885",160.557911752978,-0.117915416375952,0.290994128083186,-0.405215793021927,0.685318897170484,0.997528070348248
"ENSG00000153914",372.678488930822,-0.111845190652152,0.240022874509567,-0.465977215216185,0.641231809746335,0.997528070348248
"ENSG00000153922",128.813588501109,-0.219898431621267,0.29811876780555,-0.737620221765767,0.460745263605995,0.997528070348248
"ENSG00000153944",400.762239887419,-0.142678030902793,0.235971552159029,-0.604640811984989,0.5454176831455,0.997528070348248
"ENSG00000154001",120.148551848295,-0.159376406746322,0.320598677602614,-0.497121223138264,0.619103569227765,0.997528070348248
"ENSG00000154059",147.52991926127,-0.204795918143116,0.283092118851618,-0.723425007286972,0.469418812055166,0.997528070348248
"ENSG00000154114",105.182525396865,0.0147908778901788,0.316804630139188,0.0466876948221383,0.962762137761358,0.997528070348248
"ENSG00000154122",921.126689402119,-0.0962965410453916,0.249753592097593,-0.385566190406435,0.699817976770099,0.997528070348248
"ENSG00000154144",189.952523980115,-0.12358201699988,0.271187942362788,-0.455706164231135,0.648601288718504,0.997528070348248
"ENSG00000154174",257.595651944362,-0.185280876126868,0.251995899522279,-0.73525353578417,0.462185100096556,0.997528070348248
"ENSG00000154222",135.790278784458,-0.0613919086476261,0.291360264393109,-0.210707897233354,0.833115211855337,0.997528070348248
"ENSG00000154229",200.18459725833,0.0618939823472809,0.270854903321512,0.228513427625902,0.819247118515796,0.997528070348248
"ENSG00000154237",140.738358389185,0.0909476606501,0.286728624284201,0.317190726517608,0.751098886070484,0.997528070348248
"ENSG00000154265",159.742880152483,-0.194011346970817,0.283901093573759,-0.683376539796284,0.494368940429043,0.997528070348248
"ENSG00000154359",112.860843388535,0.215923674138562,0.304079489573603,0.710089570465086,0.477648593458352,0.997528070348248
"ENSG00000154380",450.825434235645,0.108580253795801,0.239770002975623,0.452851701415044,0.65065553164287,0.997528070348248
"ENSG00000154473",221.654530217095,-0.0976697838569351,0.259298291692257,-0.37666960017173,0.706419157206693,0.997528070348248
"ENSG00000154518",252.522251233697,0.12864753048679,0.252505730056831,0.509483608383204,0.610413285000769,0.997528070348248
"ENSG00000154639",220.4084251196,-0.12891526254148,0.27356358873502,-0.471244229312805,0.637466337222622,0.997528070348248
"ENSG00000154734",550.038731525579,-0.12273580356693,0.252768500890365,-0.48556605405578,0.627274869252147,0.997528070348248
"ENSG00000154767",172.763595506211,0.139551516814986,0.278821354621338,0.500505124525015,0.616719448716275,0.997528070348248
"ENSG00000154803",267.784882938845,0.0312766249138365,0.264294043252447,0.118340256666178,0.90579806127829,0.997528070348248
"ENSG00000154832",213.688237283217,0.145521541641209,0.26521940438143,0.548683615290547,0.583222592340748,0.997528070348248
"ENSG00000154845",248.388236476291,-0.1881600182794,0.281742649890751,-0.667843574099846,0.50423344870642,0.997528070348248
"ENSG00000154856",234.680885394177,-0.0642618017895027,0.262566627767665,-0.244744742832914,0.806654081586498,0.997528070348248
"ENSG00000154945",149.976150482232,0.224715032021126,0.289602698113323,0.775942466990396,0.437782956683179,0.997528070348248
"ENSG00000155066",349.529019635309,0.183727727370935,0.249204348537642,0.737257308907605,0.460965888384519,0.997528070348248
"ENSG00000155096",499.733027401556,-0.125778505218588,0.226000119526169,-0.55654176414727,0.577840552084789,0.997528070348248
"ENSG00000155097",231.456974491923,-0.0763947067097841,0.254013416410807,-0.300750676043952,0.763604622753253,0.997528070348248
"ENSG00000155130",416.507547179807,-0.0125889427448135,0.233067498831174,-0.0540141495830466,0.956923890962111,0.997528070348248
"ENSG00000155189",139.622045531481,0.00796573650669523,0.298243748075071,0.0267088130366782,0.978691983854309,0.997528070348248
"ENSG00000155229",217.180493731109,-0.00713616228213426,0.259306802440705,-0.0275201507055183,0.978044867994427,0.997528070348248
"ENSG00000155256",109.231101241356,0.0918217223299069,0.312276602700749,0.294039712023826,0.768727558157452,0.997528070348248
"ENSG00000155287",130.726592711541,0.203100434327416,0.314995255073285,0.644772995961997,0.519074304028583,0.997528070348248
"ENSG00000155304",142.322144048694,-0.245815819476669,0.303829237408653,-0.809059133259267,0.418481133444719,0.997528070348248
"ENSG00000155313",145.86679601246,-0.0767905881457485,0.294155326811811,-0.26105455569355,0.794050436068821,0.997528070348248
"ENSG00000155324",140.899527014395,0.165338571719423,0.289956002254195,0.570219517561414,0.568528819923728,0.997528070348248
"ENSG00000155363",301.557234456108,-0.115749456302305,0.247031112615221,-0.468562259534481,0.63938255895723,0.997528070348248
"ENSG00000155366",377.880954416107,-0.0923366877952588,0.235200807525611,-0.392586610423113,0.694624830508355,0.997528070348248
"ENSG00000155368",466.30435011537,-0.142721185640933,0.32536857280124,-0.438644655850392,0.660919034566857,0.997528070348248
"ENSG00000155380",145.388532150644,-0.0117986799528257,0.3350209520271,-0.0352177375218946,0.971906118507081,0.997528070348248
"ENSG00000155506",729.230153094638,-0.102405610550465,0.217169905490341,-0.47154604741042,0.637250844645015,0.997528070348248
"ENSG00000155508",148.570964361554,-0.180793623787316,0.285290811662568,-0.633716952655146,0.526265559362386,0.997528070348248
"ENSG00000155561",153.914447438206,-0.070796768949343,0.279775012109573,-0.253048935341001,0.800230398501122,0.997528070348248
"ENSG00000155827",238.16724371553,-0.138000207005075,0.254907618803484,-0.54137341070007,0.588250230400965,0.997528070348248
"ENSG00000155850",286.214925275647,0.165172672648371,0.248735467885276,0.664049538462095,0.506658605477852,0.997528070348248
"ENSG00000155876",229.313656792948,0.16979368247293,0.261136490917139,0.650210477580505,0.515556274030803,0.997528070348248
"ENSG00000156011",113.471250211881,-0.247638110197304,0.308883030167621,-0.801721318464528,0.422714181176433,0.997528070348248
"ENSG00000156030",284.140924990337,-0.0169080301247801,0.258110167584216,-0.0655070285802025,0.947770310360141,0.997528070348248
"ENSG00000156052",283.700962581321,-0.150704930688755,0.246217826085483,-0.612079690105105,0.540485034252163,0.997528070348248
"ENSG00000156256",213.313006088565,0.107910594586193,0.25876856482305,0.417015856079673,0.676666809933079,0.997528070348248
"ENSG00000156261",319.594592991157,0.00784783143481462,0.239078051947274,0.0328253947649924,0.97381382702796,0.997528070348248
"ENSG00000156284",125.438459423393,-0.0121316978866437,0.32470569662593,-0.0373621344272865,0.970196263926781,0.997528070348248
"ENSG00000156304",146.269629047335,-0.086790489665752,0.283996372183479,-0.305604219513339,0.759906007387847,0.997528070348248
"ENSG00000156411",140.742242018315,0.0727941436720192,0.28430500575954,0.256042426961652,0.797918076954323,0.997528070348248
"ENSG00000156453",306.336917590284,-0.0146741378174978,0.244258373085157,-0.060076293934791,0.952094870552469,0.997528070348248
"ENSG00000156471",189.327873005996,0.0322020827805649,0.269626261350657,0.119432293498611,0.904932877875991,0.997528070348248
"ENSG00000156504",164.020763481492,0.106324013478847,0.273586979085102,0.388629655674416,0.697550125900273,0.997528070348248
"ENSG00000156508",3528.76150941873,0.109118544652476,0.204781272535736,0.532854119428493,0.594134567257422,0.997528070348248
"ENSG00000156515",640.366154981368,0.0430308468372812,0.218797959694649,0.196669324052813,0.844086317084998,0.997528070348248
"ENSG00000156587",294.973913188742,0.189969241783677,0.331628164261725,0.57283808269599,0.566754331127216,0.997528070348248
"ENSG00000156599",347.758629094425,-0.154402428612981,0.237455780704507,-0.650236554169725,0.515539432443132,0.997528070348248
"ENSG00000156639",297.040170583239,0.0191518447561602,0.245610945962614,0.0779763486562014,0.937846866734878,0.997528070348248
"ENSG00000156642",531.548594210839,0.0730214759896729,0.252900558717819,0.28873592197615,0.772783471144509,0.997528070348248
"ENSG00000156675",240.540347364402,-0.0227470339465969,0.263820060464817,-0.0862217751998069,0.931290121058441,0.997528070348248
"ENSG00000156709",132.783702583962,0.0310290717953707,0.296346087152618,0.104705522159942,0.916609480001972,0.997528070348248
"ENSG00000156711",121.833945527532,-0.225669770246444,0.296966514027774,-0.759916554852169,0.447304465360958,0.997528070348248
"ENSG00000156860",293.316144600171,-0.0817548074888083,0.246382978480199,-0.331820030722531,0.740025158103201,0.997528070348248
"ENSG00000156873",105.543999296936,0.0572134984019298,0.310957352857365,0.183991463382998,0.854020151832105,0.997528070348248
"ENSG00000156875",205.660248594888,0.016092867368777,0.262746419985689,0.0612486646617431,0.95116117365734,0.997528070348248
"ENSG00000157020",323.033028728858,-0.0619057625011997,0.239812680065364,-0.258142156971544,0.796297197261301,0.997528070348248
"ENSG00000157077",115.56464944534,-0.0519092071656161,0.300329019890519,-0.172841129986503,0.862776306492663,0.997528070348248
"ENSG00000157107",115.819626557966,-0.120468567554507,0.311672479143504,-0.38652295475546,0.699109405582376,0.997528070348248
"ENSG00000157181",158.469713958151,-0.0852104150056111,0.282984515207008,-0.301113348704887,0.763328062345148,0.997528070348248
"ENSG00000157191",172.04937400807,-0.0686023298921836,0.270525987237621,-0.253588686960139,0.799813337500678,0.997528070348248
"ENSG00000157216",200.961780050178,0.0388168296718514,0.269379662726346,0.144097105471857,0.88542379036779,0.997528070348248
"ENSG00000157259",188.058696187935,0.173106073902253,0.266395053558018,0.649809640194959,0.515815191129417,0.997528070348248
"ENSG00000157353",107.153420992825,-0.0970679630573797,0.312722078930903,-0.310396897427978,0.756259153206424,0.997528070348248
"ENSG00000157379",140.998901754367,0.0522381991686516,0.31074881181052,0.168104260364812,0.866501257762718,0.997528070348248
"ENSG00000157450",134.058284357871,0.0361651148840575,0.293922467173425,0.123043043397968,0.902073013207191,0.997528070348248
"ENSG00000157483",194.666381191161,0.106038740030258,0.268982688051672,0.394221430376546,0.693417565026619,0.997528070348248
"ENSG00000157538",138.575693043999,-0.0705918620050725,0.292261079348103,-0.241536992070684,0.809138949482733,0.997528070348248
"ENSG00000157540",322.510534263112,-0.158610652660401,0.239879843980134,-0.661208753635577,0.508478448284725,0.997528070348248
"ENSG00000157554",1300.77437367451,0.258216198639685,0.663136929145258,0.38938594322067,0.696990668856243,0.997528070348248
"ENSG00000157593",171.0666232542,-0.0409442565130487,0.271814326383353,-0.150633180589985,0.880265085704239,0.997528070348248
"ENSG00000157600",192.529788987072,-0.199229966240371,0.288029022326659,-0.691701012040447,0.489125111304418,0.997528070348248
"ENSG00000157601",143.892399465574,-0.124820320104761,0.406549335843876,-0.307023795391699,0.758825260261654,0.997528070348248
"ENSG00000157613",591.4532208516,0.0256217492155379,0.276164070454965,0.0927772724863429,0.926080507047937,0.997528070348248
"ENSG00000157617",214.490476470289,-0.0486940706658505,0.257976777697403,-0.188753697524538,0.850285863420514,0.997528070348248
"ENSG00000157637",458.964762723224,-0.130556998661525,0.234011997182787,-0.557907287802626,0.576907694756531,0.997528070348248
"ENSG00000157657",107.752553982507,-0.0818669145740514,0.31230081054689,-0.262141217087106,0.793212570886241,0.997528070348248
"ENSG00000157796",111.477220392894,0.0929667815770266,0.320275538929537,0.290271251709548,0.771608730304031,0.997528070348248
"ENSG00000157800",194.551058717013,-0.117834497513147,0.271604302883116,-0.433846210322584,0.664400122427964,0.997528070348248
"ENSG00000157827",196.3706738352,0.108508798400736,0.288321926971101,0.376345980830005,0.706659699887152,0.997528070348248
"ENSG00000157837",168.129241361904,0.00747373449123327,0.274158318562568,0.0272606519124373,0.978251840420945,0.997528070348248
"ENSG00000157916",467.267960791415,-0.118038609647731,0.226711625934965,-0.520655300145885,0.602606918546382,0.997528070348248
"ENSG00000157933",348.404771700704,0.129929103461404,0.241020528229899,0.539078992215427,0.589832350441531,0.997528070348248
"ENSG00000157954",241.024794654533,-0.0468548278513149,0.253922172847773,-0.184524365579545,0.853602114367157,0.997528070348248
"ENSG00000158042",104.492763304842,0.0852303360494667,0.319030700244193,0.267154026193183,0.789350571791382,0.997528070348248
"ENSG00000158092",104.848607902529,-0.0690332098742444,0.319621705884397,-0.215984110601089,0.829000133164982,0.997528070348248
"ENSG00000158109",191.148692851965,-0.184924445466051,0.269702114149969,-0.68566183119804,0.49292638114253,0.997528070348248
"ENSG00000158195",591.875650585221,0.0966749596231334,0.221366939556327,0.436718146878181,0.662315767038819,0.997528070348248
"ENSG00000158258",378.762170473278,-0.0942922099930068,0.852283964282356,-0.110634734366266,0.911906002512079,0.997528070348248
"ENSG00000158290",268.773307995549,-0.122665752119784,0.262846646516091,-0.466681822825824,0.640727536595702,0.997528070348248
"ENSG00000158417",432.083843345661,0.160181978311216,0.23071072087107,0.694297940322991,0.487495382405818,0.997528070348248
"ENSG00000158435",146.843777071895,-0.117838627934654,0.288265108887407,-0.408785608461134,0.682697002230502,0.997528070348248
"ENSG00000158467",127.918938758431,0.186441076608052,0.294387595959905,0.63331838422107,0.526525750248225,0.997528070348248
"ENSG00000158545",133.255254531021,0.00764772763158795,0.288355709068926,0.0265218526669083,0.97884110382076,0.997528070348248
"ENSG00000158636",115.302499037134,-0.117166486421388,0.30001906770083,-0.390530133032154,0.696144577751476,0.997528070348248
"ENSG00000158669",255.501136716318,0.177234172545677,0.258053273726033,0.686812339121264,0.492200993097735,0.997528070348248
"ENSG00000158747",170.224253765264,0.246826224098053,0.395790638858393,0.623628251567525,0.532871752450132,0.997528070348248
"ENSG00000158769",227.08414950188,-0.0413485254958298,0.260024315916595,-0.159017918574556,0.873654756480631,0.997528070348248
"ENSG00000158773",118.579262258376,0.223761405808182,0.30889318097569,0.724397363196542,0.468821818196651,0.997528070348248
"ENSG00000158793",104.176011973436,-0.0706577287951967,0.309057824454893,-0.228623005807476,0.819161942046519,0.997528070348248
"ENSG00000158856",113.034090544424,-0.139772146001888,0.322195760983344,-0.433811250574192,0.664425511080341,0.997528070348248
"ENSG00000158863",173.850076996403,0.24371984541316,0.281386720765193,0.866138404649648,0.386414266670915,0.997528070348248
"ENSG00000158864",271.026391607929,-0.146490892012601,0.260635376803839,-0.562052986854714,0.574079918288352,0.997528070348248
"ENSG00000158941",186.874755399093,0.0180733447369166,0.271495958991392,0.0665694797228624,0.946924443483182,0.997528070348248
"ENSG00000159023",305.685348808459,-0.059003668872364,0.245922935800983,-0.239927474353648,0.810386481384784,0.997528070348248
"ENSG00000159069",313.747988731957,-0.0658166904262834,0.244399905024338,-0.26929916531567,0.787699474444912,0.997528070348248
"ENSG00000159086",141.840637744817,0.0126733657845645,0.290487467595286,0.043627926152812,0.96520099103492,0.997528070348248
"ENSG00000159128",267.712572194996,-0.207768690459833,0.257471347352988,-0.806958493035677,0.419690397104959,0.997528070348248
"ENSG00000159131",138.243736255501,0.136289049145184,0.289797902760404,0.470289977418723,0.638147857129797,0.997528070348248
"ENSG00000159202",441.113269844651,0.0549768359310272,0.228447916066013,0.240653698566202,0.80982352754022,0.997528070348248
"ENSG00000159210",123.163145296173,0.0183874110518362,0.294558603602724,0.0624236088402824,0.950225494484207,0.997528070348248
"ENSG00000159228",118.29091277078,-0.181776226622444,0.31240147693747,-0.581867372729572,0.560656018966937,0.997528070348248
"ENSG00000159256",141.437909109874,0.0411614864824382,0.284734324938782,0.144561027165545,0.885057469743245,0.997528070348248
"ENSG00000159314",118.480947925985,0.221643417287046,0.311066627452753,0.712527149254256,0.476138405708467,0.997528070348248
"ENSG00000159322",376.061007842997,-0.111514419362063,0.242658702616641,-0.459552524428669,0.645837442824896,0.997528070348248
"ENSG00000159335",922.797848968621,-0.0274415645797797,0.228681817240631,-0.119998891520545,0.904484026052445,0.997528070348248
"ENSG00000159348",182.923871276487,-0.0168909668912914,0.268578088610359,-0.0628903384437891,0.949853828420601,0.997528070348248
"ENSG00000159363",153.601324447719,-0.247655811489857,0.282997407732305,-0.87511689055513,0.38151030763803,0.997528070348248
"ENSG00000159377",416.005757176067,0.0391245856663782,0.230357560262128,0.169842854829065,0.865133723238733,0.997528070348248
"ENSG00000159461",367.968441631043,0.00676875481007469,0.238034215366575,0.0284360582349506,0.977314365508348,0.997528070348248
"ENSG00000159479",121.453284728859,-0.20195827108682,0.298941325210693,-0.67557829598996,0.499308425346038,0.997528070348248
"ENSG00000159592",417.329349525148,0.0089613788767923,0.23173509270955,0.0386707890117628,0.96915286297362,0.997528070348248
"ENSG00000159593",119.457794113487,0.0935471494159016,0.298358680416348,0.313539224953536,0.753871024679978,0.997528070348248
"ENSG00000159658",515.402997307126,-0.156167867594809,0.22911725829402,-0.681606740398417,0.495487651691041,0.997528070348248
"ENSG00000159720",320.462492296692,-0.0878288454167624,0.240663886762764,-0.364944016313259,0.715153196648394,0.997528070348248
"ENSG00000159792",142.35997805881,-0.159088243618152,0.289770105148923,-0.549015377332976,0.582994896949682,0.997528070348248
"ENSG00000159842",404.955847496842,-0.0408358721036931,0.233767283274694,-0.174686001957373,0.861326367467415,0.997528070348248
"ENSG00000160007",464.40168382511,-0.0406290609163147,0.229517906146451,-0.177019133707111,0.859493360392794,0.997528070348248
"ENSG00000160014",740.011431887838,-0.047632083720101,0.220262968203589,-0.216250984487209,0.828792113741486,0.997528070348248
"ENSG00000160049",153.842427655099,0.0321132932312521,0.284376038272128,0.112925454009321,0.910089656023737,0.997528070348248
"ENSG00000160058",375.182584720522,-0.065821531600486,0.233509768900094,-0.28187913469542,0.778036189163778,0.997528070348248
"ENSG00000160075",227.050253609809,0.0200904903239827,0.255057952308681,0.0787683353611668,0.937216890488572,0.997528070348248
"ENSG00000160087",118.119965003657,0.0498446900188575,0.298601809167785,0.166926952511697,0.867427525644999,0.997528070348248
"ENSG00000160113",105.31594468316,-0.0461124445526737,0.31164885431198,-0.147962823911146,0.882372107462016,0.997528070348248
"ENSG00000160179",109.054214280276,-0.152938199348582,0.314881165718677,-0.485701324814138,0.627178944217823,0.997528070348248
"ENSG00000160194",175.49593985732,-0.171927672975045,0.287950920132439,-0.597072837607081,0.550458751862897,0.997528070348248
"ENSG00000160201",269.249353322011,0.0670786489545194,0.25497681095663,0.263077448897614,0.792490885068228,0.997528070348248
"ENSG00000160208",122.453514876791,0.0352707192909925,0.297469490548982,0.118569199234181,0.905616668620563,0.997528070348248
"ENSG00000160209",468.140749049101,0.0764043975803976,0.229944794839059,0.33227278588269,0.739683287358829,0.997528070348248
"ENSG00000160211",119.287465635586,0.0112092131390526,0.297955534458659,0.0376204226560789,0.969990324522032,0.997528070348248
"ENSG00000160213",312.829848919432,0.0890834546857524,0.246176838025761,0.361867734593416,0.717450872295736,0.997528070348248
"ENSG00000160216",333.941387822228,-0.130764234072483,0.238685934772291,-0.547850606267328,0.583794486929534,0.997528070348248
"ENSG00000160218",214.702834618481,-0.161831828115601,0.261284253900004,-0.619370764598524,0.535672136132987,0.997528070348248
"ENSG00000160221",281.097822849507,0.0880653129086221,0.253888262313063,0.34686642110312,0.728691674344572,0.997528070348248
"ENSG00000160271",301.841413673285,0.0594616087159482,0.255623106101443,0.232614373648802,0.816060864898104,0.997528070348248
"ENSG00000160299",178.410448078025,0.0142816959352487,0.275546283024963,0.0518304793607209,0.958663769165843,0.997528070348248
"ENSG00000160310",325.544662396974,0.0867237903920397,0.240624778062007,0.360410889894688,0.718539884118919,0.997528070348248
"ENSG00000160410",104.416015036531,0.192932930052089,0.309846851743649,0.62267190699653,0.533500147413547,0.997528070348248
"ENSG00000160439",102.36591178785,-0.0176665460556841,0.314963884732954,-0.0560907040839392,0.955269549347654,0.997528070348248
"ENSG00000160445",275.755205733841,-0.10170867207812,0.2469474992735,-0.411863543373951,0.680439443369421,0.997528070348248
"ENSG00000160584",177.076703087674,0.202490580581806,0.271726282042614,0.745200571176437,0.456150477634341,0.997528070348248
"ENSG00000160633",331.509136942077,0.0307090237571084,0.238880900751331,0.12855370044454,0.897710803907466,0.997528070348248
"ENSG00000160679",275.024836838917,-0.115429372518043,0.251589898277249,-0.458799710594267,0.646378002609425,0.997528070348248
"ENSG00000160685",303.674386795686,-0.166410639897232,0.248947746237082,-0.668456101381021,0.503842494662641,0.997528070348248
"ENSG00000160691",289.255197859432,0.0819526545704661,0.264426954384195,0.309925494400977,0.756617614994872,0.997528070348248
"ENSG00000160695",186.387888959786,0.112525498634495,0.276268344100283,0.407305075074577,0.683783935797041,0.997528070348248
"ENSG00000160714",199.805588184659,0.0639334560148449,0.266281769481409,0.240097007539634,0.810255054011647,0.997528070348248
"ENSG00000160741",135.480602789185,0.114444530780235,0.291037655965116,0.393229289868775,0.694150138412408,0.997528070348248
"ENSG00000160752",120.009182829519,-0.0539322708438925,0.299940945159841,-0.179809631576481,0.857302021957142,0.997528070348248
"ENSG00000160753",168.09696725325,0.0725694449911426,0.276151269539154,0.26278874296775,0.7927134124958,0.997528070348248
"ENSG00000160785",111.04001722858,-0.201108329910833,0.321980823449295,-0.624597228357929,0.532235439229823,0.997528070348248
"ENSG00000160796",409.060742773609,-0.0540723602882184,0.230870726923267,-0.234210551544674,0.814821523863656,0.997528070348248
"ENSG00000160818",103.527580198339,0.0828617089000602,0.329036136599257,0.251831636963875,0.80117120245306,0.997528070348248
"ENSG00000160862",2133.16026613877,0.308125356871753,0.614594891650034,0.501347084165495,0.61612687384835,0.997528070348248
"ENSG00000160877",145.385260542458,-0.184423727091705,0.283608332264419,-0.650276124185799,0.515513876659517,0.997528070348248
"ENSG00000160888",331.113162150004,0.0425317373499237,0.245074589661634,0.173546092267851,0.862222201096991,0.997528070348248
"ENSG00000160948",299.339389042108,-0.0542273682460284,0.245326779162796,-0.221041373596006,0.825060218162097,0.997528070348248
"ENSG00000160953",229.360158824324,0.174425863264614,0.255434434802786,0.682859628535532,0.494695546477586,0.997528070348248
"ENSG00000161011",495.359174532329,-0.109804832349737,0.228930672235896,-0.479642292041108,0.63148176849469,0.997528070348248
"ENSG00000161013",215.532819765224,-0.147786099287858,0.259150174577301,-0.570272042181376,0.568493200163948,0.997528070348248
"ENSG00000161016",2207.04791233883,0.128482531087801,0.212225430750637,0.605405914990305,0.544909321818206,0.997528070348248
"ENSG00000161021",197.502494444667,-0.139215457114771,0.270047705429129,-0.515521718259169,0.606188497069261,0.997528070348248
"ENSG00000161057",224.81940250924,-0.126198202193039,0.256528085390249,-0.491946922696817,0.622756865979541,0.997528070348248
"ENSG00000161091",158.527063089476,0.104045429543037,0.281740482085624,0.369295277600242,0.711907645110072,0.997528070348248
"ENSG00000161202",505.897149657824,-0.0247493855851292,0.244619943534376,-0.101174847919345,0.919411662699456,0.997528070348248
"ENSG00000161203",983.186365944817,-0.157411194280302,0.234759988429265,-0.670519688357075,0.502526559914945,0.997528070348248
"ENSG00000161204",244.544548930635,-0.22599485080598,0.28316412690819,-0.798105513129684,0.424809262397176,0.997528070348248
"ENSG00000161217",204.337503770587,0.172663349605681,0.261876365330245,0.659331549022914,0.50968288739546,0.997528070348248
"ENSG00000161267",127.385578170268,-0.225300717062173,0.304505899032529,-0.739889498948936,0.459367046740345,0.997528070348248
"ENSG00000161526",164.190894336956,0.0775762243017255,0.273550544309018,0.283590093003402,0.776724530185342,0.997528070348248
"ENSG00000161547",441.098622759618,0.058252210950691,0.228356856120208,0.255092892503419,0.798651353579519,0.997528070348248
"ENSG00000161551",149.06122402535,-0.100903024348822,0.284074275256299,-0.355199443025188,0.722440181958391,0.997528070348248
"ENSG00000161671",311.307832847773,-0.183653247456737,0.243342693548164,-0.754710341941652,0.450422799841736,0.997528070348248
"ENSG00000161813",164.636326849316,-0.237236700445738,0.280001873611062,-0.847268260694829,0.396845613467247,0.997528070348248
"ENSG00000161904",173.214868316509,-0.125244689239501,0.270112879167176,-0.46367537018472,0.642880345912367,0.997528070348248
"ENSG00000161921",106.049767419692,0.250554877978155,0.337485011244424,0.74241779525044,0.457834241050479,0.997528070348248
"ENSG00000161996",114.876472924124,0.191208366846674,0.30340684947242,0.630204516408106,0.528560784729329,0.997528070348248
"ENSG00000162144",137.185033523697,-0.0820627431780479,0.288122328099606,-0.28481910346663,0.775782735696734,0.997528070348248
"ENSG00000162191",166.448371246536,0.184731064562267,0.274130810331868,0.673879248883509,0.500388085902269,0.997528070348248
"ENSG00000162231",629.128336872475,0.00961702254371324,0.222457522240893,0.0432308264824564,0.965517532072393,0.997528070348248
"ENSG00000162236",212.941902262898,-0.137535662265912,0.263040265592734,-0.522869234320418,0.601065255599672,0.997528070348248
"ENSG00000162244",379.358580860882,-0.177222373315027,0.247727980309287,-0.715391023225418,0.474367457817166,0.997528070348248
"ENSG00000162337",367.268983882428,-0.0519763156390825,0.258916394943441,-0.200745555917525,0.840897536257149,0.997528070348248
"ENSG00000162368",693.108500448226,-0.00734571449885944,0.219379239192574,-0.0334840914112719,0.973288551933391,0.997528070348248
"ENSG00000162384",126.453436151378,0.193442460045067,0.293462941377012,0.659171679863154,0.509785530506532,0.997528070348248
"ENSG00000162402",246.321041361973,-0.0394264113295695,0.251078151844632,-0.157028443295085,0.875222431667142,0.997528070348248
"ENSG00000162408",132.533163865454,0.202573687045561,0.29527645176293,0.686047552509209,0.492683122455735,0.997528070348248
"ENSG00000162433",141.261538441064,-0.0225264480582658,0.29371039909312,-0.076696120150393,0.938865291122588,0.997528070348248
"ENSG00000162496",525.018377726045,0.102981153992008,0.230456398392354,0.446857430344295,0.654978001994729,0.997528070348248
"ENSG00000162517",173.363782401547,0.0545503585955662,0.271235981119843,0.201117707062116,0.840606536638709,0.997528070348248
"ENSG00000162521",279.722429864985,-0.0178833792906572,0.245822372704633,-0.072749193223942,0.942005701695231,0.997528070348248
"ENSG00000162542",170.442509897998,-0.165365325745114,0.273858969970156,-0.603833884875615,0.545954088741971,0.997528070348248
"ENSG00000162545",183.865066973033,-0.089484654770808,0.306521756161032,-0.291935736932804,0.770335758945792,0.997528070348248
"ENSG00000162591",153.596069078565,0.131023116018181,0.28328689478089,0.462510332924232,0.643715394120177,0.997528070348248
"ENSG00000162599",257.74502490522,-0.0942770678289781,0.249494657365546,-0.377872090827374,0.705525616241615,0.997528070348248
"ENSG00000162607",119.531383951634,-0.141530609332609,0.307399584400905,-0.460412494078155,0.645220168358006,0.997528070348248
"ENSG00000162664",144.379168784709,0.165839438182581,0.294351153346657,0.563406789126022,0.573157915229153,0.997528070348248
"ENSG00000162704",245.952588464945,0.12173326950816,0.260729156246927,0.466895498993873,0.64057464571722,0.997528070348248
"ENSG00000162714",153.868311206675,0.237430584911272,0.278265277939533,0.8532526467886,0.393519213680743,0.997528070348248
"ENSG00000162734",537.144057663711,0.189382718384685,0.230654024557573,0.821068345752683,0.411607339214097,0.997528070348248
"ENSG00000162735",194.294719389573,-0.178883788259784,0.265713262519128,-0.673221150362815,0.500806607438614,0.997528070348248
"ENSG00000162772",562.53535753019,-0.0405751239751641,0.257609667186107,-0.157506216355814,0.874845909100664,0.997528070348248
"ENSG00000162804",199.951907505073,0.0476256268675967,0.26359348040073,0.18067831873229,0.856620077831505,0.997528070348248
"ENSG00000162819",150.507482055762,-0.117195684206679,0.281464028970805,-0.416378905095669,0.677132762100723,0.997528070348248
"ENSG00000162825",220.23064042366,-0.233465307698283,0.280520302692368,-0.832258148367651,0.405263248292156,0.997528070348248
"ENSG00000162836",121.596996614275,0.0268473281120119,0.309615327075689,0.0867118833088285,0.930900530483998,0.997528070348248
"ENSG00000162852",108.871469666462,-0.111386215842633,0.320771267750445,-0.347244990562216,0.728407273582315,0.997528070348248
"ENSG00000162869",124.69508255613,-0.171301386969122,0.295556169696086,-0.579589954577053,0.562191168858988,0.997528070348248
"ENSG00000162889",249.513857064427,0.201679341579144,0.281651717284472,0.716059335705896,0.473954711474725,0.997528070348248
"ENSG00000162923",521.110438993993,-0.0500961278185805,0.229582096829518,-0.218205724707623,0.827268824880573,0.997528070348248
"ENSG00000162928",124.200798499183,-0.179008522042083,0.297450788712446,-0.601808866659741,0.547301372357924,0.997528070348248
"ENSG00000163050",186.39289008848,-0.0750669874112575,0.266387062278578,-0.281796671239068,0.778099423508786,0.997528070348248
"ENSG00000163083",108.698288167465,-0.250709731862344,0.309766314172015,-0.80935117988047,0.418313175166505,0.997528070348248
"ENSG00000163104",141.418223939804,-0.171951716757204,0.28567020707948,-0.601923870588867,0.547224813993908,0.997528070348248
"ENSG00000163113",173.440599577859,0.0735421577941311,0.273989794731956,0.268412032886398,0.78838217833446,0.997528070348248
"ENSG00000163125",241.318670445925,-0.103161724592548,0.251566472539346,-0.410077398435568,0.681749171791814,0.997528070348248
"ENSG00000163161",210.416855598196,0.0669702218177578,0.259313014796055,0.258260164343964,0.796206127863618,0.997528070348248
"ENSG00000163162",145.041379944441,-0.0486143274096471,0.291505786303736,-0.166769682434342,0.867551274485436,0.997528070348248
"ENSG00000163166",174.507773461571,-0.0870174952216169,0.275237643510536,-0.316154048231727,0.751885584379047,0.997528070348248
"ENSG00000163214",103.662018276668,0.103276320897211,0.311936740123634,0.331080977688867,0.740583319739484,0.997528070348248
"ENSG00000163257",198.890946894199,-0.211562302018576,0.264780436171898,-0.799010323712993,0.424284425846515,0.997528070348248
"ENSG00000163320",325.001811857993,-0.0930325245356578,0.24828599167309,-0.3746990472912,0.707884300877158,0.997528070348248
"ENSG00000163348",159.069046619496,-0.0175534437945161,0.278571488704071,-0.0630123487373945,0.949756670993192,0.997528070348248
"ENSG00000163374",155.148908560788,0.0842593163249575,0.278252224763584,0.302816325715089,0.762029841095434,0.997528070348248
"ENSG00000163382",150.994463762787,-0.0614962615130168,0.29896949019452,-0.205694104348257,0.837029864136926,0.997528070348248
"ENSG00000163386",206.430043172792,0.0998435507255237,0.261012238584577,0.382524402943545,0.702072431745268,0.997528070348248
"ENSG00000163399",2132.09041867978,0.0764096657315236,0.206696679421931,0.369670504360393,0.711628011453848,0.997528070348248
"ENSG00000163412",106.72373757834,0.222910762235385,0.318928873395659,0.698935658794509,0.484592241447534,0.997528070348248
"ENSG00000163430",2744.64344533251,-0.0399185020222786,0.212738309726114,-0.187641342425212,0.851157815268447,0.997528070348248
"ENSG00000163466",527.858538117365,0.0793675085084469,0.225264205556997,0.352330758951248,0.724590222907038,0.997528070348248
"ENSG00000163468",553.866761925911,-0.0934929992206542,0.233745190190309,-0.399978280385298,0.689172514219949,0.997528070348248
"ENSG00000163479",518.849170864459,-0.099792095733487,0.229713689923361,-0.434419453915786,0.663983873392667,0.997528070348248
"ENSG00000163482",237.750078263147,-0.0470880562405516,0.254331593718534,-0.185144344641128,0.853115820810157,0.997528070348248
"ENSG00000163486",102.773320933113,0.272243607798075,0.346661920177468,0.785328851979774,0.432260783745637,0.997528070348248
"ENSG00000163516",315.18747305648,-0.0616897121250068,0.24349055228339,-0.253355670462353,0.799993380161893,0.997528070348248
"ENSG00000163520",363.690038023888,0.0722623993645428,0.255366584604631,0.282975156974522,0.777195880862449,0.997528070348248
"ENSG00000163527",684.453685686201,-0.035820365042265,0.227359217135609,-0.157549649816483,0.874811681537853,0.997528070348248
"ENSG00000163541",209.323383806349,0.0162083462066507,0.261680392540909,0.0619394752861233,0.950611031100557,0.997528070348248
"ENSG00000163602",213.183146190103,-0.181054614472209,0.261810906695213,-0.691547257360764,0.489221693558402,0.997528070348248
"ENSG00000163605",120.718526267455,-0.0709165550848777,0.304929673054386,-0.232566920675606,0.816097716482935,0.997528070348248
"ENSG00000163608",139.679502932229,0.145298633172011,0.285460428659325,0.508997460188828,0.610754004373056,0.997528070348248
"ENSG00000163635",159.175671988882,-0.249859751963947,0.292558945656268,-0.854049263144086,0.393077694322383,0.997528070348248
"ENSG00000163636",209.994149355113,-0.0642407994333239,0.260356116252705,-0.246742040701556,0.805107868478776,0.997528070348248
"ENSG00000163655",179.290474309334,-0.0407735331123952,0.26975664076785,-0.151149321093024,0.879857926785548,0.997528070348248
"ENSG00000163659",158.11994958633,-0.208835719695192,0.312677426160847,-0.667895096423634,0.504200557704971,0.997528070348248
"ENSG00000163660",782.811031242226,-0.0426144639668979,0.223318348298225,-0.190823836427401,0.84866361306276,0.997528070348248
"ENSG00000163697",153.139420051903,-0.0721949398025408,0.282340640521218,-0.255701551392901,0.79818129714665,0.997528070348248
"ENSG00000163702",232.134277841622,-0.127956628093465,0.290869593172661,-0.439910637264549,0.660001831320943,0.997528070348248
"ENSG00000163703",255.203245654763,0.0840552934538177,0.262006252697447,0.320814074429288,0.748351292876821,0.997528070348248
"ENSG00000163714",304.380020167067,-0.128985144302847,0.244154733769049,-0.528292621288499,0.597296252160953,0.997528070348248
"ENSG00000163719",118.112798215895,0.0591631745287289,0.299227089098877,0.197719981526067,0.843264155336687,0.997528070348248
"ENSG00000163738",103.101351556627,-0.12141713340499,0.321897572650908,-0.377191826595924,0.706031053917708,0.997528070348248
"ENSG00000163754",199.555728288239,0.0876460951580834,0.273064192043424,0.320972495522757,0.748231234387794,0.997528070348248
"ENSG00000163785",206.138729753766,0.228766233405253,0.26679874282527,0.85744869328367,0.391196958353263,0.997528070348248
"ENSG00000163807",112.731369686935,-0.12568655261452,0.31864432394669,-0.394441523570173,0.693255092153556,0.997528070348248
"ENSG00000163810",29231.2306683533,0.75943050681789,1.62983105123812,0.465956582580128,0.641246578595386,0.997528070348248
"ENSG00000163811",118.142343148825,0.0855745637051379,0.30331246947549,0.282133351962482,0.77784126040197,0.997528070348248
"ENSG00000163812",282.534552810167,0.0447136969522988,0.245010166795418,0.182497312405956,0.855192463333249,0.997528070348248
"ENSG00000163820",364.728559898157,0.123919355507172,0.240067737632737,0.516184959833078,0.605725233762803,0.997528070348248
"ENSG00000163872",175.191776859053,-0.113833184541797,0.27234775857695,-0.417969970219654,0.675969073270282,0.997528070348248
"ENSG00000163879",113.201581042576,-0.272418616307538,0.307403152840099,-0.886193306056432,0.375513370168555,0.997528070348248
"ENSG00000163900",102.974488470725,-0.194968566177476,0.311009200145761,-0.626890027967339,0.530731324391733,0.997528070348248
"ENSG00000163902",918.221087826211,-0.185199857191352,0.21800667960879,-0.849514599844788,0.395595009728589,0.997528070348248
"ENSG00000163904",136.660712371187,0.170319024963401,0.289292499324343,0.588743314676978,0.556033476717009,0.997528070348248
"ENSG00000163909",107.09231373523,0.177334456237276,0.357754233276493,0.495687932503714,0.620114602423596,0.997528070348248
"ENSG00000163913",122.425257501964,-0.0171346427703558,0.30179895732557,-0.056775023088869,0.95472441052416,0.997528070348248
"ENSG00000163930",264.25505141964,0.120709354980243,0.252277434371399,0.478478605433006,0.632309598232125,0.997528070348248
"ENSG00000163931",290.970077564362,0.195217308607891,0.246331612219976,0.792497994262955,0.428070360819902,0.997528070348248
"ENSG00000163938",448.770018336401,-0.20064993938075,0.234383772687672,-0.85607436504628,0.391956647098452,0.997528070348248
"ENSG00000163947",142.872523139262,0.0147611996594979,0.285288602094615,0.0517412877735732,0.958734838396299,0.997528070348248
"ENSG00000163956",380.35698088959,0.0425216973049812,0.237630106289859,0.178940698924377,0.857984265376308,0.997528070348248
"ENSG00000163960",153.248905889122,-0.053137905373494,0.289672849302752,-0.183441097435945,0.854451931838711,0.997528070348248
"ENSG00000164024",203.153525868689,0.153112816788618,0.264037347799443,0.579890754337219,0.561988291023895,0.997528070348248
"ENSG00000164032",148.011307932098,0.193202117896232,0.282813325721066,0.683143615682324,0.494516097303156,0.997528070348248
"ENSG00000164040",312.533947207023,-0.0324709047053328,0.240356970762009,-0.135094499661856,0.892537158946588,0.997528070348248
"ENSG00000164048",196.173490906563,-0.0324773317169377,0.335901434219854,-0.0966870885572958,0.922974893625831,0.997528070348248
"ENSG00000164050",796.562300497539,0.0494997080985212,0.214817600163644,0.230426687854316,0.817760225138092,0.997528070348248
"ENSG00000164054",563.676065073022,-0.0117670936633645,0.231158240192463,-0.0509049283883074,0.959401278317596,0.997528070348248
"ENSG00000164056",137.842040758455,0.142532014666042,0.330748371028919,0.430937918825243,0.66651351118786,0.997528070348248
"ENSG00000164068",139.73041561142,-0.201225065770399,0.289283809147028,-0.695597400918233,0.486680994325829,0.997528070348248
"ENSG00000164080",211.042073484526,0.101274131039174,0.260720168085409,0.38843995761002,0.697690479180105,0.997528070348248
"ENSG00000164081",166.495464492033,-0.237744531060239,0.282185227950526,-0.842512319964251,0.399501246596517,0.997528070348248
"ENSG00000164091",427.263306125934,0.201563105103083,0.23435175806049,0.860087872910498,0.389740605578781,0.997528070348248
"ENSG00000164096",366.780820395031,0.19502651758036,0.236217568574019,0.82562240716337,0.409018320272062,0.997528070348248
"ENSG00000164111",1264.93398526534,-0.0708813778547781,0.217815555425802,-0.325419264552588,0.74486377727759,0.997528070348248
"ENSG00000164125",346.762878862456,-0.185712922119612,0.281696941734014,-0.659264956788092,0.509725641257464,0.997528070348248
"ENSG00000164134",119.292755400583,-0.0584091839018272,0.305251256107942,-0.191347890411867,0.848253043063815,0.997528070348248
"ENSG00000164164",126.440808184437,-0.227574073241793,0.319018635854078,-0.713356674705009,0.475625075489626,0.997528070348248
"ENSG00000164168",191.237193345161,-0.209978257356467,0.271759760517514,-0.772661327624823,0.439722839336492,0.997528070348248
"ENSG00000164172",120.703766910467,0.229500157365902,0.310506366900284,0.739115785795157,0.459836692054727,0.997528070348248
"ENSG00000164209",161.960123721363,-0.139173243367067,0.282579262149907,-0.492510463465068,0.622358526831447,0.997528070348248
"ENSG00000164252",105.553867252071,-0.108868235546109,0.310153632540978,-0.35101389802915,0.725577921876793,0.997528070348248
"ENSG00000164292",258.026139054627,-0.204908152531092,0.250597927001436,-0.81767696557968,0.41354166664408,0.997528070348248
"ENSG00000164307",226.187161491549,-0.151738567440272,0.275013329050664,-0.551749865957654,0.581119740006523,0.997528070348248
"ENSG00000164308",164.089925649235,0.0540362775686199,0.307470679218251,0.175744489542899,0.860494681627652,0.997528070348248
"ENSG00000164323",165.545750170516,-0.236169825070802,0.278593274529433,-0.847722636053266,0.396592456931803,0.997528070348248
"ENSG00000164329",156.032926714758,0.0995647231011547,0.289460724155513,0.343966261369758,0.73087165920117,0.997528070348248
"ENSG00000164402",250.336382198408,0.222926627861208,0.257894831010107,0.86440905770799,0.387363218869422,0.997528070348248
"ENSG00000164405",323.960690450411,0.128676125723434,0.244297697082676,0.526718537505846,0.598389060545571,0.997528070348248
"ENSG00000164463",120.309554469189,-0.128393420668484,0.310319101506474,-0.413746430835826,0.679059819327483,0.997528070348248
"ENSG00000164466",123.414228740853,-0.107670143492062,0.295175285599165,-0.364766797035553,0.715285491973541,0.997528070348248
"ENSG00000164548",340.254021103867,0.0387962492557259,0.251332734986119,0.154362101927823,0.877324233742039,0.997528070348248
"ENSG00000164574",251.174380433479,0.21823389386437,0.290323455833116,0.751692257307019,0.452236147709529,0.997528070348248
"ENSG00000164576",212.428434630322,-0.0130714267202155,0.26627246071214,-0.0490904192091674,0.960847238566898,0.997528070348248
"ENSG00000164609",154.23726266258,-0.0355069106825335,0.280306802926486,-0.126671598091201,0.899200326160699,0.997528070348248
"ENSG00000164631",132.863249195757,-0.24000298279528,0.289996592109737,-0.827606217884316,0.407893545755157,0.997528070348248
"ENSG00000164713",202.090621279329,-0.0395032962249996,0.269635185503635,-0.146506458907482,0.883521591465163,0.997528070348248
"ENSG00000164751",167.253411566466,0.027892933817167,0.285068559069902,0.0978464054688239,0.922054257913462,0.997528070348248
"ENSG00000164754",446.810344444916,-0.11520190116706,0.232679693774533,-0.49510938964313,0.620522906161545,0.997528070348248
"ENSG00000164808",224.881922533698,-0.184325365447054,0.262133530004318,-0.703173552212177,0.481947599207509,0.997528070348248
"ENSG00000164828",504.723705292152,-0.0448882571585909,0.233927031260813,-0.191889996280693,0.847828373640767,0.997528070348248
"ENSG00000164830",117.117838315704,0.0410712784003743,0.300169804085525,0.136826815493647,0.89116768728243,0.997528070348248
"ENSG00000164877",253.666822021442,-0.0215391366689779,0.254332061838999,-0.0846890341439251,0.932508614131664,0.997528070348248
"ENSG00000164889",179.450403980764,-0.0172782736352174,0.294561080915572,-0.0586576936148931,0.953224756887406,0.997528070348248
"ENSG00000164904",188.151348005378,0.241191391238998,0.285612394765446,0.844471023174859,0.398406249043849,0.997528070348248
"ENSG00000164916",234.041605599346,0.141298844599402,0.257747052350584,0.548207412309061,0.583549493086488,0.997528070348248
"ENSG00000164919",249.21368395435,0.194657175685265,0.259842023750041,0.749136621074499,0.453774864506765,0.997528070348248
"ENSG00000164924",1163.7744891515,-0.151864003130956,0.211445774240461,-0.718217252988244,0.472623341561733,0.997528070348248
"ENSG00000164944",199.012691015485,-0.0182153860747974,0.261774998727644,-0.0695841320345075,0.944524667125537,0.997528070348248
"ENSG00000164970",130.082197259846,0.110417696796208,0.296687759811496,0.372168022254651,0.709767753301555,0.997528070348248
"ENSG00000165006",197.193346880305,0.0556816377878829,0.26234460729709,0.212246168738002,0.831914989696632,0.997528070348248
"ENSG00000165030",177.168960438983,0.209579730359945,0.293112952929506,0.715013540907381,0.474600676186074,0.997528070348248
"ENSG00000165102",500.090385616698,0.111485503693954,0.22995777750765,0.484808580524071,0.627812135543028,0.997528070348248
"ENSG00000165119",914.282180283233,0.165674260403052,0.217777909995635,0.760748693044089,0.446807184833338,0.997528070348248
"ENSG00000165175",109.51181103524,0.0735307385140569,0.318778321285261,0.230664175084408,0.817575707159969,0.997528070348248
"ENSG00000165238",588.162882806562,-0.096972955853521,0.226105170248721,-0.42888429197284,0.668007432104145,0.997528070348248
"ENSG00000165271",223.413187191614,-0.152919635710629,0.257437085162471,-0.59400779656171,0.552506898328544,0.997528070348248
"ENSG00000165280",1311.0130546216,-0.18838944536721,0.211180695931352,-0.892077017439366,0.372351652557611,0.997528070348248
"ENSG00000165282",176.724198484278,-0.173390332132095,0.275831278900856,-0.628610115658487,0.529604336186831,0.997528070348248
"ENSG00000165283",153.453849357366,0.0561200557202392,0.278977440094966,0.201163419168,0.840570794046168,0.997528070348248
"ENSG00000165389",167.841494416674,-0.194102940132928,0.281915412394554,-0.688514822528653,0.491128639350329,0.997528070348248
"ENSG00000165406",218.837324182685,-0.104528657946555,0.26270885413868,-0.397887837809137,0.690712865514751,0.997528070348248
"ENSG00000165416",127.464389920686,-0.0144265209112598,0.293590006486542,-0.0491383241681324,0.960809062012689,0.997528070348248
"ENSG00000165417",122.671556801546,-0.170300426721609,0.314079540177418,-0.542220695513658,0.587666479996072,0.997528070348248
"ENSG00000165458",576.430251367804,-0.049112231312247,0.221124986771682,-0.222101681177065,0.824234729154049,0.997528070348248
"ENSG00000165494",227.420968183165,-0.161929422410307,0.256014015817699,-0.632502177246471,0.527058786207198,0.997528070348248
"ENSG00000165502",236.356587669053,0.216521366336943,0.2583648054738,0.838045127469577,0.402005359071206,0.997528070348248
"ENSG00000165516",223.020932371692,0.0899359112019404,0.257182718564435,0.349696557000224,0.726566437851644,0.997528070348248
"ENSG00000165525",198.252454644654,-0.235545944665651,0.264345716680809,-0.891052624658439,0.372900938984658,0.997528070348248
"ENSG00000165533",141.215536596464,-0.238693470683781,0.316621971754735,-0.753875258122263,0.450924128516308,0.997528070348248
"ENSG00000165609",109.938707740922,0.171557538853614,0.310889613908515,0.551827823055219,0.581066322858049,0.997528070348248
"ENSG00000165629",262.29578785119,0.139308995803028,0.258265699045416,0.539401849792413,0.589609604952182,0.997528070348248
"ENSG00000165650",115.041661720376,-0.174857534272224,0.308183777203092,-0.567380722824333,0.570455544028212,0.997528070348248
"ENSG00000165659",102.694450752708,-0.122268832130699,0.313090158663157,-0.3905227575749,0.696150030452551,0.997528070348248
"ENSG00000165661",104.697428535302,-0.0964458752458973,0.333585629448278,-0.289118795091415,0.772490471095859,0.997528070348248
"ENSG00000165671",308.581034505672,-0.0198103567220632,0.252541328333969,-0.0784440188572435,0.937474859400276,0.997528070348248
"ENSG00000165688",136.094022488974,0.0169539012957351,0.289778891512002,0.0585063363562245,0.953345315459942,0.997528070348248
"ENSG00000165699",257.527745993747,0.0293414334151976,0.261271678036362,0.112302388210306,0.910583648266116,0.997528070348248
"ENSG00000165733",143.988715240204,0.0262274057126876,0.283546694620954,0.0924976598572187,0.926302650415205,0.997528070348248
"ENSG00000165775",136.112928958445,-0.133036621856641,0.292448971236389,-0.454905419205957,0.649177284029457,0.997528070348248
"ENSG00000165782",143.325075732417,-0.0268882562638012,0.287804563231542,-0.093425399381765,0.925565612970785,0.997528070348248
"ENSG00000165792",111.570932320108,0.0777127817642243,0.310501460042566,0.250281534114431,0.802369635767133,0.997528070348248
"ENSG00000165802",200.025982632175,0.0795694107575894,0.262437523377021,0.303193726772368,0.761742229468232,0.997528070348248
"ENSG00000165806",107.892186578601,-0.0904701869527652,0.325319001729136,-0.278096841782674,0.780938020049354,0.997528070348248
"ENSG00000165819",263.874148065194,-0.159681263960499,0.247286539351048,-0.645733748304898,0.518451800475653,0.997528070348248
"ENSG00000165905",124.667579576653,-0.178802506304187,0.300639408263116,-0.594740747186747,0.552016780129354,0.997528070348248
"ENSG00000165912",129.639688691809,-0.0422962724380867,0.304035079792667,-0.139116421917267,0.889358151597546,0.997528070348248
"ENSG00000165915",130.889733989497,-0.156736008003293,0.302704884254909,-0.517784866237258,0.604608378428264,0.997528070348248
"ENSG00000165916",206.176764171965,0.213347324840995,0.263251419963709,0.810431810283894,0.417692041457967,0.997528070348248
"ENSG00000165929",360.984833204177,-0.198000760021004,0.245574932748976,-0.806274312302869,0.420084698564306,0.997528070348248
"ENSG00000165943",223.9115354508,-0.048372394022292,0.263998840503299,-0.183229569986265,0.854617893615087,0.997528070348248
"ENSG00000165959",325.557978464922,-0.197203757577755,0.243080267392793,-0.811270119507868,0.417210565629997,0.997528070348248
"ENSG00000166002",133.534918054958,-0.258212631208269,0.310360030169036,-0.831977722993631,0.405421518881689,0.997528070348248
"ENSG00000166012",197.132334478315,-0.229996722627015,0.269789822746274,-0.852503331244328,0.393934790878183,0.997528070348248
"ENSG00000166073",119.701116641881,-0.220854101269083,0.317164689844815,-0.696338868545373,0.48621663701827,0.997528070348248
"ENSG00000166135",282.645181225495,-0.088365544410507,0.24435913529292,-0.361621611995725,0.717634812148538,0.997528070348248
"ENSG00000166147",326.37510853832,0.257340766384014,0.29057651689758,0.8856213472843,0.375821604299866,0.997528070348248
"ENSG00000166165",1340.15776627993,0.222722862206708,0.268597688395766,0.829206176482562,0.406987750555159,0.997528070348248
"ENSG00000166167",241.015365463158,-0.154387409923924,0.252594914200364,-0.6112055359969,0.541063518877592,0.997528070348248
"ENSG00000166169",110.277429257221,0.253765865643027,0.312284355643401,0.812611522342168,0.416440823232575,0.997528070348248
"ENSG00000166170",167.745736774911,0.0190330782906361,0.273377365489768,0.0696219976241904,0.944494527850801,0.997528070348248
"ENSG00000166181",206.910547850828,-0.0466150239651249,0.260139227032432,-0.17919259812098,0.857786475505919,0.997528070348248
"ENSG00000166197",354.062077537877,-0.0727449073251088,0.235634776966581,-0.308718892268716,0.757535371413312,0.997528070348248
"ENSG00000166200",209.004423436982,0.0866372718233308,0.269122585852639,0.321924938216706,0.74750956009721,0.997528070348248
"ENSG00000166224",436.926573808532,-0.177112471954803,0.228534255948733,-0.774993102104282,0.438343735583093,0.997528070348248
"ENSG00000166226",314.664045941034,-0.0449832816075956,0.24022961298126,-0.187251192928928,0.851463688450735,0.997528070348248
"ENSG00000166228",165.031319381039,-0.0452768630649849,0.282009522743921,-0.160550830427449,0.872447184003429,0.997528070348248
"ENSG00000166233",284.75038629765,-0.0276867137218373,0.244016146997787,-0.113462629676258,0.90966378891024,0.997528070348248
"ENSG00000166260",105.802709910291,-0.178019679647426,0.311387820982102,-0.571697631223856,0.567526839503681,0.997528070348248
"ENSG00000166272",280.601148130286,0.105700889662522,0.246013034235708,0.429655648087527,0.667446150679905,0.997528070348248
"ENSG00000166295",325.848917666769,0.00980450334126757,0.239201841305288,0.0409884108239546,0.96730513492166,0.997528070348248
"ENSG00000166313",112.116753712193,0.22936794237778,0.318691166412843,0.719718544318385,0.471698306088848,0.997528070348248
"ENSG00000166326",182.191909497257,-0.195140908836829,0.278920291232726,-0.699629661127833,0.484158613960606,0.997528070348248
"ENSG00000166337",196.780416831322,0.0360939285597812,0.266301548800288,0.135537809383338,0.892186672484978,0.997528070348248
"ENSG00000166340",576.954871828852,0.146185601434994,0.221713675288767,0.659344089824846,0.509674836100441,0.997528070348248
"ENSG00000166347",215.669422284631,-0.158355592166285,0.26517853853945,-0.597165943512911,0.550396594425366,0.997528070348248
"ENSG00000166348",368.657680988982,-0.205161648700631,0.23833893728391,-0.860797866427681,0.389349380315433,0.997528070348248
"ENSG00000166377",138.644409104666,0.0907144004189531,0.286099220305163,0.317073217893408,0.751188046206254,0.997528070348248
"ENSG00000166387",149.687803849717,0.132385586358114,0.290478128529054,0.455750617192759,0.648569318779594,0.997528070348248
"ENSG00000166398",255.402613192816,-0.124033633584233,0.251544716922362,-0.493087809999666,0.621950543708435,0.997528070348248
"ENSG00000166402",136.204795379652,0.0548696554536931,0.288865848678084,0.189948571992117,0.849349430328431,0.997528070348248
"ENSG00000166405",146.706345684035,-0.112672367844303,0.282506793834237,-0.39883064869022,0.690017992382699,0.997528070348248
"ENSG00000166436",145.826204770346,0.0093223179541229,0.285085302389227,0.032700100201571,0.973913743985896,0.997528070348248
"ENSG00000166451",193.351438799348,0.131462719329596,0.275822334825445,0.476621008276186,0.63363202092632,0.997528070348248
"ENSG00000166479",206.658155693562,-0.2353853876112,0.263494053077613,-0.893323340173705,0.371684042329945,0.997528070348248
"ENSG00000166483",178.950833379515,0.0152671793223597,0.280315666374193,0.0544642385487636,0.956565299784459,0.997528070348248
"ENSG00000166508",235.736999310857,0.208006880692633,0.25559333937542,0.813819644913005,0.415748279302277,0.997528070348248
"ENSG00000166526",131.120275251718,0.0716476029780824,0.29509582693906,0.242794361822264,0.808164703523021,0.997528070348248
"ENSG00000166532",127.95233769568,-0.0155690050061406,0.297372843047013,-0.0523551674948314,0.958245696248544,0.997528070348248
"ENSG00000166548",148.010937614836,-0.160030063228384,0.281304678028451,-0.568885182962362,0.569434061348921,0.997528070348248
"ENSG00000166562",745.265556219206,-0.171607418353456,0.286489416307389,-0.599000900505622,0.549172284068573,0.997528070348248
"ENSG00000166579",193.243062720697,-0.100451870119203,0.267474995019513,-0.375556115486141,0.70724692104585,0.997528070348248
"ENSG00000166595",106.330652238687,0.127126777572578,0.311440920824266,0.408189062747829,0.68313487726391,0.997528070348248
"ENSG00000166619",239.230575364561,0.028898319277741,0.251970596332306,0.114689252231753,0.908691433187914,0.997528070348248
"ENSG00000166681",392.216276063106,0.121693191373101,0.246602423085017,0.493479301017034,0.62167396183586,0.997528070348248
"ENSG00000166685",156.649074566177,0.0435016301908382,0.284610210648668,0.1528463440988,0.878519449782801,0.997528070348248
"ENSG00000166710",7555.55466691166,-0.0773936112986909,0.265386560122609,-0.291625963511246,0.770572621905179,0.997528070348248
"ENSG00000166716",178.151037916568,-0.124655124398146,0.270012285233247,-0.461664639779125,0.644321832293191,0.997528070348248
"ENSG00000166750",222.600634673279,0.137833000029204,0.304510895844276,0.452637333869626,0.650809910839314,0.997528070348248
"ENSG00000166770",119.5733929152,-0.0525610828411578,0.311036667499575,-0.16898677337208,0.865807045097213,0.997528070348248
"ENSG00000166783",381.730571539916,-0.13118863654346,0.233424470569326,-0.562017496381118,0.57410409841667,0.997528070348248
"ENSG00000166794",617.267041978776,-0.181017801141934,0.220646737035773,-0.820396456225801,0.411990135032836,0.997528070348248
"ENSG00000166825",1018.94067044419,0.352012645542553,1.20834336283812,0.291318392080011,0.770807822321361,0.997528070348248
"ENSG00000166847",172.667502242987,-0.159057482924959,0.271073609054485,-0.586768603110267,0.557359125984889,0.997528070348248
"ENSG00000166848",236.357095372883,0.186124837790997,0.260367409873427,0.714854589065036,0.474698899594917,0.997528070348248
"ENSG00000166855",158.801065572042,-0.187001633186651,0.276724676986529,-0.675767825345602,0.499188065553552,0.997528070348248
"ENSG00000166888",1009.4853296655,0.116639691530305,0.212810662140309,0.548091389581802,0.583629152551405,0.997528070348248
"ENSG00000166889",117.441936877663,0.188417250381872,0.302020346512804,0.623856149287228,0.532722060665619,0.997528070348248
"ENSG00000166900",166.91147942477,0.178637161566056,0.27639435604335,0.64631262419135,0.518076913809473,0.997528070348248
"ENSG00000166908",200.774008220466,-0.094882849248431,0.281614700621379,-0.336924347482831,0.736173930682641,0.997528070348248
"ENSG00000166912",144.504815915097,-0.0930945367650983,0.284410528565326,-0.327324509520454,0.74342245664357,0.997528070348248
"ENSG00000166913",749.833182632271,0.062099407701615,0.225760053157937,0.275068183378622,0.783263855020145,0.997528070348248
"ENSG00000166923",227.232519844314,0.219795280167432,0.852105005258031,0.257943890496072,0.796450210968416,0.997528070348248
"ENSG00000166925",145.208769474233,-0.0516167503215503,0.294681884731041,-0.175160920966219,0.860953190104148,0.997528070348248
"ENSG00000166938",146.554465307765,-0.00884359885011734,0.282762726120267,-0.0312756881766513,0.975049678945392,0.997528070348248
"ENSG00000166946",156.830956579288,-0.156614048907801,0.277440731452446,-0.564495516169891,0.572416950810981,0.997528070348248
"ENSG00000166974",176.662694957835,0.0744887574538825,0.27714097594177,0.268775691507752,0.788102300588853,0.997528070348248
"ENSG00000166987",376.880729389164,-0.0504877078839747,0.235766341086042,-0.214142984326798,0.830435556536161,0.997528070348248
"ENSG00000167004",2077.57735300335,-0.166319469389081,0.215321194783433,-0.772424979140409,0.439862764051671,0.997528070348248
"ENSG00000167005",258.333568199857,-0.137805893333361,0.266151558807478,-0.517772257095979,0.604617176946958,0.997528070348248
"ENSG00000167081",281.477827167279,-0.0167256327323845,0.251948997780669,-0.0663849941048181,0.947071316817481,0.997528070348248
"ENSG00000167110",522.494150477692,-0.0770597543376665,0.226279650355419,-0.340550969637032,0.733441645723255,0.997528070348248
"ENSG00000167113",242.084972969776,-0.0683013805487163,0.252484012025415,-0.270517645853319,0.78676204338706,0.997528070348248
"ENSG00000167118",108.867319129159,0.0378544359760448,0.314979501965911,0.120180633151619,0.904340059076511,0.997528070348248
"ENSG00000167182",107.909328984296,-0.159222863201373,0.307710358976411,-0.517443948689354,0.604846287121797,0.997528070348248
"ENSG00000167186",107.931448191357,-0.124908614771033,0.311165567983715,-0.401421711214431,0.688109667247,0.997528070348248
"ENSG00000167202",177.957369560564,0.149954978517003,0.272417915312206,0.550459313019655,0.582004376221859,0.997528070348248
"ENSG00000167220",111.728669699027,-0.128658927991469,0.30422867975088,-0.42290203572136,0.672366737490275,0.997528070348248
"ENSG00000167258",234.501976610573,-0.203684094975678,0.254499780782249,-0.800331121502813,0.423518976373211,0.997528070348248
"ENSG00000167280",188.404719509776,0.112887117979499,0.27036157633963,0.417541277528612,0.676282538700868,0.997528070348248
"ENSG00000167291",673.203196220414,-0.152499225420143,0.219738929879691,-0.69400185712945,0.487681044268857,0.997528070348248
"ENSG00000167325",147.527845080375,0.125282875328948,0.285845966638765,0.438288064030208,0.661177477274495,0.997528070348248
"ENSG00000167333",159.817784187131,-0.0164280820495868,0.281214873048001,-0.0584182545948866,0.953415474538622,0.997528070348248
"ENSG00000167378",180.961987992567,0.01148294837975,0.269914840117717,0.0425428567571237,0.966065947906289,0.997528070348248
"ENSG00000167380",123.365376508541,-0.26070748945164,0.308126931316885,-0.846104195882579,0.397494620241186,0.997528070348248
"ENSG00000167460",1063.48018756586,0.193289495260324,0.226405417376917,0.853731759159001,0.393253632824362,0.997528070348248
"ENSG00000167468",435.65789167752,-0.129039010521062,0.233968376196566,-0.551523298228352,0.581275000003631,0.997528070348248
"ENSG00000167470",259.889528105583,0.130979702835705,0.279952114166237,0.467864667590716,0.639881371835421,0.997528070348248
"ENSG00000167491",159.03868474903,-0.106755827516161,0.278744401867245,-0.382988238691176,0.701728484621176,0.997528070348248
"ENSG00000167522",414.867948878363,-0.0713319503678399,0.234910592996863,-0.303655741777436,0.76139017963979,0.997528070348248
"ENSG00000167526",1035.75413162306,0.192852823671663,0.214761072896009,0.897987801378908,0.369192052929061,0.997528070348248
"ENSG00000167528",113.538622617112,-0.203726508462033,0.323482759436546,-0.629790931723506,0.528831379494397,0.997528070348248
"ENSG00000167553",118.875932738845,0.198544324184821,0.30755794551534,0.645550950901764,0.518570211292597,0.997528070348248
"ENSG00000167555",150.888226778956,-0.216588232045998,0.286792207419473,-0.755209613241713,0.450123221489191,0.997528070348248
"ENSG00000167615",2058.87985323324,0.0110299566442856,0.209587043656939,0.0526270920751183,0.958029030522166,0.997528070348248
"ENSG00000167632",122.111679768579,-0.199746700106075,0.302378279382045,-0.660585477615282,0.508878184796871,0.997528070348248
"ENSG00000167635",316.191347566849,-0.0326681357329538,0.240436589613411,-0.135870067802408,0.891923998437534,0.997528070348248
"ENSG00000167653",429.601003890311,1.31117170977715,1.67774094379523,0.781510229351109,0.434502462689258,0.997528070348248
"ENSG00000167658",8051.05026406602,0.013757085887757,0.200564248828177,0.0685919149007593,0.945314454684977,0.997528070348248
"ENSG00000167671",320.555050577996,-0.20230929482066,0.241085915612467,-0.839158497943372,0.401380373046927,0.997528070348248
"ENSG00000167674",133.317629223845,0.0497088434412334,0.290126917603484,0.171334820815111,0.863960502206171,0.997528070348248
"ENSG00000167685",182.07385079856,0.0448923189370122,0.268992357020786,0.166890685795743,0.867456062025303,0.997528070348248
"ENSG00000167693",200.947197882264,0.113731673265698,0.26447432015878,0.430029173333041,0.667174419848034,0.997528070348248
"ENSG00000167699",217.585684277239,0.0269993473516693,0.257777437781336,0.104738985630588,0.916582926020772,0.997528070348248
"ENSG00000167716",130.520953156722,0.144770310553409,0.294169003790707,0.492133123095487,0.622625237887678,0.997528070348248
"ENSG00000167721",106.389702978121,0.240593089856038,0.326730472399817,0.736365629103695,0.461508215940483,0.997528070348248
"ENSG00000167749",1983.31092027882,-0.265817039561398,0.322082369881278,-0.82530763686128,0.409196957228122,0.997528070348248
"ENSG00000167766",537.962528847697,-0.13372217986439,0.230610119219256,-0.57986258502929,0.562007288633961,0.997528070348248
"ENSG00000167770",213.544526991327,-0.0397699891700069,0.263217877929973,-0.151091519629177,0.879903522058961,0.997528070348248
"ENSG00000167778",259.264610200553,0.20540230035415,0.258597234658569,0.794294264690598,0.427024142127089,0.997528070348248
"ENSG00000167797",115.151479204163,-0.110487061252625,0.306816950536217,-0.360107422551228,0.718766802255152,0.997528070348248
"ENSG00000167815",331.312724286278,-0.0969766810489861,0.243112814283676,-0.398895802077422,0.689969982494014,0.997528070348248
"ENSG00000167880",149.317317667584,-0.144397161718233,0.287796276633089,-0.50173394669148,0.615854682148127,0.997528070348248
"ENSG00000167881",266.021797514059,0.0432028942386082,0.253337424804864,0.170534986182502,0.864589422322723,0.997528070348248
"ENSG00000167925",115.644567898882,-0.237120817576568,0.312438967460091,-0.758934839351805,0.447891536784244,0.997528070348248
"ENSG00000167967",144.18880701905,-0.167408363840331,0.291396364673131,-0.574503954529831,0.565626825299262,0.997528070348248
"ENSG00000167978",5432.05588094119,-0.124822044411231,0.19952156477297,-0.625606783674044,0.531572888191196,0.997528070348248
"ENSG00000167986",870.303204757093,-0.0881939162462801,0.21551728753015,-0.40921968375248,0.682378450442982,0.997528070348248
"ENSG00000167987",163.84116164187,0.0254221642023949,0.281125303557572,0.0904300106773869,0.927945509312349,0.997528070348248
"ENSG00000167996",131.043391002297,0.135286312852326,0.296571482184758,0.456167639099047,0.648269434090275,0.997528070348248
"ENSG00000168002",133.57939975103,-0.0187549460469468,0.288946675056129,-0.0649079836039076,0.948247264004234,0.997528070348248
"ENSG00000168003",354.750284424318,-0.0764787958390418,0.250632694593995,-0.305142934216668,0.760257292733917,0.997528070348248
"ENSG00000168014",140.02762887484,-0.202310948113815,0.285072601738871,-0.709682189308161,0.477901239360821,0.997528070348248
"ENSG00000168028",142.500855621913,0.153659323456417,0.288888159695988,0.531899000700203,0.594795949448995,0.997528070348248
"ENSG00000168036",1561.5244364105,0.0423262828281843,0.209667055284158,0.201873788759136,0.84001539373296,0.997528070348248
"ENSG00000168066",1085.03781801963,-0.0453494580026043,0.211141656184332,-0.214782145892675,0.829937173565255,0.997528070348248
"ENSG00000168090",223.380393624583,0.211954322142965,0.256148067462648,0.827467972889832,0.407971867655242,0.997528070348248
"ENSG00000168092",264.188895436601,-0.103223200968909,0.26143966303491,-0.394826093985308,0.692971235994657,0.997528070348248
"ENSG00000168137",610.898394358679,-0.0346980158329471,0.223530036664901,-0.155227531613407,0.876641944259368,0.997528070348248
"ENSG00000168159",339.552038554784,-0.114879002418004,0.243866161012854,-0.471073977385278,0.637587907494237,0.997528070348248
"ENSG00000168175",261.776257028123,-0.147430880799465,0.250769753613861,-0.587913329557602,0.556590468948877,0.997528070348248
"ENSG00000168214",301.311296417434,-0.0244797129880824,0.247619363881401,-0.0988602531093132,0.921249227680503,0.997528070348248
"ENSG00000168216",152.541276695618,0.116421860829957,0.291225552467435,0.399765267311066,0.689329414975184,0.997528070348248
"ENSG00000168259",184.632641126357,-0.119769501162554,0.273088019449043,-0.438574718159332,0.660969719269211,0.997528070348248
"ENSG00000168264",345.045159934948,0.0479344569226701,0.258773776357376,0.185236918506267,0.853043213345907,0.997528070348248
"ENSG00000168268",139.902143821301,0.0315147368244701,0.290943261813322,0.108319184393729,0.91374250520528,0.997528070348248
"ENSG00000168288",200.968128210447,0.0308358947785479,0.261684536566703,0.117836136529557,0.906197496191698,0.997528070348248
"ENSG00000168291",172.4857379241,0.0679906744449082,0.273130256574017,0.248931316865962,0.803413910278268,0.997528070348248
"ENSG00000168310",115.748826856154,-0.0531055943998308,0.300803875149298,-0.176545579319658,0.859865343858468,0.997528070348248
"ENSG00000168374",567.05168112288,-0.097999678032827,0.221614916853114,-0.442207047361261,0.658339386844706,0.997528070348248
"ENSG00000168385",1207.39016254296,0.142759334329487,0.216309891222404,0.659975988720303,0.50926923816584,0.997528070348248
"ENSG00000168394",288.269795479711,-0.2737402647694,0.32226232318503,-0.849433039717242,0.395640374973059,0.997528070348248
"ENSG00000168397",319.087553267571,-0.110060651510009,0.248483533775945,-0.442929355670101,0.657816833333871,0.997528070348248
"ENSG00000168434",141.049254080465,-0.227804513442762,0.286427767882549,-0.795329709569827,0.426421735889009,0.997528070348248
"ENSG00000168439",314.746460616741,0.0995374920459275,0.240897308996993,0.413194703005877,0.679463968700567,0.997528070348248
"ENSG00000168488",393.435692263858,0.0212187412340142,0.231658241132122,0.0915950200187888,0.927019808267638,0.997528070348248
"ENSG00000168522",182.307649295958,0.0617199805214077,0.267914457147424,0.230371967151609,0.817802742343931,0.997528070348248
"ENSG00000168528",357.138154064215,-0.143115831917269,0.237389716633624,-0.602872921147411,0.546593231362555,0.997528070348248
"ENSG00000168539",153.522836051678,-0.122406050698099,0.38016822410692,-0.321978647704319,0.747468870525644,0.997528070348248
"ENSG00000168575",141.018950495656,0.136350589628324,0.303831862557832,0.448769883712809,0.65359766606932,0.997528070348248
"ENSG00000168610",1047.99830054312,0.143070952428879,0.213683750536029,0.669545307352493,0.503147689203102,0.997528070348248
"ENSG00000168646",115.72061861063,-0.0918165767034026,0.303717360798297,-0.302309280121722,0.762416304600749,0.997528070348248
"ENSG00000168675",260.307042192922,0.041966117205704,0.27943943644265,0.150179651590862,0.880622879491295,0.997528070348248
"ENSG00000168710",550.719161723964,0.10658685601691,0.224452739051392,0.474874383210379,0.63487651117356,0.997528070348248
"ENSG00000168724",219.606727085655,-0.19025116578374,0.272396091988144,-0.698435738909279,0.484904732440165,0.997528070348248
"ENSG00000168758",252.902257338945,0.0768633747449626,0.262502191209932,0.292810411946209,0.769667069319971,0.997528070348248
"ENSG00000168763",158.361505219517,-0.0819127046790422,0.281321535830071,-0.291171112930795,0.770920454409969,0.997528070348248
"ENSG00000168781",104.511676106981,0.0249785499976258,0.311873888080257,0.0800918286278519,0.936164221680917,0.997528070348248
"ENSG00000168802",117.286268098565,-0.0905135470178771,0.299344064501212,-0.30237294722612,0.762367775114,0.997528070348248
"ENSG00000168827",214.100957365728,-0.0880165740198337,0.276555970528602,-0.318259532967599,0.750288077639328,0.997528070348248
"ENSG00000168872",124.587630344208,0.11022214829405,0.301984270843897,0.364993011013564,0.715116623300537,0.997528070348248
"ENSG00000168883",133.348619388333,0.178730116658031,0.289642904550858,0.61707058536505,0.537188169288192,0.997528070348248
"ENSG00000168887",157.972165839125,-0.115029692077917,0.283370934983612,-0.40593327641231,0.684791626999335,0.997528070348248
"ENSG00000168894",109.770154917027,-0.17808866340809,0.317891066783671,-0.56021915057236,0.575329966111779,0.997528070348248
"ENSG00000168906",1026.57664734629,0.0242917267115014,0.211920782182728,0.114626448908422,0.908741214687821,0.997528070348248
"ENSG00000168936",155.371879942722,-0.156321224522378,0.283524202315813,-0.551350548720543,0.58139339304159,0.997528070348248
"ENSG00000168958",142.322722328181,0.211055655500084,0.283790855700414,0.743701395801444,0.45705714483367,0.997528070348248
"ENSG00000169018",243.53750224885,-0.118292986466695,0.259702377930936,-0.455494429466307,0.648753574243504,0.997528070348248
"ENSG00000169021",114.200874923074,0.0897244593928961,0.307220900123839,0.292051938382866,0.770246913013697,0.997528070348248
"ENSG00000169032",148.485289285218,-0.0543002599698312,0.286091908928436,-0.189800054720926,0.849465813014001,0.997528070348248
"ENSG00000169045",2031.1940667253,-0.113181475071012,0.220871987499309,-0.512430192494946,0.608349964715565,0.997528070348248
"ENSG00000169047",171.915201036455,0.129604637162884,0.271220729320845,0.477856679640318,0.63275221630889,0.997528070348248
"ENSG00000169057",397.575516378481,0.181142602120725,0.23721232148373,0.763630662132992,0.445087371561642,0.997528070348248
"ENSG00000169093",121.417311102691,-0.016123372811901,0.300513872775353,-0.0536526738782336,0.957211889227325,0.997528070348248
"ENSG00000169100",1377.80327923563,0.0666708077439709,0.207209228529746,0.321755976879185,0.747637567477774,0.997528070348248
"ENSG00000169116",679.564316676042,0.0134250444425051,0.269162374497372,0.0498771214497375,0.960220309044867,0.997528070348248
"ENSG00000169136",124.240370831425,0.141111828344016,0.308530995561055,0.457366781212395,0.64740743679548,0.997528070348248
"ENSG00000169139",143.098612259824,0.0376639152463382,0.289918942767078,0.129911881186037,0.896636144126319,0.997528070348248
"ENSG00000169180",315.653345903859,-0.0702911394868862,0.250404526694361,-0.280710338646083,0.778932578379166,0.997528070348248
"ENSG00000169189",183.984421403433,-0.0952641377492306,0.268963765875171,-0.354189485112443,0.723196883164192,0.997528070348248
"ENSG00000169217",192.641087403345,0.159239042838899,0.263459466541385,0.604415718779592,0.545567287772892,0.997528070348248
"ENSG00000169231",174.424923305809,0.241615797749969,0.286599555573838,0.843043169645533,0.399204300575327,0.997528070348248
"ENSG00000169239",119.407436692645,-0.0185456361502633,0.320710110071243,-0.0578267898886739,0.953886598634441,0.997528070348248
"ENSG00000169241",120.516696166959,-0.299768914671538,0.339371015194247,-0.883307357583141,0.377070229594095,0.997528070348248
"ENSG00000169246",210.482942244979,0.100047650557617,0.263506691425683,0.379677836704323,0.704184574100359,0.997528070348248
"ENSG00000169251",184.210019881629,-0.0364362237431596,0.269387486861121,-0.135255813726581,0.892409619505045,0.997528070348248
"ENSG00000169375",304.76528406172,0.0483949379048057,0.242279319557656,0.19974852989171,0.841677257162694,0.997528070348248
"ENSG00000169398",456.057979223187,-0.19851578671207,0.235801810829221,-0.841875581930304,0.399857599534381,0.997528070348248
"ENSG00000169490",103.095357995072,0.0491628539994488,0.311115578697537,0.158021190083973,0.874440101227158,0.997528070348248
"ENSG00000169554",131.60899575311,0.273514317101926,0.311494970795688,0.878069769162745,0.37990585746912,0.997528070348248
"ENSG00000169564",385.000457616569,-0.207688056623732,0.238021346146167,-0.872560633684475,0.382902605500234,0.997528070348248
"ENSG00000169567",509.552828677557,-0.0104028485045779,0.23768044545992,-0.0437682135964028,0.965089164668096,0.997528070348248
"ENSG00000169592",342.027773469764,0.0710455131698131,0.237876851885855,0.298665097535023,0.765195590302631,0.997528070348248
"ENSG00000169641",180.151880661358,0.0770339813797842,0.280680248291225,0.274454586130535,0.783735299097282,0.997528070348248
"ENSG00000169660",142.833595878024,-0.178929023955106,0.283387072218893,-0.631394447721659,0.527782645486687,0.997528070348248
"ENSG00000169714",1064.76230852968,0.108271044082794,0.210176928745987,0.515142383746824,0.606453527198743,0.997528070348248
"ENSG00000169727",306.874443432801,-0.180082237071887,0.243717522969899,-0.738897371339724,0.45996931866182,0.997528070348248
"ENSG00000169756",217.534687418527,0.173552158587803,0.261416763383588,0.663890702116692,0.506760267609928,0.997528070348248
"ENSG00000169764",248.776784155951,0.12100676343643,0.251418380502206,0.481296407982265,0.630305849631631,0.997528070348248
"ENSG00000169813",668.163640365515,-0.145104239226504,0.218938001450519,-0.662764062269466,0.507481673479676,0.997528070348248
"ENSG00000169826",116.986427352397,0.160894719956505,0.339668994891163,0.47368091399705,0.635727465628377,0.997528070348248
"ENSG00000169871",107.496058619752,-0.140713351025867,0.307198974978751,-0.458052801236073,0.646914507216656,0.997528070348248
"ENSG00000169905",192.830357010172,-0.00824836378748724,0.273304382630045,-0.0301801372817813,0.975923389468171,0.997528070348248
"ENSG00000169914",108.655827033576,0.014470339025014,0.307922007597205,0.0469935200082963,0.96251839210885,0.997528070348248
"ENSG00000169919",291.373245363207,0.0162815473929971,0.250433553578601,0.0650134423296717,0.948163297467172,0.997528070348248
"ENSG00000169925",148.056057053341,-0.119670918616716,0.283233072342711,-0.422517461067947,0.67264735843396,0.997528070348248
"ENSG00000169926",268.995086937269,-0.0575821303569468,0.263397161022271,-0.218613329519061,0.826951268497964,0.997528070348248
"ENSG00000169976",136.922894758556,0.0859363034876488,0.293070606051935,0.293227303295029,0.769348415838071,0.997528070348248
"ENSG00000170004",2027.65139836731,-0.0471007650215073,0.213225684148929,-0.220896301538465,0.825173177238848,0.997528070348248
"ENSG00000170027",548.894714012863,0.024502771538755,0.222564834643001,0.110092735800146,0.912335829130395,0.997528070348248
"ENSG00000170035",113.192065408452,-0.159427034723387,0.309261537074982,-0.51550877044478,0.606197542481231,0.997528070348248
"ENSG00000170037",133.661232972359,0.076333086557145,0.290864576921765,0.262435142034077,0.792985982396508,0.997528070348248
"ENSG00000170043",149.09589914421,-0.0782857386556437,0.287085855731565,-0.272691033336187,0.785090727940682,0.997528070348248
"ENSG00000170142",245.972792779073,0.0113381244927783,0.252248815883461,0.0449481772711929,0.964148615714856,0.997528070348248
"ENSG00000170144",685.053951155356,-0.148522242524328,0.222966394638887,-0.666119406760254,0.505334781037071,0.997528070348248
"ENSG00000170145",241.531338561004,-0.189691143658704,0.259010879198875,-0.732367475240508,0.463944305086453,0.997528070348248
"ENSG00000170153",120.101830862318,-0.112662534323044,0.32453127190129,-0.347154632165344,0.728475152041597,0.997528070348248
"ENSG00000170234",102.612355566079,-0.092665260640575,0.311079138178444,-0.297883236989745,0.765792282428624,0.997528070348248
"ENSG00000170266",254.125790031845,-0.216307955226185,0.252851870557649,-0.855473027544278,0.392289330295853,0.997528070348248
"ENSG00000170315",804.492147384484,-0.121427523005857,0.21495638967961,-0.564893759086869,0.572146028856316,0.997528070348248
"ENSG00000170322",198.569723091657,0.0407429790264504,0.268197277641296,0.151914215478886,0.879254596097135,0.997528070348248
"ENSG00000170345",2118.79283563536,0.257813438531797,0.298173090098882,0.864643547968393,0.387234462779836,0.997528070348248
"ENSG00000170412",136.259640042582,-0.0711258643214728,0.358635114247431,-0.198323759988548,0.842791763100768,0.997528070348248
"ENSG00000170421",503.258160996554,-0.10814531028239,0.239983903232041,-0.450635683585094,0.652252144015402,0.997528070348248
"ENSG00000170485",122.226307684339,0.112015786957122,0.298694588589905,0.37501779823308,0.707647229971461,0.997528070348248
"ENSG00000170500",151.31506053485,0.0869259347774323,0.289581607220583,0.300177679141128,0.764041629915878,0.997528070348248
"ENSG00000170502",266.112984767896,-0.221864929639574,0.260557702756304,-0.851500175556434,0.394491565840055,0.997528070348248
"ENSG00000170515",120.484234986439,0.194338943348958,0.301431724024417,0.644719609317618,0.519108906335693,0.997528070348248
"ENSG00000170581",651.17930197478,-0.117372826155577,0.255477709060306,-0.459424920425724,0.645929056032148,0.997528070348248
"ENSG00000170606",353.811235351873,0.0266877699190192,0.24310197412918,0.109780144791575,0.912583738017284,0.997528070348248
"ENSG00000170638",160.299285134225,0.0327210233868797,0.28010282008854,0.116817900571428,0.90700435826949,0.997528070348248
"ENSG00000170653",180.34856594101,-0.00954314230742104,0.277830077087369,-0.0343488451915161,0.972598974998217,0.997528070348248
"ENSG00000170776",508.807390816357,-0.0290102591648358,0.236866861450389,-0.122474959085452,0.902522876432655,0.997528070348248
"ENSG00000170852",153.004779351849,0.188964689711534,0.289081927452555,0.653671751038628,0.51332330673943,0.997528070348248
"ENSG00000170876",262.814879911079,0.170511057923353,0.252570141085608,0.675103783806176,0.499609829834157,0.997528070348248
"ENSG00000170881",146.312467946855,-0.0952039553861817,0.290078040459415,-0.328201180742263,0.74275955514497,0.997528070348248
"ENSG00000170892",105.80071634564,-0.212642183329682,0.314012203809846,-0.677178086551217,0.49829296953952,0.997528070348248
"ENSG00000170921",115.613273222275,-0.0326279415633629,0.30847504525165,-0.105771737667614,0.915763461046806,0.997528070348248
"ENSG00000170949",179.145212208364,-0.0244065882318587,0.268852950022672,-0.0907804367770579,0.927667055046292,0.997528070348248
"ENSG00000171067",103.21111668609,0.0401237297962676,0.316124249754712,0.12692392256336,0.899000612297937,0.997528070348248
"ENSG00000171109",202.516882765443,-0.0874833408549472,0.266631885900831,-0.328105322284991,0.742832029956101,0.997528070348248
"ENSG00000171148",264.583717079287,-0.202800208425262,0.24966400988123,-0.812292522745823,0.416623800027087,0.997528070348248
"ENSG00000171161",110.280798866418,-0.225861514399822,0.304933108005692,-0.740692002508319,0.45888020956363,0.997528070348248
"ENSG00000171163",224.699449472924,0.0401225284240241,0.260686400116119,0.153911091664744,0.877679838430913,0.997528070348248
"ENSG00000171206",256.637154331882,0.0509222760914772,0.257520339215521,0.197740793005324,0.843247871634917,0.997528070348248
"ENSG00000171219",138.282891823526,-0.0799862038629858,0.293901412954704,-0.27215317905026,0.785504241131226,0.997528070348248
"ENSG00000171223",613.400314234358,0.0244912762329437,0.276152030201227,0.0886876559085853,0.929330143033349,0.997528070348248
"ENSG00000171262",113.428437268276,0.0563256485160558,0.306840452132018,0.183566567330639,0.85435349277981,0.997528070348248
"ENSG00000171282",111.516929526359,0.23099169900776,0.310307161332299,0.744396932433014,0.456636374256239,0.997528070348248
"ENSG00000171444",192.749300650408,0.0475722996261475,0.269874142899096,0.176275871097196,0.860077217271831,0.997528070348248
"ENSG00000171456",351.65100841649,0.0183662816394789,0.242196536862213,0.075832139787893,0.939552645881619,0.997528070348248
"ENSG00000171467",163.054950406963,-0.082855662959745,0.273764705625565,-0.302652830175519,0.762154448775603,0.997528070348248
"ENSG00000171469",155.482060404028,0.173335401779913,0.281230388611263,0.616346628242617,0.537665770475681,0.997528070348248
"ENSG00000171490",268.148838416173,0.210662200697168,0.246611460902801,0.854227130912614,0.392979153291565,0.997528070348248
"ENSG00000171552",316.373300533557,0.0261298449967918,0.24217041433036,0.107898584841774,0.914076139702016,0.997528070348248
"ENSG00000171566",152.868841821415,0.0561049497477034,0.280880317571412,0.199746818263402,0.841678595869698,0.997528070348248
"ENSG00000171604",106.308974669785,0.0991746087707474,0.308052879807394,0.321940209852136,0.747497990443965,0.997528070348248
"ENSG00000171606",120.057149872062,-0.121324813854194,0.304500898957312,-0.398438278079443,0.690307146768692,0.997528070348248
"ENSG00000171617",370.871251430286,-0.073075388275826,0.254782192413696,-0.286815132500201,0.774253875472812,0.997528070348248
"ENSG00000171634",293.436148568379,-0.0919606458476278,0.242821675854229,-0.378716790929463,0.704898183214589,0.997528070348248
"ENSG00000171720",173.542022105329,0.199256588287498,0.277457003958861,0.718153030719822,0.472662935012068,0.997528070348248
"ENSG00000171791",130.334849258363,0.142741172193427,0.298745903588565,0.477801270172431,0.632791657031932,0.997528070348248
"ENSG00000171824",214.416943851405,-0.0260979873593684,0.258433412183443,-0.100985345272783,0.919562093479234,0.997528070348248
"ENSG00000171843",102.848966712303,0.0778635996021477,0.315671838828265,0.246659948797358,0.805171405157652,0.997528070348248
"ENSG00000171853",177.810686785333,-0.117002046426385,0.270928615627401,-0.431855624240498,0.665846348802727,0.997528070348248
"ENSG00000172037",1278.44692370638,0.0392317145933176,0.219885501340192,0.178418833230032,0.858394059817578,0.997528070348248
"ENSG00000172046",293.499391800637,-0.0510665086467716,0.243565528262894,-0.20966229913969,0.833931252411717,0.997528070348248
"ENSG00000172053",677.691527506956,0.0442859577820787,0.219931529681208,0.201362477886965,0.840415152573525,0.997528070348248
"ENSG00000172057",359.681773942855,-0.203462154149302,0.239781471800191,-0.848531592628001,0.396141985763095,0.997528070348248
"ENSG00000172081",135.398574626067,0.0653372367107606,0.28971317669063,0.225523869701414,0.821571758277571,0.997528070348248
"ENSG00000172115",145.614354677059,-0.0536087292137315,0.28501702665643,-0.188089567288741,0.850806439239093,0.997528070348248
"ENSG00000172262",121.852386854096,-0.0165695990555623,0.304167267283356,-0.0544752865867267,0.956556497792788,0.997528070348248
"ENSG00000172269",176.896804202638,-0.126056594563811,0.271082281969655,-0.465012296812232,0.641922650593877,0.997528070348248
"ENSG00000172270",701.774008010353,-0.0387518436338507,0.220929953946561,-0.17540330290941,0.860762745474323,0.997528070348248
"ENSG00000172301",116.596390610753,-0.0151462497213666,0.341765688905812,-0.0443176427974922,0.964651208571986,0.997528070348248
"ENSG00000172340",145.272754860532,0.220000899023513,0.287861308908841,0.764260052375369,0.444712286111333,0.997528070348248
"ENSG00000172354",664.643780784594,-0.162955842055835,0.220965740732216,-0.737471073641766,0.460835927735031,0.997528070348248
"ENSG00000172432",179.811648198736,0.0101042265661564,0.267554385611401,0.0377651315378996,0.969874945530724,0.997528070348248
"ENSG00000172500",104.728709192256,-0.0562777833698921,0.309533553780773,-0.181814807094389,0.855728063820252,0.997528070348248
"ENSG00000172531",273.929060416428,-0.174026637346894,0.250869394099205,-0.693694174898337,0.48787401984721,0.997528070348248
"ENSG00000172663",120.943371512232,-0.281150402473077,0.314408320878251,-0.894220616323789,0.371203863719221,0.997528070348248
"ENSG00000172667",119.469291255594,0.0856887711056791,0.30269300205998,0.28308804803059,0.7771093433101,0.997528070348248
"ENSG00000172757",1034.95573998066,0.0936971563239191,0.210923661749125,0.444223068890979,0.656881315235627,0.997528070348248
"ENSG00000172795",106.237923915595,-0.137432380061075,0.318997052128382,-0.430826489286066,0.666594537291147,0.997528070348248
"ENSG00000172830",196.192290699457,0.223523711453718,0.270420768472209,0.826577458220223,0.408476598308416,0.997528070348248
"ENSG00000172831",174.855004738221,-0.0227058032217871,0.273694548770323,-0.0829603779973023,0.933883044744823,0.997528070348248
"ENSG00000172845",268.120515515463,-0.191927867164428,0.249783670226831,-0.768376359391852,0.44226362114145,0.997528070348248
"ENSG00000172890",295.886617548346,0.0443241061125674,0.242352943849485,0.182890727088074,0.854883758893019,0.997528070348248
"ENSG00000172915",146.667459258202,-0.122019730160074,0.310429397542503,-0.393067573902588,0.694269572816742,0.997528070348248
"ENSG00000172936",164.328644034066,0.0754305179208319,0.286271299157003,0.263493120487299,0.792170525322196,0.997528070348248
"ENSG00000172939",198.40042335319,-0.0273339070267483,0.261984333578666,-0.104334128126561,0.916904195367612,0.997528070348248
"ENSG00000172943",345.459638464982,-0.0991218733063659,0.241606245192974,-0.410262049423417,0.681613728026765,0.997528070348248
"ENSG00000172974",144.68559888639,-0.0188551918515433,0.286640986146151,-0.0657798178308301,0.947553124467248,0.997528070348248
"ENSG00000172977",107.159105851493,-0.0933705780608789,0.308362194613847,-0.302795153529777,0.762045977071155,0.997528070348248
"ENSG00000172992",162.509538131974,0.0389468339103106,0.285709947524193,0.136315988462435,0.891571484899618,0.997528070348248
"ENSG00000173011",140.077452166399,-0.118595815189076,0.285482875616441,-0.415421817974171,0.67783313750547,0.997528070348248
"ENSG00000173039",283.698543820201,-0.0442008241949323,0.253004679689601,-0.17470358354304,0.861312551823081,0.997528070348248
"ENSG00000173113",165.048042943367,0.0148326456485694,0.277960846963167,0.0533623559239437,0.957443198077963,0.997528070348248
"ENSG00000173120",513.887164239808,0.0895225589736986,0.228784846491853,0.391295841251822,0.695578572516179,0.997528070348248
"ENSG00000173141",118.108922854715,-0.253554072039449,0.305947213289289,-0.828751042748348,0.407245296253636,0.997528070348248
"ENSG00000173209",497.53172322864,0.0220565538471303,0.227267326876411,0.0970511430317688,0.922685779837846,0.997528070348248
"ENSG00000173218",114.91604825794,-0.214799877305732,0.301379125138438,-0.712723143008207,0.476017092689574,0.997528070348248
"ENSG00000173273",184.549548327298,-0.115815531081334,0.268106581656491,-0.431975710427435,0.665759066931166,0.997528070348248
"ENSG00000173281",217.38240188928,0.196271040484384,0.288382684250872,0.680592321256162,0.496129487032263,0.997528070348248
"ENSG00000173327",183.207046474361,0.0354910111085615,0.269362988244996,0.131759048783202,0.895174878415347,0.997528070348248
"ENSG00000173372",107.953681076637,0.319660988941982,0.3757847364231,0.850649209397562,0.394964245040117,0.997528070348248
"ENSG00000173402",527.223611602033,-0.125547279398187,0.233417198207407,-0.537866448412383,0.590669253226687,0.997528070348248
"ENSG00000173418",135.998204831676,0.136805506480097,0.289001900066856,0.473372342702417,0.635947558109764,0.997528070348248
"ENSG00000173473",581.871180353378,-0.149120293829918,0.220838165018207,-0.675246933960093,0.499518892387477,0.997528070348248
"ENSG00000173482",189.874613540833,0.0384073829645119,0.277791615661529,0.138259691074726,0.890035181356296,0.997528070348248
"ENSG00000173486",189.56312957039,-0.094105810997114,0.278517257804445,-0.337881435925915,0.735452537684807,0.997528070348248
"ENSG00000173511",184.60157639713,0.238431073366383,0.26623060289055,0.895581014269813,0.370476579433439,0.997528070348248
"ENSG00000173548",253.4912641932,0.032437788682474,0.252891040692272,0.12826784449808,0.897937011240378,0.997528070348248
"ENSG00000173575",658.328117466543,-0.0795326571721131,0.219115804167254,-0.362970884160436,0.716626634285426,0.997528070348248
"ENSG00000173598",389.697536364298,-0.0956448034179601,0.235412739113052,-0.406285589209463,0.684532772631655,0.997528070348248
"ENSG00000173660",134.667294463577,0.244735775668989,0.310466284362237,0.78828455132166,0.430530281983128,0.997528070348248
"ENSG00000173674",154.645384760927,-0.0513502015652863,0.277693427907055,-0.184916877407965,0.853294233023765,0.997528070348248
"ENSG00000173692",306.527439217053,-0.095030888716838,0.243247402261865,-0.390675862653339,0.696036842559428,0.997528070348248
"ENSG00000173706",223.836699999584,0.167832518679164,0.290049911341308,0.578633235580176,0.562836674030175,0.997528070348248
"ENSG00000173726",545.067044915345,-0.00952991393234968,0.222714063011649,-0.042789906499309,0.965869010068155,0.997528070348248
"ENSG00000173744",160.741524012372,-0.198351378741329,0.283994920056286,-0.698432840636785,0.484906544416752,0.997528070348248
"ENSG00000173812",1060.11210116189,0.115378015988335,0.212471502179255,0.543028193451534,0.587110390922497,0.997528070348248
"ENSG00000173821",888.246497274738,-0.177982177309959,0.246106091055004,-0.723192898424367,0.469561381216209,0.997528070348248
"ENSG00000173905",149.951095109814,0.191471520177813,0.304481787715304,0.628843917445866,0.529451245034751,0.997528070348248
"ENSG00000173914",108.354575340094,-0.0573532183287151,0.305958367854253,-0.187454321746271,0.851304434760968,0.997528070348248
"ENSG00000173992",102.672780699459,0.122678900754982,0.311098568963013,0.394340935620206,0.693329344464042,0.997528070348248
"ENSG00000174032",118.191384569307,-0.203541220115967,0.309501456292483,-0.657642204835436,0.510768068072054,0.997528070348248
"ENSG00000174080",258.895808032094,-0.0182828410868792,0.249915670959252,-0.0731560410625879,0.941681946761235,0.997528070348248
"ENSG00000174136",254.130432040863,-0.164278852051208,0.255923190861273,-0.641906860798159,0.520933659309462,0.997528070348248
"ENSG00000174197",161.286648301737,-0.158674209433842,0.275537514378707,-0.575871528026327,0.564702021686582,0.997528070348248
"ENSG00000174227",249.537594243463,-0.155831248277122,0.258646697935231,-0.602486904032096,0.546850077909652,0.997528070348248
"ENSG00000174231",1584.18247250169,-0.178527785710702,0.212872771001744,-0.838659565855136,0.401660374404925,0.997528070348248
"ENSG00000174233",485.499869111247,-0.208544688070446,0.231476774419163,-0.900931372461623,0.367624809493903,0.997528070348248
"ENSG00000174243",327.658271081698,0.177951835834156,0.242731852510454,0.733121071642182,0.463484589273946,0.997528070348248
"ENSG00000174282",498.812449142779,0.0355698167702647,0.228406024264661,0.15573064188994,0.876245343096742,0.997528070348248
"ENSG00000174306",211.261276934695,-0.10161704104887,0.26415225142228,-0.384691179051973,0.700466231312187,0.997528070348248
"ENSG00000174437",1311.34968714854,0.156918573336942,0.226670740285083,0.692275382078805,0.488764406949088,0.997528070348248
"ENSG00000174574",197.219584350122,-0.0913397594434284,0.263109273074408,-0.347155227089231,0.7284747051197,0.997528070348248
"ENSG00000174579",114.674353302705,-0.0460743322271772,0.306942738494479,-0.150107256008618,0.880679995383347,0.997528070348248
"ENSG00000174640",186.525509420508,-0.0790131045738235,0.272510162128763,-0.289945534348511,0.771857905741889,0.997528070348248
"ENSG00000174720",117.540700769974,-0.110526909988874,0.298711734441649,-0.370011945447911,0.71137358990549,0.997528070348248
"ENSG00000174738",242.952723326777,-0.125157051489017,0.261867076380723,-0.47794114945192,0.632692092304323,0.997528070348248
"ENSG00000174780",264.248310745979,-0.0757671051022595,0.250068754572424,-0.302985093966692,0.761901221302884,0.997528070348248
"ENSG00000174839",112.408787811207,0.146025678886272,0.31038409665849,0.470467657519648,0.638020936074928,0.997528070348248
"ENSG00000174903",326.03738629789,-0.215490858055107,0.240695304305315,-0.895284844368062,0.370634839846981,0.997528070348248
"ENSG00000174953",213.104137899578,-0.139936852205504,0.259782965593473,-0.538668314474811,0.590115740729247,0.997528070348248
"ENSG00000174996",172.619461396323,-0.0961799777312314,0.27047440988209,-0.355597329052903,0.722142144184367,0.997528070348248
"ENSG00000175029",277.517279568286,-0.0492553621153376,0.251501034914569,-0.19584556434159,0.844731045394682,0.997528070348248
"ENSG00000175061",443.322289071415,0.20550992868517,0.228917355023837,0.897747261948624,0.369320306537813,0.997528070348248
"ENSG00000175137",115.956747101688,-0.0275108344616444,0.303139947205219,-0.0907529169787053,0.927688922404633,0.997528070348248
"ENSG00000175155",138.765029233026,-0.185998153464449,0.320451583917537,-0.580425133777192,0.561627959982692,0.997528070348248
"ENSG00000175198",157.12082445059,-0.215268257182817,0.293704167813703,-0.732942466514002,0.463593520664626,0.997528070348248
"ENSG00000175203",301.059215948799,0.0550758316911971,0.246305172497926,0.22360810019798,0.823062260213135,0.997528070348248
"ENSG00000175215",672.70035877458,0.10679381389683,0.234605886526738,0.455205176126978,0.648961637017854,0.997528070348248
"ENSG00000175220",513.877519832388,0.00888017429009082,0.233518587720997,0.0380276978237838,0.96966559832538,0.997528070348248
"ENSG00000175221",184.856888123044,-0.227553425026475,0.275113487264095,-0.827125661084129,0.408165840983888,0.997528070348248
"ENSG00000175265",430.962938400566,0.129351361841054,0.233491347031725,0.553987817901785,0.579587182885481,0.997528070348248
"ENSG00000175309",296.924744386449,-0.0901245280767215,0.243141365798629,-0.370667195113821,0.710885426954734,0.997528070348248
"ENSG00000175348",134.66844285653,-0.0299223160166318,0.298629223884315,-0.100198887528246,0.920186429195171,0.997528070348248
"ENSG00000175416",124.381821632907,0.105658387834559,0.300996518804448,0.351028604098918,0.725566889205305,0.997528070348248
"ENSG00000175455",255.570759510488,-0.0634446756705225,0.25950192217394,-0.244486341908468,0.806854178659226,0.997528070348248
"ENSG00000175467",185.276175144979,0.14417917694114,0.266791760980667,0.540418401269849,0.588908520454424,0.997528070348248
"ENSG00000175470",155.873294367055,-0.082109186382794,0.285096846335285,-0.288004541047187,0.773343262627386,0.997528070348248
"ENSG00000175567",103.006375448297,0.308512506718863,0.343608805556214,0.897859722248564,0.369260340200381,0.997528070348248
"ENSG00000175727",565.525879951812,0.181193222257397,0.237895804685044,0.761649506586645,0.446269219087038,0.997528070348248
"ENSG00000175893",122.28569843526,-0.192115375283246,0.298576488178527,-0.643437721621185,0.519940113431849,0.997528070348248
"ENSG00000175931",151.685461567836,-0.173416410724537,0.280428278734318,-0.618398442222849,0.536312724423821,0.997528070348248
"ENSG00000175970",220.056518269116,0.226201286717163,0.258419531650494,0.875325813310019,0.381396652696533,0.997528070348248
"ENSG00000176046",500.58408093179,0.0105154583190345,0.246073490378924,0.0427329994094122,0.965914373862814,0.997528070348248
"ENSG00000176087",260.713839637308,-0.155318775287538,0.249650728966486,-0.622144289065498,0.533846994887264,0.997528070348248
"ENSG00000176095",184.18692250734,-0.0707320151974917,0.268887463475554,-0.263054343565267,0.792508693467992,0.997528070348248
"ENSG00000176142",154.78364532017,-0.209686953292517,0.292366700520125,-0.717205320987239,0.473247416550739,0.997528070348248
"ENSG00000176155",210.948549287613,0.0447569838586488,0.260877434387873,0.171563262892658,0.863780891108227,0.997528070348248
"ENSG00000176248",201.064031641131,-0.0504969943774905,0.267468085344959,-0.188796335504341,0.850252444038062,0.997528070348248
"ENSG00000176395",111.386687775781,0.110170172676232,0.456415078703961,0.241381535835914,0.809259421993671,0.997528070348248
"ENSG00000176407",174.742798600477,0.045404381332275,0.271182533203714,0.167431068645439,0.867030880955257,0.997528070348248
"ENSG00000176444",219.817852617249,-0.0237541801373637,0.259442218640253,-0.0915586532595208,0.927048703327437,0.997528070348248
"ENSG00000176623",139.190136070404,-0.0664800721577452,0.289858443778391,-0.229353581324586,0.818594111290182,0.997528070348248
"ENSG00000176624",121.065256966168,0.0521438898421012,0.312699786488805,0.16675383896998,0.867563741184034,0.997528070348248
"ENSG00000176658",399.550699097191,-0.0164929938178548,0.238611579143503,-0.06912067669581,0.944893562765007,0.997528070348248
"ENSG00000176715",129.671757057146,-0.093560819574213,0.291902675797574,-0.320520595840974,0.748573720010281,0.997528070348248
"ENSG00000176783",193.450192717119,0.148406234893959,0.265594269865721,0.558770469592547,0.576318378609419,0.997528070348248
"ENSG00000176834",113.992992110276,0.0959163677243559,0.306411875739289,0.313030842857953,0.754257229636085,0.997528070348248
"ENSG00000176871",335.085422256069,-0.207120078171751,0.24119975730509,-0.8587076557866,0.390501825624814,0.997528070348248
"ENSG00000176915",248.014769095303,-0.0099971600213286,0.254657998520111,-0.0392572001642394,0.968685329613115,0.997528070348248
"ENSG00000176946",128.157182161656,0.0173599569887047,0.297509288967683,0.0583509746836522,0.953469064725028,0.997528070348248
"ENSG00000176953",209.153666373543,0.0882848202841153,0.260508796804128,0.338893816128962,0.73468972310215,0.997528070348248
"ENSG00000176978",284.914857935332,-0.0317064354368378,0.249249607536549,-0.127207564137041,0.898776118704652,0.997528070348248
"ENSG00000176986",644.077184911027,-0.170348665412483,0.22286930354648,-0.764343329035243,0.444662670852393,0.997528070348248
"ENSG00000177000",191.420937345837,-0.106121376229504,0.265873285001441,-0.399142682684079,0.689788073721182,0.997528070348248
"ENSG00000177082",197.326827629937,0.013397207831853,0.272129443108813,0.0492310118258539,0.960735197359855,0.997528070348248
"ENSG00000177119",227.548333947569,0.0276480414592701,0.315429615735117,0.0876520151566481,0.930153259117892,0.997528070348248
"ENSG00000177156",349.990206701361,-0.125297107791283,0.247244437071518,-0.50677422422669,0.612313243955599,0.997528070348248
"ENSG00000177169",311.390067586375,-0.128870082609403,0.24604826212161,-0.523759369394402,0.600445916516951,0.997528070348248
"ENSG00000177200",186.635237256704,-0.233050359487624,0.28715530771895,-0.81158297695726,0.417030962465048,0.997528070348248
"ENSG00000177225",212.677839499543,0.0475579293341351,0.262795211378425,0.180969543108043,0.856391482342575,0.997528070348248
"ENSG00000177383",153.786175648943,-0.0417076312457702,0.278415885606908,-0.149803346008269,0.880919769417037,0.997528070348248
"ENSG00000177410",140.187522501793,0.22323127912895,0.295443545483983,0.755580152422225,0.449900959432799,0.997528070348248
"ENSG00000177425",216.687504454379,-0.040465339122151,0.26027312135936,-0.155472600900192,0.876448752590869,0.997528070348248
"ENSG00000177426",184.924135260391,0.0295469662848337,0.277177737444376,0.106599348696838,0.915106835306387,0.997528070348248
"ENSG00000177479",333.143914465276,0.100535597959212,0.239456661869433,0.419848824310555,0.67459589487493,0.997528070348248
"ENSG00000177556",109.548235143569,0.103539829930308,0.306571937489197,0.337734206132146,0.735563495065928,0.997528070348248
"ENSG00000177600",570.679014045347,0.195083336169932,0.224215544807979,0.870070522260194,0.384261865759987,0.997528070348248
"ENSG00000177606",840.901803249925,0.0327815901059343,0.219524421959789,0.14933003723813,0.881293214704244,0.997528070348248
"ENSG00000177613",120.49676260618,-0.0935022249099241,0.296617452028938,-0.31522833289257,0.752588294829242,0.997528070348248
"ENSG00000177628",133.961466534224,0.0947147156643066,0.289162547634118,0.327548351054614,0.743253179089039,0.997528070348248
"ENSG00000177646",133.087422717593,0.0294717221380784,0.29512274737711,0.0998625907355737,0.920453416110222,0.997528070348248
"ENSG00000177666",254.365044865179,0.16780857296056,0.250223410469029,0.67063498433665,0.502453090130739,0.997528070348248
"ENSG00000177685",197.92361122179,0.00817377953109313,0.289453390504201,0.0282386726127311,0.977471793228172,0.997528070348248
"ENSG00000177700",190.386125296492,0.143408620408189,0.286624120423431,0.500336887894608,0.616837884340497,0.997528070348248
"ENSG00000177728",280.533002985235,-0.123186325771222,0.254790645951407,-0.483480566216374,0.628754555237586,0.997528070348248
"ENSG00000177731",525.527038623601,0.0992466501023596,0.227276399652172,0.43667820439891,0.662344738069826,0.997528070348248
"ENSG00000177733",362.031331407153,0.115931854852235,0.240766753206028,0.481511061259486,0.630153320145304,0.997528070348248
"ENSG00000177830",214.512588684691,-0.181282236113016,0.261288027396242,-0.693802306670955,0.487806195859289,0.997528070348248
"ENSG00000177885",175.722741068576,-0.141733889390541,0.286323036822453,-0.49501392190957,0.620590293284627,0.997528070348248
"ENSG00000177889",259.198894521785,-0.0430486163412361,0.251436715487103,-0.171210542015867,0.864058218557123,0.997528070348248
"ENSG00000177951",185.25601248674,-0.015950454779358,0.267352284121926,-0.059660813565684,0.95242578235593,0.997528070348248
"ENSG00000177963",302.732653347699,-0.039418790122756,0.242540700202329,-0.162524434413987,0.870892888186656,0.997528070348248
"ENSG00000177971",123.681531620233,-0.139948063757803,0.30266530467025,-0.462385551294935,0.643804858883442,0.997528070348248
"ENSG00000177981",114.212204175884,-0.115985628767587,0.301018138583584,-0.385311095581642,0.700006941901719,0.997528070348248
"ENSG00000178028",176.15104961722,0.00872741226169951,0.269961859483338,0.0323283158532184,0.974210228216592,0.997528070348248
"ENSG00000178057",140.431653538206,-0.119706682191894,0.288779336954345,-0.414526480510687,0.678488578018668,0.997528070348248
"ENSG00000178078",184.592107531437,-0.146250749356182,0.293197427703056,-0.498813207543898,0.617910982190327,0.997528070348248
"ENSG00000178104",246.39062728558,-0.17621277204138,0.277145051504788,-0.635814246311147,0.524897500791663,0.997528070348248
"ENSG00000178163",110.483864104545,-0.0545424613472166,0.304695578260582,-0.179006409146413,0.857932669209627,0.997528070348248
"ENSG00000178188",266.439179377906,0.159279874720527,0.248226258514741,0.641672140866871,0.521086081583239,0.997528070348248
"ENSG00000178202",207.880478701844,0.117539877960798,0.273407631658758,0.429907085064473,0.667263231392497,0.997528070348248
"ENSG00000178209",2507.71086787546,-0.139947993285445,0.215892641968038,-0.648229564517367,0.516836482736946,0.997528070348248
"ENSG00000178234",217.039458908564,-0.229629998160042,0.261870206374232,-0.876884779446361,0.380549224148944,0.997528070348248
"ENSG00000178252",1047.88726833038,-0.0970462221615971,0.215518139358067,-0.450292594631035,0.652499477960505,0.997528070348248
"ENSG00000178429",250.211270511141,0.209176829700628,0.256115940715136,0.816727100689464,0.414084400360893,0.997528070348248
"ENSG00000178467",219.913403413269,-0.0593295717917951,0.26242644519857,-0.226080766162504,0.821138603712459,0.997528070348248
"ENSG00000178498",184.493762971749,0.204154114153344,0.271233291671399,0.752688259229911,0.451637266822508,0.997528070348248
"ENSG00000178585",151.260689090363,-0.234200220586362,0.325664222751639,-0.719146299238924,0.472050782780197,0.997528070348248
"ENSG00000178605",164.638363974692,-0.122863142226049,0.277184994940778,-0.443253222463572,0.657582586360949,0.997528070348248
"ENSG00000178691",132.79788871522,-0.257100863158664,0.293888101296405,-0.874825697347174,0.381668752753011,0.997528070348248
"ENSG00000178695",204.522908710142,-0.0378851536686662,0.308588136561162,-0.122769313463732,0.902289774704592,0.997528070348248
"ENSG00000178715",114.034646971009,0.0912974906695648,0.302419671838168,0.301890052702724,0.762735878989469,0.997528070348248
"ENSG00000178719",726.948384129501,-0.174599873382708,0.219457625121773,-0.795597206001959,0.426266191085069,0.997528070348248
"ENSG00000178741",170.067707568881,0.167360170595688,0.277950464736756,0.602122290941998,0.547092737595979,0.997528070348248
"ENSG00000178761",324.172977138031,-0.125468784573871,0.25130526202957,-0.499268433778787,0.617590289829713,0.997528070348248
"ENSG00000178764",216.757673772099,-0.197108512681332,0.258014581849683,-0.76394330610417,0.444901028677834,0.997528070348248
"ENSG00000178802",171.275604628548,-0.248029682860353,0.278192280540992,-0.891576439065877,0.372620003434276,0.997528070348248
"ENSG00000178913",338.263232903687,-0.109008979405078,0.239644722649686,-0.454877446078493,0.649197409573487,0.997528070348248
"ENSG00000178927",254.704490952613,-0.00671865035651836,0.24931160466241,-0.0269488071588805,0.978500565152538,0.997528070348248
"ENSG00000178951",178.221215191778,0.114533046994509,0.275847121828021,0.415204792551419,0.677991990716888,0.997528070348248
"ENSG00000178952",347.470429339338,0.0324127269096441,0.241811438223646,0.134041330500116,0.893369892299812,0.997528070348248
"ENSG00000178971",154.585519796852,0.0503942364129306,0.279913651793208,0.180034936095794,0.857125141249448,0.997528070348248
"ENSG00000178980",343.441903460021,0.0465340685357101,0.251730493162207,0.184856701113778,0.853341433103187,0.997528070348248
"ENSG00000178988",238.906483065157,0.156752286447322,0.258113567489651,0.607299678090757,0.54365205194364,0.997528070348248
"ENSG00000179010",793.909806314047,0.161339035556634,0.219091473305434,0.736400340563288,0.461487097458568,0.997528070348248
"ENSG00000179051",245.391636538931,0.210106638713298,0.251690847364264,0.834780608486797,0.403841245987076,0.997528070348248
"ENSG00000179091",212.207666718848,-0.165394784410189,0.2651410105469,-0.62379932877616,0.532759380520751,0.997528070348248
"ENSG00000179104",173.223430747136,-0.239315885087115,0.274093286797476,-0.873118374708471,0.382598559506795,0.997528070348248
"ENSG00000179115",136.083988372889,-0.0482160100506932,0.29655548315433,-0.162586810190932,0.870843772744377,0.997528070348248
"ENSG00000179134",343.239331532794,-0.131838906174632,0.242744400739675,-0.543118217239621,0.587048410514105,0.997528070348248
"ENSG00000179151",149.20637183731,-0.127616842624661,0.290027666495301,-0.44001609972864,0.659925446815813,0.997528070348248
"ENSG00000179195",561.680505943269,-0.131136462747317,0.227230665551813,-0.577107242232739,0.563867012283479,0.997528070348248
"ENSG00000179241",111.385881847794,-0.073954014775992,0.328839151502136,-0.2248941904824,0.822061588865107,0.997528070348248
"ENSG00000179262",204.684695813632,0.0951764138514768,0.264268552439613,0.36015035831108,0.718734695473312,0.997528070348248
"ENSG00000179295",337.775065585263,0.0367924160474648,0.24363298913014,0.151015739612387,0.879963299878101,0.997528070348248
"ENSG00000179335",251.389446418897,-0.0917025262995751,0.25097454636197,-0.365385763731261,0.714823466625195,0.997528070348248
"ENSG00000179344",138.486963891142,0.195124691670306,0.333680532620768,0.584764985052536,0.558705751364404,0.997528070348248
"ENSG00000179348",677.563875495432,0.148676656234443,0.225230626053338,0.660108524491844,0.509184188674375,0.997528070348248
"ENSG00000179364",282.141515023761,-0.0695829013175816,0.250368143956893,-0.277922343545279,0.781071971659991,0.997528070348248
"ENSG00000179387",117.692817039485,-0.203690662442094,0.307608015005552,-0.662176056883361,0.507858396964848,0.997528070348248
"ENSG00000179388",203.82832290011,-0.0511442254539036,0.323824543529974,-0.157938076269285,0.874505594065253,0.997528070348248
"ENSG00000179409",153.965344451958,-0.0675251238954986,0.315265207982884,-0.214185143763674,0.83040268082668,0.997528070348248
"ENSG00000179456",141.750078463789,-0.041248815874407,0.288306564141386,-0.143072760057514,0.886232717915727,0.997528070348248
"ENSG00000179526",111.894811790601,-0.253367609783551,0.314157372676542,-0.806499009158761,0.419955179108215,0.997528070348248
"ENSG00000179532",110.852679690002,0.212897006450353,0.30497329019536,0.698084105378457,0.485124597658116,0.997528070348248
"ENSG00000179593",219.15851707916,-0.802789863955623,0.974485423378715,-0.82380900185475,0.410048091913752,0.997528070348248
"ENSG00000179604",160.414818619668,0.206247322875418,0.287177836565213,0.718186770059405,0.472642134259907,0.997528070348248
"ENSG00000179632",268.608606476151,0.147890182587007,0.24855122233787,0.595008872601606,0.551837540170091,0.997528070348248
"ENSG00000179833",132.187507028381,0.12671110347691,0.311105299245373,0.407293298392103,0.683792584279337,0.997528070348248
"ENSG00000179837",231.76670660435,-0.020074159602829,0.255847406865805,-0.0784614542267305,0.937460990733546,0.997528070348248
"ENSG00000179899",148.406327367312,0.0367700146805747,0.292209989636178,0.125834215066897,0.899863157323843,0.997528070348248
"ENSG00000179912",241.169993262956,-0.216001813605448,0.260360656654416,-0.829625398787319,0.406750611971793,0.997528070348248
"ENSG00000179918",224.915672277705,-0.125062951765279,0.256743479713364,-0.487112474696155,0.626178626528226,0.997528070348248
"ENSG00000179933",105.184266289347,0.22157791846633,0.316206314756258,0.700738436033857,0.483466264543061,0.997528070348248
"ENSG00000179981",141.100100833534,-0.0434249079025318,0.29475751518959,-0.147324175516273,0.882876151373078,0.997528070348248
"ENSG00000180011",160.105187429979,-0.0502069540764222,0.286855244409983,-0.175025400632609,0.861059674827456,0.997528070348248
"ENSG00000180104",287.776368689321,0.0457439893779704,0.246312899031792,0.185714956698496,0.852668298618772,0.997528070348248
"ENSG00000180190",135.227625540225,-0.0955299718932681,0.287560679421436,-0.332208047656139,0.739732167375438,0.997528070348248
"ENSG00000180228",147.251660574531,-0.110171868865649,0.283706961715396,-0.388329804103181,0.697771983999222,0.997528070348248
"ENSG00000180304",273.223677342486,0.171424515010717,0.247474146107594,0.692696662285632,0.488499934155891,0.997528070348248
"ENSG00000180354",161.901991106288,-0.0985880251869924,0.276679673538219,-0.356325507856196,0.721596808800134,0.997528070348248
"ENSG00000180357",293.57647782693,-0.022640375219132,0.244226682490731,-0.0927023001264051,0.926140069645809,0.997528070348248
"ENSG00000180370",224.609470737523,-0.0918268951481316,0.25899927524614,-0.354544988826181,0.722930494531111,0.997528070348248
"ENSG00000180389",141.299065756126,0.120827534285466,0.294991123360063,0.409597186888857,0.682101460863606,0.997528070348248
"ENSG00000180398",395.86747074567,-0.103802705201995,0.232131473579922,-0.447172042640985,0.654750845625096,0.997528070348248
"ENSG00000180574",203.307420471716,-0.0829176922139836,0.271631120279219,-0.305258440670383,0.760169325771073,0.997528070348248
"ENSG00000180879",449.639637615304,-0.159921998066146,0.245604234980398,-0.651136972776178,0.514958071522862,0.997528070348248
"ENSG00000180900",280.115951058286,-0.0757349372015969,0.246419626355414,-0.307341336084828,0.758583575544117,0.997528070348248
"ENSG00000180901",155.708759936988,-0.092376875579695,0.286203335569277,-0.322766593184357,0.746872014768924,0.997528070348248
"ENSG00000180902",284.978551156903,-0.193758853142511,0.248228616272906,-0.780566141211895,0.435057712342928,0.997528070348248
"ENSG00000180964",163.019658765687,0.036241846288958,0.273928773480578,0.132303904509424,0.89474391917448,0.997528070348248
"ENSG00000181026",107.431523393579,0.233170637815665,0.321843486637585,0.724484563138696,0.468768300896969,0.997528070348248
"ENSG00000181045",116.440336302372,-0.0711846946043035,0.300779612209877,-0.236667286327347,0.812914915740351,0.997528070348248
"ENSG00000181090",253.165212715583,-0.125457757573539,0.249863208101607,-0.502105766298019,0.615593124246567,0.997528070348248
"ENSG00000181104",108.919208397857,0.131774211597813,0.375393695615533,0.351029367666237,0.725566316369418,0.997528070348248
"ENSG00000181396",142.944964426616,-0.191455664012022,0.286416439111627,-0.668452078399748,0.503845061864282,0.997528070348248
"ENSG00000181524",263.413375368424,0.132368397514412,0.251718745308694,0.525858323948352,0.598986647348423,0.997528070348248
"ENSG00000181555",319.133124429482,-0.0639061385659155,0.240035692068255,-0.266235983554244,0.790057471880405,0.997528070348248
"ENSG00000181610",110.091853597058,0.109922082869471,0.317897468711104,0.34577841501898,0.729509248014444,0.997528070348248
"ENSG00000181634",111.269948029061,0.2151489141217,0.310145177127568,0.69370388446571,0.487867929462796,0.997528070348248
"ENSG00000181666",430.444824178097,-0.146507150359425,0.241628506490774,-0.60633222663659,0.544294162869045,0.997528070348248
"ENSG00000181751",105.012339054439,-0.282920001941836,0.335839402481005,-0.842426468877005,0.399549282348121,0.997528070348248
"ENSG00000181754",106.093294992139,-0.0620215856263036,0.314050433658292,-0.19748925325092,0.843444690500631,0.997528070348248
"ENSG00000181788",111.739592202524,0.0386982142922399,0.313799344591058,0.123321526826868,0.901852495000207,0.997528070348248
"ENSG00000181924",111.608741751672,-0.145309335987787,0.310017611949073,-0.468713164630326,0.639274675760629,0.997528070348248
"ENSG00000181929",208.253439597318,-0.04975197876978,0.262680037851666,-0.189401445106669,0.849778191936576,0.997528070348248
"ENSG00000182087",471.973379768761,0.0583539868254634,0.227341122677016,0.256680296720304,0.79742558300246,0.997528070348248
"ENSG00000182095",505.962921883974,-0.119736890410411,0.226082187373124,-0.529616648713676,0.596377748820077,0.997528070348248
"ENSG00000182117",130.845119907622,-0.232612384256956,0.303772909002486,-0.765744335203547,0.443828441364355,0.997528070348248
"ENSG00000182149",407.214160881015,0.0556542776285298,0.236418445726415,0.235405818093116,0.813893770763182,0.997528070348248
"ENSG00000182154",168.493793667179,-0.235946195517205,0.323526808867949,-0.729294108092011,0.46582177558726,0.997528070348248
"ENSG00000182179",304.611927212539,0.194477683641632,0.274825381075404,0.707640913225087,0.479168278899034,0.997528070348248
"ENSG00000182180",143.825097340929,0.237145592077037,0.287508314189572,0.824830380107452,0.409467896260828,0.997528070348248
"ENSG00000182195",107.605431382814,-0.0957713868635627,0.312705749521282,-0.30626679237647,0.759401520979913,0.997528070348248
"ENSG00000182197",133.657746281518,0.0102169597448483,0.304899813903268,0.0335092357520747,0.973268500904122,0.997528070348248
"ENSG00000182199",125.682466939344,0.0401772448289458,0.294681244054858,0.136341371022128,0.891551419875518,0.997528070348248
"ENSG00000182220",361.765157746713,0.0575361124392556,0.235532566310431,0.244280921914735,0.807013258083169,0.997528070348248
"ENSG00000182224",118.405771420576,-0.0827131337743945,0.298723146573082,-0.276888934531088,0.781865389505805,0.997528070348248
"ENSG00000182307",154.646203032702,-0.117783469063545,0.285174455448622,-0.413022508899873,0.679590122481954,0.997528070348248
"ENSG00000182400",113.230397228133,0.118854992428027,0.306622509145549,0.38762644255712,0.698292497677923,0.997528070348248
"ENSG00000182446",457.693794958068,-0.0135220317264948,0.227555559913084,-0.0594229898476647,0.952615202161362,0.997528070348248
"ENSG00000182473",628.822459374357,-0.117166596746458,0.232005137349157,-0.505017251278053,0.613546719358221,0.997528070348248
"ENSG00000182568",287.098029816734,-0.0769332077524819,0.248108527508253,-0.310078853496572,0.756500992733798,0.997528070348248
"ENSG00000182578",135.69313108789,0.195390057963476,0.320014173006006,0.610566888735297,0.54148634876476,0.997528070348248
"ENSG00000182580",125.937026863659,0.266112129092263,0.298847659274713,0.890460811164129,0.373218502047248,0.997528070348248
"ENSG00000182606",255.435621877349,-0.167453407818288,0.25227477934188,-0.663773874880126,0.506835048937797,0.997528070348248
"ENSG00000182704",149.569424732081,-0.052279489304394,0.290065578557096,-0.180233344350796,0.856969382038787,0.997528070348248
"ENSG00000182796",230.720104669795,-0.182919449847471,0.276054497955211,-0.66262079119301,0.50757345091786,0.997528070348248
"ENSG00000182809",173.494416969025,0.177729610088124,0.283197942951559,0.627580865297897,0.530278546877193,0.997528070348248
"ENSG00000182831",146.39399839965,-0.0549822640738447,0.288638902144754,-0.190488058488633,0.848926699817214,0.997528070348248
"ENSG00000182872",210.074157248208,-0.0759724079514684,0.260974065930214,-0.291110948824255,0.77096646644691,0.997528070348248
"ENSG00000182919",171.369917652355,-0.231230454333783,0.281983955349896,-0.820012805504711,0.412208807141091,0.997528070348248
"ENSG00000182944",888.205673975038,0.0719916613329483,0.219367653004452,0.328178108061753,0.742776999283331,0.997528070348248
"ENSG00000182952",116.536527147257,0.19191032748966,0.299948965326044,0.639809933269995,0.522296173943964,0.997528070348248
"ENSG00000182979",256.65233898879,-0.135644331159257,0.261292615207676,-0.519128070464016,0.603671434639173,0.997528070348248
"ENSG00000182983",115.159049257956,-0.0486555736536915,0.304383174804701,-0.159849747558846,0.872999435005041,0.997528070348248
"ENSG00000182986",179.200794739257,-0.106170980702656,0.269996264024971,-0.393231295573915,0.694148657157994,0.997528070348248
"ENSG00000183020",346.096496262049,-0.122210623155297,0.238010886842356,-0.513466525740235,0.607625020548277,0.997528070348248
"ENSG00000183049",103.801945247903,-0.0911394131300033,0.361725071113305,-0.251957689439379,0.801073767843818,0.997528070348248
"ENSG00000183077",161.740807436278,-0.0565404826114165,0.279759517040463,-0.202103875534067,0.839835518147295,0.997528070348248
"ENSG00000183098",105.831539008597,-0.150136709349209,0.327782948793399,-0.45803697203249,0.646925879312823,0.997528070348248
"ENSG00000183111",356.264980415753,-0.0110465471315728,0.267073345639731,-0.041361473587387,0.967007726120967,0.997528070348248
"ENSG00000183172",162.03909042993,0.0333809772441856,0.289345760450469,0.115367086050324,0.908154166261243,0.997528070348248
"ENSG00000183207",138.422914536246,-0.141447184644843,0.2883547223422,-0.490531882037232,0.623757575004992,0.997528070348248
"ENSG00000183255",761.887774514427,0.164169790965731,0.229510593531851,0.715303761971875,0.474421364488052,0.997528070348248
"ENSG00000183258",192.302450984096,0.0596967877729545,0.264042211721031,0.22608804624022,0.821132941622326,0.997528070348248
"ENSG00000183283",845.778256242437,0.00790903939097816,0.217539135486857,0.0363568576903534,0.970997813993843,0.997528070348248
"ENSG00000183291",421.621459377388,0.0699558331422561,0.237922078226145,0.294028337612969,0.768736249668555,0.997528070348248
"ENSG00000183298",175.085668565242,0.234845271963309,0.272806474364418,0.860849334717767,0.389321029213361,0.997528070348248
"ENSG00000183405",297.245274787702,0.0607620195945671,0.24258140335457,0.250480946825731,0.802215437400855,0.997528070348248
"ENSG00000183426",210.206384988376,-0.0835901760740856,0.265798242077164,-0.314487317225441,0.75315094758896,0.997528070348248
"ENSG00000183495",300.810446361923,-0.0563539069563332,0.246190920189879,-0.228903271139607,0.818944098064728,0.997528070348248
"ENSG00000183513",107.603089544882,0.0374933141509874,0.306561105176874,0.122302906395628,0.902659130309467,0.997528070348248
"ENSG00000183530",158.519225555273,-0.0923738915980576,0.279708202937524,-0.330250920880895,0.741210373813,0.997528070348248
"ENSG00000183576",231.962061355168,-0.00742761949930764,0.258181431306424,-0.0287689918741372,0.977048831538573,0.997528070348248
"ENSG00000183579",114.066054918376,0.0841713033243082,0.312730930738803,0.269149275146721,0.787814812869011,0.997528070348248
"ENSG00000183580",131.295747792398,0.162915301478369,0.29802287228366,0.546653685436952,0.584616678739509,0.997528070348248
"ENSG00000183624",124.48158382489,-0.0421034522323381,0.294492523134924,-0.142969511701484,0.886314259932755,0.997528070348248
"ENSG00000183726",357.874082061252,-0.0883704031009636,0.237759425660813,-0.371679914919684,0.710131180955169,0.997528070348248
"ENSG00000183735",111.858889086647,-0.263075268875361,0.304229338866942,-0.864726820414974,0.387188745052265,0.997528070348248
"ENSG00000183762",170.3595633556,-0.153441006427136,0.289609408972913,-0.529820515746735,0.596236379502376,0.997528070348248
"ENSG00000183826",137.651870379816,-0.0535959479960155,0.286950829219392,-0.18677746337871,0.851835117569504,0.997528070348248
"ENSG00000183844",104.627128516346,0.0441151153964903,0.458101629353163,0.0962998438987886,0.923282435062775,0.997528070348248
"ENSG00000183864",309.773065942361,-0.151306155900269,0.260665426422595,-0.58046116041093,0.561603671312005,0.997528070348248
"ENSG00000183955",103.701737092851,0.136132249772817,0.324952868115444,0.418929214449814,0.675267865454538,0.997528070348248
"ENSG00000183978",151.402883713276,-0.0119519427317478,0.297199900096446,-0.0402151640288883,0.967921588263073,0.997528070348248
"ENSG00000184009",4666.74626442294,0.0755127750090645,0.205265168822422,0.367879145995742,0.712963350585757,0.997528070348248
"ENSG00000184076",167.620410138507,-0.0578099868285702,0.28091515052251,-0.205791630394594,0.836953679253141,0.997528070348248
"ENSG00000184110",425.614497834222,-0.0639429875026404,0.231575684403064,-0.276121336605211,0.78245487324865,0.997528070348248
"ENSG00000184117",145.306515364084,-0.0558175806076961,0.289460988507795,-0.192832826611428,0.847089894026879,0.997528070348248
"ENSG00000184164",216.403828194308,-0.020947530338311,0.259134251095479,-0.0808365943512143,0.935571905202852,0.997528070348248
"ENSG00000184203",127.000796088774,0.0740658436485039,0.295132934280805,0.250957568761316,0.8018469147586,0.997528070348248
"ENSG00000184205",632.84274511809,0.0893910923618604,0.223302473436381,0.400313937352458,0.688925303795059,0.997528070348248
"ENSG00000184216",314.826156921951,-0.0127236254184147,0.251440383022785,-0.0506029511467207,0.959641911165196,0.997528070348248
"ENSG00000184277",133.538611441692,-0.0742562022067593,0.290754995569719,-0.25539097638291,0.798421139572169,0.997528070348248
"ENSG00000184292",1308.98727196012,-0.0546815976567855,0.217408980869836,-0.251514898041511,0.801416045351115,0.997528070348248
"ENSG00000184363",113.790247991021,0.0107709036442052,0.306618297666799,0.0351280524553361,0.971977632587117,0.997528070348248
"ENSG00000184381",177.534024920788,-0.133429103283545,0.277849480948271,-0.4802208117437,0.631070389839101,0.997528070348248
"ENSG00000184402",124.589928384002,-0.0810318496425509,0.298226296623849,-0.271712624137756,0.785842993710235,0.997528070348248
"ENSG00000184465",124.797799551037,-0.0680794081389863,0.301194485928962,-0.226031389416084,0.821177006788638,0.997528070348248
"ENSG00000184500",144.037849429022,0.0778785407191445,0.331321238338252,0.23505447797354,0.814166450174374,0.997528070348248
"ENSG00000184575",179.026077834934,-0.122522369792824,0.272878777315443,-0.448999262596336,0.653432188588969,0.997528070348248
"ENSG00000184588",244.893345177643,0.0664239489384396,0.25657954383431,0.258882481221238,0.795725915476202,0.997528070348248
"ENSG00000184640",952.637267249411,0.0447396835395697,0.225980179631441,0.197980564545693,0.843060269995431,0.997528070348248
"ENSG00000184674",325.711805675569,-0.241731704541519,0.275731746738727,-0.876691593915646,0.380654173819903,0.997528070348248
"ENSG00000184677",359.979709738405,-0.0778970544695821,0.238932171760481,-0.326021623189658,0.744407995224902,0.997528070348248
"ENSG00000184708",124.954834539805,-0.0559635670313196,0.299827273510805,-0.186652689650339,0.851932952268616,0.997528070348248
"ENSG00000184743",260.182758311776,0.0925382610147636,0.268487904742639,0.344664543095403,0.730346577054041,0.997528070348248
"ENSG00000184752",103.356071618341,0.0580658745979135,0.32817904044828,0.176933525427455,0.85956060456391,0.997528070348248
"ENSG00000184787",388.927829043201,0.127938215667495,0.234512541121761,0.545549568716106,0.5853755985079,0.997528070348248
"ENSG00000184840",651.176055641806,-0.0589377930580043,0.224350063308445,-0.262704597399531,0.792778273007797,0.997528070348248
"ENSG00000184863",341.946855168827,-0.134120648548794,0.241783306371368,-0.554714262790299,0.579090118922783,0.997528070348248
"ENSG00000184887",128.002786579736,-0.151704911270523,0.310594487124057,-0.488434011418656,0.625242455908652,0.997528070348248
"ENSG00000184900",274.626502233898,-0.0916719880089869,0.245389428713921,-0.373577576220122,0.708718619543158,0.997528070348248
"ENSG00000184939",114.616506653352,-0.0140257650818467,0.305385087960236,-0.0459281269282965,0.963367535779481,0.997528070348248
"ENSG00000184983",130.927725555896,0.070079350146902,0.29253148295218,0.239561736875883,0.810670030599876,0.997528070348248
"ENSG00000184990",116.711879791139,0.138316124069405,0.300124825121967,0.460861989717761,0.644897623745593,0.997528070348248
"ENSG00000185009",227.665587806788,-0.102420059450178,0.256981721126029,-0.398549978579798,0.690224825372882,0.997528070348248
"ENSG00000185022",184.371318099003,-0.0374096397318682,0.281263082935571,-0.133005865332272,0.894188741852101,0.997528070348248
"ENSG00000185104",148.596834495599,0.139180371120521,0.280384800818012,0.496390570082498,0.619618876903745,0.997528070348248
"ENSG00000185122",233.391752164375,0.0593155406358366,0.253765540294582,0.233741510242016,0.815185659737258,0.997528070348248
"ENSG00000185127",146.788596487582,-0.0905691251267971,0.29017635362789,-0.312117524376018,0.754951208813123,0.997528070348248
"ENSG00000185219",173.413270905929,-0.0916349975848879,0.272680559346985,-0.33605255103017,0.736831238449722,0.997528070348248
"ENSG00000185222",202.353785185841,-0.0663498006965223,0.272654081655438,-0.243347909166351,0.8077358934369,0.997528070348248
"ENSG00000185236",356.83564250912,-0.190977392748993,0.235047114361577,-0.812506859604365,0.416500852101029,0.997528070348248
"ENSG00000185246",208.976043889763,-0.0645015855382291,0.258821561822169,-0.249212565924267,0.803196359816112,0.997528070348248
"ENSG00000185274",105.822110337002,-0.0918424207601901,0.376435200620483,-0.243979363802336,0.807246802346174,0.997528070348248
"ENSG00000185324",223.657701288023,0.178892866386964,0.264500576922455,0.676342064990699,0.498823491277884,0.997528070348248
"ENSG00000185359",217.78689650965,-0.0728332765746048,0.260190517886904,-0.279922870234123,0.779536680454338,0.997528070348248
"ENSG00000185504",112.23339094039,0.069830804815261,0.311316605995454,0.224307998579044,0.822517652807406,0.997528070348248
"ENSG00000185591",391.579310898037,-0.118694889248539,0.231821773412782,-0.512009236669893,0.608644545131043,0.997528070348248
"ENSG00000185619",516.521542408001,-0.114397794803818,0.225213938107583,-0.507951664826228,0.611487240956747,0.997528070348248
"ENSG00000185627",356.942407102825,-0.144739036284642,0.238171310333263,-0.607709787052498,0.543379970750044,0.997528070348248
"ENSG00000185630",524.620310897037,0.136962557579324,0.254970503661691,0.53717020444472,0.591150050534846,0.997528070348248
"ENSG00000185651",179.022583937932,-0.0447195317335693,0.268838255771081,-0.166343631434837,0.867886531396386,0.997528070348248
"ENSG00000185658",201.235447022178,-0.0847372779829362,0.272067802056023,-0.311456472771032,0.755453628084256,0.997528070348248
"ENSG00000185813",106.970307125836,-0.271471420387809,0.319780443243627,-0.84893065265091,0.395919881211273,0.997528070348248
"ENSG00000185825",473.729651460544,-0.090736356514179,0.232602955578858,-0.390091158938078,0.696469140160235,0.997528070348248
"ENSG00000185864",103.006188507855,-0.215344261411905,0.310854010664505,-0.692750468142809,0.48846616127942,0.997528070348248
"ENSG00000185880",119.971088581206,-0.18155257091102,0.351126549364471,-0.517057372162899,0.605116109630311,0.997528070348248
"ENSG00000185885",133.756611909047,0.195731345519462,0.370740348437405,0.527947244869435,0.597535952175928,0.997528070348248
"ENSG00000185896",1227.13396650863,0.0738486322355647,0.208388650358138,0.354379339319334,0.723054616051039,0.997528070348248
"ENSG00000185963",140.203869900134,0.235923867066519,0.296648082751599,0.795298809546232,0.426439705880173,0.997528070348248
"ENSG00000186001",194.066872827343,-0.0595174782183771,0.269957614032235,-0.220469714965218,0.825505356071595,0.997528070348248
"ENSG00000186088",152.891491381363,-0.0658981279134021,0.314284885621034,-0.20967641438813,0.833920234925238,0.997528070348248
"ENSG00000186111",270.165162842745,0.111065037019489,0.256812315743606,0.432475509197824,0.665395848385167,0.997528070348248
"ENSG00000186174",218.238172063107,0.0949621006230261,0.272796995207314,0.348105376127252,0.727761046977387,0.997528070348248
"ENSG00000186298",362.711545985722,-0.069201310409966,0.235208541878825,-0.294212573477102,0.768595473378946,0.997528070348248
"ENSG00000186318",201.688898508279,0.0297496790650689,0.268785312892368,0.110681936988803,0.911868570155974,0.997528070348248
"ENSG00000186350",271.886541636416,-0.0172982499092747,0.252818971143869,-0.068421486848908,0.945450117877228,0.997528070348248
"ENSG00000186376",107.838241977412,0.022442249508239,0.336556133931399,0.0666820397717471,0.946834832669779,0.997528070348248
"ENSG00000186501",144.338261907833,-0.166220244372505,0.287183866378018,-0.5787938106304,0.562728307919102,0.997528070348248
"ENSG00000186522",126.299872128108,-0.0636497804079746,0.302681867867812,-0.210286069847342,0.833444406875862,0.997528070348248
"ENSG00000186526",340.280096933669,-0.185187765169792,1.03163583434956,-0.179508852837155,0.857538166675673,0.997528070348248
"ENSG00000186566",244.045049799015,0.148070707770926,0.267926699196027,0.552653797532103,0.580500496329419,0.997528070348248
"ENSG00000186575",174.454715715097,-0.102045103070517,0.276239543628494,-0.369408020771111,0.711823620415867,0.997528070348248
"ENSG00000186594",188.30980298284,0.234909942469046,0.294585321232871,0.797425823818794,0.4252037664476,0.997528070348248
"ENSG00000186635",356.90564179466,0.128304112532585,0.237260380988147,0.54077344054756,0.588663751409154,0.997528070348248
"ENSG00000186660",232.59942635764,0.063592794747196,0.258196811565201,0.246295817371615,0.805453247496064,0.997528070348248
"ENSG00000186814",115.820609028148,0.0167135859418773,0.300104204834301,0.055692608342844,0.955586688052859,0.997528070348248
"ENSG00000186834",250.31206876133,0.029501728601942,0.255677986716976,0.115386267628113,0.908138963104499,0.997528070348248
"ENSG00000186866",188.093989558074,-0.0234409233905408,0.268500475995666,-0.0873030980806126,0.930430591513341,0.997528070348248
"ENSG00000186868",130.458003813234,0.0147100144813897,0.294567235111528,0.0499377144773763,0.960172022975362,0.997528070348248
"ENSG00000186918",172.044175515569,0.0678535179600731,0.288604181238728,0.235109268579674,0.814123925024526,0.997528070348248
"ENSG00000186951",130.452025620704,-0.16350722378341,0.306119884223056,-0.534128072726794,0.593252928498165,0.997528070348248
"ENSG00000187051",127.910522467673,-0.117325138500877,0.301628641534669,-0.38897214105376,0.697296754969977,0.997528070348248
"ENSG00000187079",205.290899233412,-0.0770813873315587,0.27051741374546,-0.284940574672533,0.775689669816528,0.997528070348248
"ENSG00000187145",137.08088161954,0.126842467894247,0.299265255882092,0.423846288204676,0.671677917917906,0.997528070348248
"ENSG00000187147",178.662132510746,0.159049981786855,0.268606398587366,0.592130279186642,0.553763352330518,0.997528070348248
"ENSG00000187189",326.089974413645,-0.179730950148461,0.241762100150556,-0.743420701741649,0.457227014665781,0.997528070348248
"ENSG00000187210",199.582564322913,-0.169107962506134,0.292776810142054,-0.577600262889959,0.563534029416873,0.997528070348248
"ENSG00000187257",111.236294204817,0.0366261395604805,0.303673321619014,0.120610330091596,0.903999686349448,0.997528070348248
"ENSG00000187325",120.138221536777,-0.174400077341985,0.301945548547293,-0.577587840526385,0.563542418234343,0.997528070348248
"ENSG00000187446",366.489248949855,-0.0770899144617915,0.249061127269041,-0.309522065153577,0.756924430116488,0.997528070348248
"ENSG00000187535",139.876549089071,0.0101968230233404,0.2916661557345,0.03496059732286,0.972111160433523,0.997528070348248
"ENSG00000187555",469.048643066343,-0.118896781857096,0.226565831750135,-0.524778078577267,0.599737472268573,0.997528070348248
"ENSG00000187601",127.301142903703,-0.220482035483023,0.350888757469029,-0.628353091371084,0.529772659172367,0.997528070348248
"ENSG00000187608",160.957469980243,-0.632672143569864,0.877182654421052,-0.721254735694053,0.470752800687912,0.997528070348248
"ENSG00000187735",128.918679252951,-0.244616875123523,0.296377847882819,-0.825354785693156,0.409170196590102,0.997528070348248
"ENSG00000187742",233.787998284505,-0.0594400314839198,0.256420521266568,-0.231806842877944,0.816688041961828,0.997528070348248
"ENSG00000187764",183.166056940129,-0.0769709516500175,0.277091100553862,-0.277782113882995,0.781179622092285,0.997528070348248
"ENSG00000187778",127.201122726588,-0.101280521584884,0.29492236160987,-0.343414182064838,0.731286891805757,0.997528070348248
"ENSG00000187955",229.765121580977,0.183520294333835,0.280024469171754,0.655372349697313,0.512228049385027,0.997528070348248
"ENSG00000188112",174.089306231787,-0.248943482726676,0.287127796326859,-0.867012828125095,0.385934981017208,0.997528070348248
"ENSG00000188153",242.025839124684,0.21657292225282,0.257737062972684,0.840286297030446,0.400747882622522,0.997528070348248
"ENSG00000188157",556.140743959321,-0.165738050260482,0.235926238448863,-0.702499439444103,0.482367751176364,0.997528070348248
"ENSG00000188186",135.272168525066,0.0495518803867134,0.292074868842345,0.169654721007374,0.865281685144555,0.997528070348248
"ENSG00000188229",606.001032280039,-0.201461341157223,0.247078847657543,-0.815372675836878,0.414859019977762,0.997528070348248
"ENSG00000188313",115.38313954831,-0.176695105564609,0.399288116231128,-0.44252533041161,0.658109104577834,0.997528070348248
"ENSG00000188612",106.82623139598,-0.150942542779424,0.318411889256053,-0.474048073808082,0.635465626037059,0.997528070348248
"ENSG00000188636",194.920437854306,0.021145255346942,0.264378923065345,0.079980866484261,0.936252473546276,0.997528070348248
"ENSG00000188647",139.359331183063,-0.262958544489268,0.309889695850812,-0.848555302128736,0.396128787681319,0.997528070348248
"ENSG00000188725",144.431950478402,0.108424989894701,0.286478685702108,0.378474892919069,0.705077841643716,0.997528070348248
"ENSG00000188735",106.591132666136,-0.166792309805348,0.317436857339409,-0.525434605178852,0.599281102438147,0.997528070348248
"ENSG00000188811",138.97501182984,0.0271623226533282,0.288331686251657,0.094205125376407,0.924946213421692,0.997528070348248
"ENSG00000188895",467.321918884984,-0.130875757556295,0.227965175587259,-0.574104168407072,0.565897312769479,0.997528070348248
"ENSG00000188938",183.93646808447,-0.15947839978842,0.26800205092801,-0.595064102070094,0.551800623208953,0.997528070348248
"ENSG00000188976",163.802968000547,0.115249518232065,0.288130181572372,0.39999113457372,0.689163046534489,0.997528070348248
"ENSG00000188986",181.148223009575,-0.0188983644572563,0.273495932649501,-0.0690992523149348,0.944910616173929,0.997528070348248
"ENSG00000189058",535.924330013465,0.241445804487329,0.289741926911718,0.833313311127718,0.404668051016535,0.997528070348248
"ENSG00000189067",575.442126247544,0.0934584498301476,0.223626221802747,0.417922590100298,0.676003715443486,0.997528070348248
"ENSG00000189091",423.966379447712,-0.0430505202759968,0.230667019926109,-0.186634917682586,0.851946887399637,0.997528070348248
"ENSG00000189241",610.86838433647,-0.115011417337347,0.230574131771152,-0.498804512257675,0.617917108451085,0.997528070348248
"ENSG00000189343",414.260775858187,-0.207524208309976,0.251766588791185,-0.824272232889871,0.409784892202991,0.997528070348248
"ENSG00000189403",283.115386784448,0.155949262625583,0.245608997098944,0.634949307507488,0.525461477179321,0.997528070348248
"ENSG00000196123",182.424408490761,-0.214565969045417,0.267896247355568,-0.800929356657364,0.423172543814537,0.997528070348248
"ENSG00000196141",333.114429795386,-0.0680140593226127,0.268827790149574,-0.253002337610892,0.800266406801961,0.997528070348248
"ENSG00000196182",208.609796743568,-0.0115978381632898,0.260943046892271,-0.0444458601270104,0.964549006649589,0.997528070348248
"ENSG00000196187",854.222844334485,0.180314266245029,0.216644126447195,0.832306276666954,0.405236088649275,0.997528070348248
"ENSG00000196199",278.482241597624,0.048666863466029,0.245693120988142,0.198079878143506,0.842982567827285,0.997528070348248
"ENSG00000196205",5223.40079299663,0.0982805380176665,0.208458043006205,0.471464360886959,0.637309164296112,0.997528070348248
"ENSG00000196230",647.031498894739,0.204943417817378,0.235193056426834,0.87138379393923,0.383544631502867,0.997528070348248
"ENSG00000196235",676.854871167513,-0.0385367706704568,0.22160545593524,-0.173898113238324,0.861945535455438,0.997528070348248
"ENSG00000196262",427.329848765,0.21017385734748,0.241154411463832,0.871532293652447,0.383463581027512,0.997528070348248
"ENSG00000196295",136.802294772544,-0.14108519088325,0.296058853136571,-0.476544407939618,0.633686577847334,0.997528070348248
"ENSG00000196305",437.323872964698,-0.178931259022081,0.232222715571991,-0.770515746409014,0.440994018078426,0.997528070348248
"ENSG00000196313",175.450210118632,-0.154789423783812,0.273229803267485,-0.566517348886268,0.571042142715716,0.997528070348248
"ENSG00000196363",122.487708540735,0.0244143753708304,0.295241334360593,0.0826929448198872,0.934095694877911,0.997528070348248
"ENSG00000196365",219.425420175961,-0.181694218183741,0.256718129334872,-0.707757643196024,0.479095774093741,0.997528070348248
"ENSG00000196396",233.860067494223,-0.164738732469868,0.255770347453656,-0.644088472764489,0.519518064831063,0.997528070348248
"ENSG00000196405",468.666330800369,-0.0922075555234293,0.234089971064122,-0.393897932082582,0.69365639716797,0.997528070348248
"ENSG00000196419",360.736084203301,0.0828172697086994,0.236435643039261,0.350274047703321,0.726133040003963,0.997528070348248
"ENSG00000196422",124.329219220341,-0.126631149524419,0.317876987678962,-0.39836526213816,0.690360960273425,0.997528070348248
"ENSG00000196428",111.407172294907,0.221983754649686,0.319577834007093,0.694615617942885,0.487296221985787,0.997528070348248
"ENSG00000196440",179.937019306321,0.0941490774748675,0.282189214962441,0.333638114012963,0.73865265381866,0.997528070348248
"ENSG00000196455",131.794206761519,-0.0877281863366342,0.304414901786283,-0.288186241284024,0.773204180104368,0.997528070348248
"ENSG00000196498",825.509222140861,-0.0561239234676555,0.214133451462605,-0.262097879076389,0.793245981893827,0.997528070348248
"ENSG00000196504",269.961632168389,-0.155889228402253,0.246553496099285,-0.632273445189671,0.527208212423569,0.997528070348248
"ENSG00000196510",202.008102778564,0.124244008790789,0.265970965963584,0.467133727700942,0.640404204837976,0.997528070348248
"ENSG00000196526",154.747005352422,-0.0277349707363785,0.313281679783554,-0.0885304584536848,0.929455077027805,0.997528070348248
"ENSG00000196547",338.907737512282,-0.141602119615172,0.24288863367464,-0.58299195591365,0.559898715390641,0.997528070348248
"ENSG00000196549",371.914915053478,-0.570972801294357,0.836990277558978,-0.682173755900197,0.495129087345902,0.997528070348248
"ENSG00000196576",1682.55423037685,-0.0991980768885878,0.206346325928305,-0.480735852418589,0.630704246533192,0.997528070348248
"ENSG00000196588",129.835014177434,0.100080696309845,0.306230830935564,0.326814566659043,0.743808141298448,0.997528070348248
"ENSG00000196591",258.007446090814,-0.156356598929137,0.248921408416879,-0.628136406280013,0.529914585488191,0.997528070348248
"ENSG00000196628",196.006663519413,0.0481061291905697,0.283438841981387,0.169723136230315,0.865227877968704,0.997528070348248
"ENSG00000196642",363.159346188965,-0.0847309692863124,0.247306982084454,-0.342614545582774,0.731888457907332,0.997528070348248
"ENSG00000196655",145.052635964751,-0.199565991861712,0.286190067116948,-0.697319770291546,0.485602698141306,0.997528070348248
"ENSG00000196663",147.301492342667,-0.0495808751738078,0.283952931496679,-0.174609485144152,0.861386495022714,0.997528070348248
"ENSG00000196670",116.061126836181,-0.105040591766382,0.311796116408813,-0.336888711046862,0.736200795680361,0.997528070348248
"ENSG00000196700",156.753711540777,-0.0756037631226122,0.293595227788089,-0.25751019078955,0.796784949391583,0.997528070348248
"ENSG00000196704",127.252003701736,0.083872656651327,0.29673561227896,0.282651131784204,0.777444280344938,0.997528070348248
"ENSG00000196712",264.591369271292,-0.0955149973955018,0.257560386386898,-0.370845061755819,0.710752936227469,0.997528070348248
"ENSG00000196715",160.037288345484,-0.158995069518025,0.279395383138834,-0.569068349418712,0.569309756537844,0.997528070348248
"ENSG00000196743",236.158406840898,0.0190301242772816,0.266528723870692,0.0713999001717884,0.94307948905986,0.997528070348248
"ENSG00000196756",232.238740742703,0.0103551514649658,0.293357752959479,0.0352987141485096,0.971841548654177,0.997528070348248
"ENSG00000196776",575.299526994675,-0.050320545429136,0.234033533472912,-0.215014253224358,0.829756205979975,0.997528070348248
"ENSG00000196781",225.900125956967,-0.0657344840545999,0.256862032087604,-0.255913587229508,0.798017562814185,0.997528070348248
"ENSG00000196792",149.184060270306,-0.120401745640692,0.295114430171198,-0.407983254396765,0.683285968956859,0.997528070348248
"ENSG00000196821",368.901037022428,0.0769174535039063,0.23433701252229,0.328234335139823,0.742734488939,0.997528070348248
"ENSG00000196850",116.24467685028,0.162561315245501,0.313656820816906,0.518277634843447,0.604264574968259,0.997528070348248
"ENSG00000196943",164.763036946659,-0.110105136489243,0.274718971442842,-0.400791892569207,0.688573348431385,0.997528070348248
"ENSG00000196954",124.329653124187,0.263798174206629,0.310150199292324,0.850549749149098,0.395019513752106,0.997528070348248
"ENSG00000196961",240.582626395858,0.0669766041636409,0.267488222791452,0.250390852594132,0.802285102935737,0.997528070348248
"ENSG00000196975",221.464516971921,0.190784877014038,0.258773587039131,0.73726565062913,0.460960816557986,0.997528070348248
"ENSG00000196998",122.215278185722,0.0109162449101463,0.304314328040718,0.0358716100567096,0.971384733185477,0.997528070348248
"ENSG00000197063",119.597304094203,0.0752360972474592,0.305796485998475,0.246033230243968,0.805656508949858,0.997528070348248
"ENSG00000197070",224.940417439151,-0.120998395427127,0.268097516638745,-0.451322328323428,0.651757254449772,0.997528070348248
"ENSG00000197077",270.489564815471,0.0805069292716896,0.253586237690579,0.317473574295158,0.750884287823387,0.997528070348248
"ENSG00000197102",1376.88855050815,-0.181288562658304,0.20690377021201,-0.876197482880768,0.380922684687792,0.997528070348248
"ENSG00000197111",509.136133521656,0.179805989372612,0.224906995668859,0.799468192787334,0.424018982820175,0.997528070348248
"ENSG00000197136",259.070094515182,-0.196461435488452,0.249422532365176,-0.787665146470471,0.430892597548499,0.997528070348248
"ENSG00000197142",140.827041260764,0.242514670446733,0.345140201033797,0.702655528739711,0.482270448223429,0.997528070348248
"ENSG00000197150",125.557178074781,-0.156321479840221,0.299156395836729,-0.522540991988474,0.601293713163987,0.997528070348248
"ENSG00000197157",925.448952852946,-0.17846523707687,0.216593774451563,-0.823962911809269,0.409960631844955,0.997528070348248
"ENSG00000197170",130.516928201664,-0.129298290199035,0.296712759683975,-0.435769227911699,0.663004172327049,0.997528070348248
"ENSG00000197183",111.200943971197,0.160169008390496,0.307259228817633,0.521282986378778,0.602169651270362,0.997528070348248
"ENSG00000197258",181.282697336729,-0.193567011012384,0.287367054985973,-0.6735880388997,0.50057325968213,0.997528070348248
"ENSG00000197324",633.575906664383,0.0307139956660952,0.225445361877044,0.136236981814007,0.891633940443961,0.997528070348248
"ENSG00000197343",315.249227713144,-0.0941927129979507,0.246471231351407,-0.382165141471036,0.702338876078114,0.997528070348248
"ENSG00000197375",242.605725217679,-0.0169175702238931,0.261970152425652,-0.064578235601456,0.948509814004615,0.997528070348248
"ENSG00000197381",240.423987964415,-0.185929326282687,0.275677206241645,-0.674445772349096,0.500027950673512,0.997528070348248
"ENSG00000197386",350.220538921148,-0.21188495926274,0.237685815516914,-0.891449743443616,0.372687941628677,0.997528070348248
"ENSG00000197451",267.15436804552,0.0758320613556804,0.256632911867984,0.295488450034381,0.767620774198454,0.997528070348248
"ENSG00000197461",171.543380837441,-0.143197044457586,0.272962753923902,-0.524602871267582,0.599859290313787,0.997528070348248
"ENSG00000197530",191.21565030502,-0.0925429141993601,0.270866728649598,-0.341654785955925,0.732610702182635,0.997528070348248
"ENSG00000197555",192.180109356564,-0.045985010464138,0.309726675188502,-0.148469648073261,0.881972137786217,0.997528070348248
"ENSG00000197586",570.430945698837,-0.157373709476534,0.228504803954318,-0.68871072622174,0.491005324844896,0.997528070348248
"ENSG00000197622",595.312242021086,-0.121172734644228,0.22802109390808,-0.531410197922635,0.595134556205587,0.997528070348248
"ENSG00000197635",673.259020831822,0.154188240118356,0.318617503389995,0.483928969619807,0.628436279925016,0.997528070348248
"ENSG00000197694",963.849878408992,0.125180964127075,0.21474615166954,0.582925296466818,0.559943590578891,0.997528070348248
"ENSG00000197712",316.440447457304,-0.093549146903927,0.244028255621734,-0.383353750022033,0.701457490828101,0.997528070348248
"ENSG00000197724",281.759583257036,-0.197429127502795,0.256681143618238,-0.7691610093355,0.441797733879131,0.997528070348248
"ENSG00000197746",4468.46729774496,-0.0259666613739,0.203242367958016,-0.127762048999862,0.898337284377728,0.997528070348248
"ENSG00000197747",233.930433401831,0.0419482905136367,0.26905827536164,0.155907825013946,0.87610567726881,0.997528070348248
"ENSG00000197771",160.897545152382,0.209392066889756,0.282854933130059,0.74028076715026,0.459129648539368,0.997528070348248
"ENSG00000197818",168.088315733831,0.0672797349366128,0.278321908707061,0.241733520904479,0.808986653785945,0.997528070348248
"ENSG00000197879",768.769102549435,0.0114108127413684,0.216671194340848,0.0526641890542123,0.95799947240479,0.997528070348248
"ENSG00000197894",309.267425927045,0.167775990353483,0.252942782453819,0.663296215554656,0.507140859867466,0.997528070348248
"ENSG00000197912",316.521384355649,-0.0198168896346736,0.239670011005179,-0.0826840602692065,0.93410275953051,0.997528070348248
"ENSG00000197961",143.889469065576,-0.190905801973198,0.292710923345223,-0.652199104124458,0.514272737819103,0.997528070348248
"ENSG00000197965",333.849106960771,-0.0135871251229735,0.254305915470038,-0.053428270033987,0.957390681145065,0.997528070348248
"ENSG00000197976",299.428625189583,0.11642752909731,0.242082099233444,0.480942330994232,0.630557486006682,0.997528070348248
"ENSG00000198000",108.800681726039,-0.0106963014580403,0.313062103075013,-0.034166707988534,0.972744214209189,0.997528070348248
"ENSG00000198015",137.955525163776,-0.105640327941613,0.286248052510719,-0.369051691408998,0.712089195811686,0.997528070348248
"ENSG00000198026",143.497200441082,-0.225890829937925,0.283729076189679,-0.796149738939381,0.425945007011252,0.997528070348248
"ENSG00000198060",174.707389285378,-0.142971899302002,0.27664333830464,-0.516809478146772,0.605289162968975,0.997528070348248
"ENSG00000198089",123.201680649589,0.203610219718147,0.301211111247927,0.675971808857195,0.499058543934896,0.997528070348248
"ENSG00000198105",118.295115796137,-0.07004248209925,0.312512293720155,-0.224127125577885,0.822658386165463,0.997528070348248
"ENSG00000198160",154.300824706723,0.0379055054181507,0.286106381321471,0.132487451845962,0.894598747509702,0.997528070348248
"ENSG00000198168",134.936990273833,-0.0496538764580532,0.290252572611567,-0.17107127082902,0.864167725402108,0.997528070348248
"ENSG00000198171",167.763433740581,0.065408895079013,0.273773442620997,0.238916143409727,0.811170607379119,0.997528070348248
"ENSG00000198176",154.323606003509,-0.199114362173553,0.29664432796464,-0.671222549710397,0.502078765488406,0.997528070348248
"ENSG00000198189",143.558738102335,-0.0435179889341567,0.334357150726131,-0.130154204387876,0.896444425898868,0.997528070348248
"ENSG00000198198",276.360279895483,-0.13379550580053,0.246458381001018,-0.542872615072391,0.58721751210351,0.997528070348248
"ENSG00000198218",270.558764324983,0.0403666501213223,0.25018022120293,0.161350285515095,0.871817519945674,0.997528070348248
"ENSG00000198265",176.014058425471,-0.0986341967492155,0.269649350461201,-0.365786887973267,0.714524104736839,0.997528070348248
"ENSG00000198276",159.165475933293,-0.187702291104259,0.277498540353172,-0.676408210527417,0.498781505774553,0.997528070348248
"ENSG00000198315",183.647060803182,0.0765255892893642,0.266905975360868,0.286713660815942,0.774331576736747,0.997528070348248
"ENSG00000198355",278.858751671243,-0.128338565845743,0.247831481411827,-0.517846098948504,0.604565651739506,0.997528070348248
"ENSG00000198356",144.210586092843,-0.134151576299836,0.294999822758776,-0.454751379323821,0.64928811272812,0.997528070348248
"ENSG00000198369",127.102632663807,0.117537960027723,0.294356036843062,0.399305416964793,0.689668176196568,0.997528070348248
"ENSG00000198373",282.613532004274,-0.189164764876674,0.258627784470626,-0.731417025683714,0.464524468950046,0.997528070348248
"ENSG00000198408",818.085445785472,-0.0785633415000568,0.219409436265391,-0.358067286609446,0.720292959659619,0.997528070348248
"ENSG00000198420",139.498130233258,-0.231445280362466,0.293130718827162,-0.789563377350882,0.42978280322902,0.997528070348248
"ENSG00000198431",285.109915834772,0.0880985040681265,0.260432005282744,0.338278330931255,0.735153451608291,0.997528070348248
"ENSG00000198492",146.242331073075,0.13408702332912,0.293489241083914,0.456872023089875,0.647763033973274,0.997528070348248
"ENSG00000198521",104.893030444476,-0.242963258545763,0.312431133594272,-0.777653800857371,0.436773134727168,0.997528070348248
"ENSG00000198561",1594.9514157992,-0.183436751247068,0.205682520439916,-0.891844143365862,0.372476477170955,0.997528070348248
"ENSG00000198563",725.588514021279,0.0465524715530069,0.216361860939451,0.215160247517165,0.829642382945347,0.997528070348248
"ENSG00000198585",248.669537614802,-0.0363891536413081,0.249862082390228,-0.145636958169893,0.884207990626671,0.997528070348248
"ENSG00000198604",153.607282757917,-0.0714044951892297,0.312867036878176,-0.228226328672116,0.819470294178506,0.997528070348248
"ENSG00000198618",164.468758154895,-0.142720700608919,0.274450353224811,-0.520023745394899,0.603047025011441,0.997528070348248
"ENSG00000198625",393.43255380845,-0.210165932891707,0.240928720579408,-0.872315813516466,0.383036113093239,0.997528070348248
"ENSG00000198646",255.73966188163,-0.0830996489853666,0.2496134794603,-0.332913307266258,0.739199724133945,0.997528070348248
"ENSG00000198663",517.842938969651,-0.0363505547758369,0.225524570618877,-0.161182236933586,0.871949871061029,0.997528070348248
"ENSG00000198668",1196.85614804295,0.110537520279927,0.214325739386483,0.515745428413523,0.606032221500539,0.997528070348248
"ENSG00000198700",293.78078582008,-0.0677736622722502,0.242963821850359,-0.278945489728063,0.780286657739886,0.997528070348248
"ENSG00000198721",160.326934484748,-0.238514933296085,0.281215759588614,-0.848156353843769,0.396350900764735,0.997528070348248
"ENSG00000198727",25000.2541304927,0.167649621869715,0.198551871688284,0.844361830710494,0.398467244608412,0.997528070348248
"ENSG00000198728",342.516103672939,0.17511522762472,0.243028545048337,0.720554153792472,0.471183869746494,0.997528070348248
"ENSG00000198730",221.346643093268,-0.0844191992087819,0.259496538812738,-0.325319172251858,0.744939522006031,0.997528070348248
"ENSG00000198742",138.571088538372,0.167840925867376,0.288328743781844,0.582116523194679,0.560488196223568,0.997528070348248
"ENSG00000198786",25043.387651089,0.186248933570161,0.208903073802059,0.891556692682447,0.372630591563974,0.997528070348248
"ENSG00000198791",146.777628641773,0.0957499284200923,0.284367211941274,0.336712266391198,0.736333815564675,0.997528070348248
"ENSG00000198792",174.039780159105,0.125630880746515,0.272378336238879,0.461236684536966,0.644628805018275,0.997528070348248
"ENSG00000198799",138.021527487044,-0.159951470948201,0.295104628288225,-0.542016138059274,0.587807388580647,0.997528070348248
"ENSG00000198804",40689.2035486246,0.137837935638363,0.197904051723292,0.69648869964061,0.486122831733484,0.997528070348248
"ENSG00000198815",318.461433288414,-0.0663786777699283,0.243925762228219,-0.272126556717793,0.785524710488965,0.997528070348248
"ENSG00000198830",207.095769639384,-0.180732221903214,0.26035901980656,-0.694165395297206,0.487578491343352,0.997528070348248
"ENSG00000198837",192.044615889035,0.156031076418193,0.265331452065179,0.5880609901455,0.556491355958948,0.997528070348248
"ENSG00000198843",270.120140761403,-0.0647175161325778,0.246137073659544,-0.262932825073296,0.792602355442256,0.997528070348248
"ENSG00000198858",118.06770366773,-0.0942288722465671,0.300714063975514,-0.313350400047268,0.754014462980981,0.997528070348248
"ENSG00000198863",193.382493689541,-0.193499479961359,0.263529206355915,-0.734261991818941,0.462789077890271,0.997528070348248
"ENSG00000198898",261.357514085409,0.0898464467631499,0.251137154551047,0.35775848031633,0.720524064630112,0.997528070348248
"ENSG00000198900",281.106667798183,-0.0940355417245446,0.24647634130541,-0.381519545553562,0.702817770729235,0.997528070348248
"ENSG00000198909",189.585300327516,0.198973906653243,0.267983562216464,0.742485490556027,0.45779323956643,0.997528070348248
"ENSG00000198917",122.551857404449,0.088896064447029,0.312083826248065,0.284846752604118,0.775761551864031,0.997528070348248
"ENSG00000198918",163.671090549298,0.254570180616107,0.305160552029121,0.834217197876263,0.404158601653787,0.997528070348248
"ENSG00000198931",144.728081907987,-0.035277604734549,0.289249327934803,-0.121962616080825,0.902928625233996,0.997528070348248
"ENSG00000198951",145.667358127937,-0.0392336287251254,0.281530450893922,-0.139358384148322,0.889166956040772,0.997528070348248
"ENSG00000198954",118.05207335802,-0.219987918642933,0.3012880417814,-0.73015814813701,0.465293521371069,0.997528070348248
"ENSG00000203485",156.867978248382,-0.116700665484296,0.296552238036147,-0.393524817944792,0.693931897460751,0.997528070348248
"ENSG00000203709",264.025914479478,0.095754714436042,0.257987827029907,0.371159816098384,0.710518500912227,0.997528070348248
"ENSG00000203879",569.146633418733,0.00854882844519521,0.221798000707118,0.0385433070538983,0.969254503083776,0.997528070348248
"ENSG00000203880",264.040863852631,-0.14025578181265,0.25088555046328,-0.559042884509117,0.576132453000627,0.997528070348248
"ENSG00000204054",334.650137153393,0.152180649621999,0.241796338563321,0.62937532688133,0.529103366990456,0.997528070348248
"ENSG00000204120",335.467863194042,-0.210879621316045,0.238968723198094,-0.882456994764274,0.377529726071834,0.997528070348248
"ENSG00000204160",145.133723555346,-0.0902961573654711,0.294506998222761,-0.306601058414144,0.759147047922978,0.997528070348248
"ENSG00000204178",193.092816458389,-0.00767759836033735,0.263826317487475,-0.0291009571503489,0.976784072426877,0.997528070348248
"ENSG00000204209",142.21138588072,0.14838771352342,0.283670918564046,0.52309808236447,0.600905999927392,0.997528070348248
"ENSG00000204219",347.139290387494,-0.125532712630505,0.272066271481239,-0.461404906778976,0.644508131804141,0.997528070348248
"ENSG00000204227",187.447787363623,0.209860981950197,0.272673104472899,0.769643131308739,0.441511612532704,0.997528070348248
"ENSG00000204231",252.684273877796,0.10288884218675,0.250008640752726,0.411541144645929,0.680675777898875,0.997528070348248
"ENSG00000204256",1009.25640880584,-0.181095502815857,0.212880861506065,-0.8506894491814,0.394941885666209,0.997528070348248
"ENSG00000204264",162.619614492616,0.0714632655940623,0.357911581320865,0.19966737407694,0.84174073164426,0.997528070348248
"ENSG00000204304",224.172186648063,0.106271172138956,0.254984848275004,0.416774458788003,0.676843386033719,0.997528070348248
"ENSG00000204310",139.368769382821,-0.0812331616800918,0.30433859042814,-0.26691705960067,0.789533021365007,0.997528070348248
"ENSG00000204351",232.65851560035,0.145007662219849,0.260919520402965,0.555756280694901,0.578377476404606,0.997528070348248
"ENSG00000204356",138.030083914899,0.14961400220693,0.290308977584318,0.515361265958356,0.606300594161177,0.997528070348248
"ENSG00000204371",302.966416819208,-0.0459500581295125,0.243599844026696,-0.188629259239085,0.850383398909713,0.997528070348248
"ENSG00000204386",215.782754973591,-0.199873942253354,0.286845979181055,-0.696798828500208,0.485928699359691,0.997528070348248
"ENSG00000204387",209.126148488791,0.193568258002578,0.259089364397205,0.747110011454667,0.45499715748203,0.997528070348248
"ENSG00000204388",400.325817358231,-0.0193258459684146,0.233382257672118,-0.0828076913865737,0.934004453293024,0.997528070348248
"ENSG00000204389",312.111970257018,0.0939889508394004,0.245803609223839,0.38237416910266,0.702183847410358,0.997528070348248
"ENSG00000204463",641.141847565595,-0.10282076928771,0.222752396389264,-0.461592202617782,0.64437378727938,0.997528070348248
"ENSG00000204469",1166.50999930643,-0.108613024882971,0.209877991155593,-0.517505548270904,0.604803296857985,0.997528070348248
"ENSG00000204514",147.606083354534,-0.0882185247407554,0.293614580002042,-0.300456894000774,0.763828671908078,0.997528070348248
"ENSG00000204525",2061.46879874294,-0.0925557940939945,0.280370340171492,-0.330119776711693,0.741309460462099,0.997528070348248
"ENSG00000204560",167.328115663587,0.160546198646655,0.274663756900894,0.584519051432711,0.558871151427217,0.997528070348248
"ENSG00000204569",281.208809482593,0.0841557531622519,0.247451069386833,0.34009048080004,0.733788390208824,0.997528070348248
"ENSG00000204574",280.2933994837,0.157359214802519,0.247000679089172,0.637080089750319,0.524072676785179,0.997528070348248
"ENSG00000204580",802.842388138179,0.0776690289506356,0.217673990213165,0.356813548897485,0.721231392508856,0.997528070348248
"ENSG00000204592",1298.50126208751,0.167894116846516,0.279645227009328,0.600382558436856,0.548251308998362,0.997528070348248
"ENSG00000204619",161.545611046905,0.018116789936757,0.284910021181562,0.0635877596078371,0.949298478435179,0.997528070348248
"ENSG00000204628",2334.34334031331,0.133207658798461,0.20578321324276,0.6473203362867,0.517424642475777,0.997528070348248
"ENSG00000204634",380.077715467962,-0.133068346586323,0.248049887564331,-0.536458000013455,0.591642055562327,0.997528070348248
"ENSG00000204673",139.643066062598,-0.129426261244695,0.292982518327316,-0.441754211082662,0.658667076126055,0.997528070348248
"ENSG00000204681",406.511698306248,0.158011126247555,0.230527987009234,0.685431423305775,0.493071720694126,0.997528070348248
"ENSG00000204843",449.52394069793,-0.0309507127728657,0.23914876953987,-0.129420330417823,0.897025061616888,0.997528070348248
"ENSG00000204852",135.42598065309,-0.0407859870727394,0.288793152295684,-0.141229065677362,0.887688985104226,0.997528070348248
"ENSG00000204859",106.031365816792,-0.0239632099487994,0.309500799176061,-0.0774253572610902,0.938285169149152,0.997528070348248
"ENSG00000204936",441.513288940803,0.248303174000683,0.30699028280553,0.808830728228542,0.418612518609649,0.997528070348248
"ENSG00000204977",121.379847567083,-0.0680602245314855,0.304616168419908,-0.223429455122243,0.823201281816987,0.997528070348248
"ENSG00000205246",288.697732472798,0.174128050380185,0.245686552240627,0.708740664851868,0.478485424836933,0.997528070348248
"ENSG00000205250",161.642893337371,0.122375970964812,0.275050392003856,0.444922001649416,0.656376122100341,0.997528070348248
"ENSG00000205268",172.253211208641,-0.0376284969931624,0.284886304353403,-0.132082505961691,0.894919032893242,0.997528070348248
"ENSG00000205302",222.246214812797,-0.105717627248328,0.256697699554197,-0.411837065279224,0.680458851965947,0.997528070348248
"ENSG00000205336",374.608387157766,-0.131265464960912,0.245599840655903,-0.534468852301989,0.59301719378368,0.997528070348248
"ENSG00000205339",344.972187632056,0.120469252365607,0.238512428344353,0.505085848992655,0.613498540064766,0.997528070348248
"ENSG00000205352",109.913450714916,0.174261626956531,0.320475262856169,0.543759993839963,0.586606642065386,0.997528070348248
"ENSG00000205356",188.824989437776,-0.131295526712036,0.268401785958122,-0.489175309483676,0.624717588107634,0.997528070348248
"ENSG00000205476",112.081816609563,-0.199247568648603,0.348611752094862,-0.57154575957722,0.567629750932043,0.997528070348248
"ENSG00000205531",301.899986357991,0.0195386868297964,0.241356859375958,0.0809535178752111,0.935478918479643,0.997528070348248
"ENSG00000205581",304.429509117553,-0.100696680649835,0.244934564228763,-0.411116662798913,0.680986992325483,0.997528070348248
"ENSG00000205609",291.783411560955,-0.0750093509224598,0.246018984013363,-0.304892531864067,0.760448003844079,0.997528070348248
"ENSG00000205726",161.003540735089,0.226010172391747,0.293020088987469,0.771312892480258,0.440521492381261,0.997528070348248
"ENSG00000205765",154.131210308788,-0.247189122412013,0.294405284127934,-0.839621894505796,0.401120419256066,0.997528070348248
"ENSG00000205903",120.796872754088,0.0962053722431099,0.298533981114025,0.322259368545265,0.747256211717081,0.997528070348248
"ENSG00000205937",235.021410256399,-0.00742856266212847,0.252673682711308,-0.0293998274074944,0.976545710455236,0.997528070348248
"ENSG00000206149",190.716820168924,-0.155536239723922,0.267109916021099,-0.582293020194864,0.560369326120208,0.997528070348248
"ENSG00000206337",106.816792705695,0.115810033983397,0.421898440599801,0.274497421272176,0.783702385069573,0.997528070348248
"ENSG00000206341",273.174023753877,0.234689606329283,0.341735489268736,0.68675807371217,0.492235194227518,0.997528070348248
"ENSG00000206503",1979.93818296412,0.213365714653495,0.312230493814612,0.683359629761793,0.494379623067828,0.997528070348248
"ENSG00000206527",340.627241586985,-0.122115176179216,0.246396225227492,-0.495604898437342,0.620173196108484,0.997528070348248
"ENSG00000206560",165.768344035562,-0.0679957898131014,0.274919746306815,-0.247329596096808,0.804653155766734,0.997528070348248
"ENSG00000206573",136.626950616774,0.0276673661675082,0.30714031028016,0.0900805437823229,0.928223210166778,0.997528070348248
"ENSG00000211455",170.153285411784,0.180122537171869,0.304290018819734,0.591943626250114,0.553888338827555,0.997528070348248
"ENSG00000211460",183.703004277511,0.118738395559002,0.271311515621625,0.437645985231959,0.661642930733472,0.997528070348248
"ENSG00000211899",182.694156157821,0.138483592182946,0.810978481371033,0.170761118037099,0.864411603261555,0.997528070348248
"ENSG00000212694",144.6226271177,0.0679886122741803,0.288854092503217,0.235373546848477,0.813918815935093,0.997528070348248
"ENSG00000212802",717.532243740167,0.0742779052334289,0.219854326679186,0.337850550204618,0.735475813757639,0.997528070348248
"ENSG00000213015",185.16817635352,0.0608109229656247,0.268245077743631,0.226699119615322,0.820657711741051,0.997528070348248
"ENSG00000213024",161.897832649993,-0.0229662560212333,0.275521887285184,-0.0833554685891855,0.933568896149985,0.997528070348248
"ENSG00000213064",230.541435713641,-0.0205241897323739,0.279585188697199,-0.0734094314080506,0.941480312668608,0.997528070348248
"ENSG00000213079",165.259848097164,-0.206571632831242,0.276055494546896,-0.748297486961088,0.454280739992704,0.997528070348248
"ENSG00000213160",127.037743616343,-0.0315504044855617,0.300204097103352,-0.105096515304052,0.916299224376874,0.997528070348248
"ENSG00000213178",523.684332509361,0.183847313743294,0.225749790855144,0.814385311485238,0.415424250622412,0.997528070348248
"ENSG00000213236",129.074062083758,-0.235245682461725,0.300714110488296,-0.782290136235163,0.434044082373761,0.997528070348248
"ENSG00000213246",141.868397142215,0.164803907752476,0.2843652088922,0.579550179132325,0.562217998510386,0.997528070348248
"ENSG00000213281",113.974994395421,-0.214042937652639,0.307650053705622,-0.695735089510005,0.486594746276563,0.997528070348248
"ENSG00000213300",189.694366470181,-0.078468980450083,0.270426747538761,-0.290167230735324,0.771688304319203,0.997528070348248
"ENSG00000213315",199.082521924227,0.0418239580479276,0.274649701253021,0.15228109791169,0.878965232724394,0.997528070348248
"ENSG00000213326",149.545236703995,0.0911887883776513,0.28642675955018,0.318366861116116,0.750206672537165,0.997528070348248
"ENSG00000213339",141.732204120554,0.0897910303088804,0.285709542671831,0.314273823230383,0.753313077799355,0.997528070348248
"ENSG00000213442",607.881508763802,0.128304423747198,0.221004642055647,0.580550809040887,0.561543233619053,0.997528070348248
"ENSG00000213516",174.62587922031,-0.0953360237338955,0.269698025252669,-0.353491738193407,0.72371982147117,0.997528070348248
"ENSG00000213523",108.886864787483,-0.0617793958946305,0.319202974509049,-0.19354266980015,0.846533992060744,0.997528070348248
"ENSG00000213553",1592.88138117906,-0.0802166758956205,0.208760100961662,-0.384252908128033,0.700791007577664,0.997528070348248
"ENSG00000213585",243.115219148406,0.0143522573039048,0.251926912938224,0.0569699248742995,0.954569152691128,0.997528070348248
"ENSG00000213593",170.388076921778,0.162099911281635,0.270831772087591,0.598526199611504,0.549488882646582,0.997528070348248
"ENSG00000213614",163.513110207849,-0.140288356431809,0.297669480166711,-0.471289016103498,0.637434358339652,0.997528070348248
"ENSG00000213619",120.469196248099,-0.155063006396919,0.303608282133694,-0.510733782712282,0.609537481770804,0.997528070348248
"ENSG00000213625",328.226756230503,0.105374373021911,0.251302112208603,0.419313519077949,0.674987017672179,0.997528070348248
"ENSG00000213626",165.91488337194,-0.0220547777927845,0.326547788406963,-0.0675392042934265,0.946152452747714,0.997528070348248
"ENSG00000213639",1258.49566149177,-0.191718833681888,0.212890027748897,-0.900553378235359,0.367825832458635,0.997528070348248
"ENSG00000213676",368.092194480898,-0.0904106242760435,0.24170577853551,-0.374052390571047,0.708365338567327,0.997528070348248
"ENSG00000213699",203.417882181826,-0.218259608730749,0.264011532992839,-0.826704827082949,0.408404384724908,0.997528070348248
"ENSG00000213719",539.839417707476,-0.0770687051751269,0.228008024283279,-0.338008740777369,0.735356600867607,0.997528070348248
"ENSG00000213722",179.45984007536,0.227835301531102,0.270042963336291,0.84370019761401,0.398836957092323,0.997528070348248
"ENSG00000213763",297.078281428127,0.111486854130113,0.268645650123404,0.414995940112564,0.678144875174517,0.997528070348248
"ENSG00000213853",343.740155280344,-0.164022153497704,0.262176934140437,-0.625616261916634,0.53156666979096,0.997528070348248
"ENSG00000213923",445.73909535022,-0.0379085112384575,0.230404952730941,-0.164529932143975,0.869313985365625,0.997528070348248
"ENSG00000213949",337.484887615998,0.211575735210859,0.256760767978406,0.824018937459532,0.409928797754208,0.997528070348248
"ENSG00000213983",252.603144159836,-0.138454528086928,0.251350650077756,-0.550842132471496,0.581741899078114,0.997528070348248
"ENSG00000214019",191.635430473916,-0.0805827613510279,0.267777313859926,-0.300931995281649,0.76346635181053,0.997528070348248
"ENSG00000214021",270.140408557355,0.188490603419226,0.252120701837424,0.747620493063558,0.454689100169996,0.997528070348248
"ENSG00000214022",401.558205295531,-0.0792219288300144,0.232033350592138,-0.341424750484548,0.732783845116239,0.997528070348248
"ENSG00000214046",170.710459258592,-0.0153698187985328,0.297401291093271,-0.0516804037468436,0.958783351914983,0.997528070348248
"ENSG00000214078",340.662143564508,0.0372890966271492,0.238639493828291,0.156257021957899,0.875830431651389,0.997528070348248
"ENSG00000214110",103.444130130504,0.236296095487238,0.322479051125646,0.732748668983062,0.463711734044169,0.997528070348248
"ENSG00000214160",105.11458328025,-0.0227920941749478,0.315658692751722,-0.072204867783808,0.94243887135648,0.997528070348248
"ENSG00000214253",211.963867593726,0.0526962313632346,0.262924612520009,0.200423348952256,0.841149500118597,0.997528070348248
"ENSG00000214389",309.617683049443,-0.0933566739479721,0.250399561449966,-0.372830820498966,0.709274362599744,0.997528070348248
"ENSG00000214455",158.43961289401,-0.0844531694828435,0.285676337572271,-0.295625357705653,0.767516206104996,0.997528070348248
"ENSG00000214460",102.382257295558,0.103678435898556,0.31873592192289,0.325280047736944,0.74496913010624,0.997528070348248
"ENSG00000214517",248.939420088225,-0.0390372049976162,0.25357034031583,-0.153950201545631,0.877649000777138,0.997528070348248
"ENSG00000214530",195.864452293003,-0.0810717077489915,0.304392302335323,-0.266339546456999,0.789977718969273,0.997528070348248
"ENSG00000214655",472.077877293834,-0.169813024564682,0.227929081560934,-0.745025704494334,0.45625618089279,0.997528070348248
"ENSG00000214706",133.138623639616,0.0512129266257235,0.304269494105299,0.168314364791365,0.866335973609146,0.997528070348248
"ENSG00000214717",199.110223604705,-0.10647272561062,0.264467866510362,-0.402592296052907,0.687248178021814,0.997528070348248
"ENSG00000214753",226.624492781588,0.222667177304604,0.25563368212851,0.87104005798683,0.383732281276377,0.997528070348248
"ENSG00000214967",179.715313944595,0.0971960188501366,0.275301997743249,0.353052355765261,0.724049190318509,0.997528070348248
"ENSG00000214975",171.106212435473,-0.127598292320062,0.277462378745143,-0.459876012370183,0.645605218951525,0.997528070348248
"ENSG00000215012",169.504471711107,-0.0670932322190017,0.283264982286399,-0.236856782216611,0.812767898796084,0.997528070348248
"ENSG00000215018",110.217501209123,0.0488433980836519,0.356293873848583,0.137087392370965,0.890961717812715,0.997528070348248
"ENSG00000215021",416.589542685121,0.195318601700726,0.239314843474624,0.816157488874845,0.414410067148368,0.997528070348248
"ENSG00000215030",730.883154459758,-0.00719583090164863,0.224162267313811,-0.0321009908932398,0.974391513200327,0.997528070348248
"ENSG00000215039",139.067960856986,0.182295552724168,0.285813095911447,0.637813855739654,0.523594858991682,0.997528070348248
"ENSG00000215041",136.498587538584,0.127064286845017,0.289291604167098,0.43922562913932,0.660498056225003,0.997528070348248
"ENSG00000215114",157.905970539092,-0.0594428308723837,0.290221514014379,-0.204818829762699,0.837713674859087,0.997528070348248
"ENSG00000215193",230.082241242078,-0.0707165522352143,0.257530828981495,-0.274594511712987,0.783627783329916,0.997528070348248
"ENSG00000215252",480.936401379779,-0.0213644854859497,0.234245156979308,-0.091205665728393,0.927329173119616,0.997528070348248
"ENSG00000215301",925.910896573561,-0.126894155346226,0.224987856878463,-0.564004462759843,0.572751094970499,0.997528070348248
"ENSG00000215305",111.534013760802,0.246295043539747,0.304278521384565,0.809439464931751,0.418262409561832,0.997528070348248
"ENSG00000215717",235.353083994153,-0.0676993525123353,0.252616488281605,-0.267992611934607,0.788705005623539,0.997528070348248
"ENSG00000215781",390.488845756134,-0.815628213456931,0.940702386390685,-0.867041718248805,0.385919152071073,0.997528070348248
"ENSG00000215845",119.411332032994,-0.162467534885147,0.320097788093459,-0.507555943615929,0.611764793879766,0.997528070348248
"ENSG00000215908",107.858159457169,0.0475577691273496,0.309888014346373,0.153467597730942,0.878029540847905,0.997528070348248
"ENSG00000216866",158.004659700582,0.0804679009629123,0.292642121505147,0.274970330822649,0.783339032571407,0.997528070348248
"ENSG00000218175",637.759268751946,0.0307855340625463,0.228253085774212,0.134874558028974,0.892711055471852,0.997528070348248
"ENSG00000218227",520.809026678455,0.041277827384786,0.225616695137213,0.182955553708834,0.854832892902236,0.997528070348248
"ENSG00000218283",252.179342193743,0.13132517322642,0.25135208032748,0.522474980335631,0.601339662189181,0.997528070348248
"ENSG00000218426",765.353405779616,0.0951274404896694,0.217016851080182,0.438341262515703,0.661138918692193,0.997528070348248
"ENSG00000218739",162.300826014613,-0.0904975869461713,0.286259019989424,-0.31613881354556,0.751897147365542,0.997528070348248
"ENSG00000219023",150.384367273858,0.247740514297125,0.295503937467972,0.838366203915559,0.401825064229313,0.997528070348248
"ENSG00000219481",228.589263058218,-0.0148553110178109,0.260768946389963,-0.0569673315149869,0.954571218537488,0.997528070348248
"ENSG00000219507",309.525262316807,0.0847347769809439,0.241662561870058,0.350632618992535,0.725863981896902,0.997528070348248
"ENSG00000219747",148.30170928975,-0.0132441240199554,0.281125070655326,-0.0471111451891579,0.962424644625399,0.997528070348248
"ENSG00000219928",211.721178067743,0.197534250233346,0.265241373793177,0.744733928227103,0.456432584214833,0.997528070348248
"ENSG00000220205",453.575363064515,-0.00816660651026425,0.231891955308559,-0.0352172911707853,0.971906474422955,0.997528070348248
"ENSG00000220472",483.271674134106,0.168103680165111,0.227428520829223,0.739149511909024,0.459816214640362,0.997528070348248
"ENSG00000221823",137.280477487438,0.138837362039703,0.288636279587172,0.48101147311862,0.630508344530009,0.997528070348248
"ENSG00000221890",168.561822577346,-0.00729847829700842,0.273966334398464,-0.0266400552937768,0.97874682508186,0.997528070348248
"ENSG00000221914",182.876233725042,-0.200333669289512,0.283247554542556,-0.707274135563324,0.479396135481862,0.997528070348248
"ENSG00000221978",878.435002135541,0.184019077494249,0.216770114002021,0.848913506095835,0.395929422910465,0.997528070348248
"ENSG00000223501",205.294543425789,-0.108447046047457,0.261889653008444,-0.414094427945805,0.67880495336814,0.997528070348248
"ENSG00000223745",160.390606535484,-0.198630439406243,0.281182050203411,-0.706412231017419,0.479931816847873,0.997528070348248
"ENSG00000223803",137.575007547726,-0.185296549173826,0.309850959829385,-0.598018315889216,0.549827711906181,0.997528070348248
"ENSG00000224078",484.978108541698,-0.176828402575615,0.225694445052612,-0.783485843146887,0.433341863831396,0.997528070348248
"ENSG00000224415",185.406675271046,-0.0534547510428319,0.268488422211416,-0.199095181097754,0.842188290700389,0.997528070348248
"ENSG00000224470",225.642283200415,0.115111794791404,0.268221992549324,0.429166130999625,0.667802328874927,0.997528070348248
"ENSG00000224546",110.570528426007,0.0521144837089427,0.309188073073705,0.168552697362681,0.866148490121695,0.997528070348248
"ENSG00000224550",134.562625326104,-0.111160497596802,0.294738244273941,-0.377149894037793,0.706062214137893,0.997528070348248
"ENSG00000224628",143.733188568062,-0.250951542519458,0.286576611930776,-0.875687449958675,0.381199969815686,0.997528070348248
"ENSG00000224631",789.593024363976,0.188745017329487,0.214692031087885,0.87914309801384,0.37932369231485,0.997528070348248
"ENSG00000224861",170.814456166228,-0.216342524325933,0.272916135131991,-0.792706976527068,0.427948564677352,0.997528070348248
"ENSG00000225022",115.061293371282,-0.117357771479888,0.314833541952302,-0.372761335250828,0.709326082088156,0.997528070348248
"ENSG00000225031",230.955718448911,0.013245503520368,0.267621827537095,0.049493360247426,0.960526128471835,0.997528070348248
"ENSG00000225093",495.943050964928,0.00871397945356299,0.24291953017061,0.0358718767792894,0.971384520508527,0.997528070348248
"ENSG00000225137",109.804951960687,-0.198150712325442,0.316476512995241,-0.62611506443267,0.531239471956978,0.997528070348248
"ENSG00000225200",197.26042407078,0.16686046772193,0.272749772915462,0.611771243430686,0.540689118161682,0.997528070348248
"ENSG00000225471",691.255010944416,0.083473920555903,0.217452057578037,0.383872755611645,0.701072760082715,0.997528070348248
"ENSG00000225616",137.199574266283,0.174884235906238,0.306498270161265,0.570588003039047,0.568278952687904,0.997528070348248
"ENSG00000225697",157.139347250737,-0.11251001391782,0.284373075660278,-0.39564228665666,0.692368936973254,0.997528070348248
"ENSG00000225733",465.861977876258,-0.0700932003083782,0.228537638105377,-0.306703092276025,0.759069375860479,0.997528070348248
"ENSG00000226084",227.100067856085,-0.151326643773046,0.270200706200324,-0.560052732285809,0.575443469981138,0.997528070348248
"ENSG00000226086",124.490708475884,-0.213077421755434,0.310631229741246,-0.685949773733072,0.492744781449598,0.997528070348248
"ENSG00000226137",125.317065366483,-0.0999502823290669,0.298745258319543,-0.334566924647749,0.737951798656917,0.997528070348248
"ENSG00000226221",577.027512039773,-0.0570955636602573,0.228143481477003,-0.250261648023516,0.802385013357075,0.997528070348248
"ENSG00000226243",283.518070009062,-0.0711184105163827,0.260626370527838,-0.272874960320972,0.784949335085734,0.997528070348248
"ENSG00000226360",479.66325614535,0.118355792217641,0.240865859548213,0.491376372058863,0.623160272575112,0.997528070348248
"ENSG00000226396",270.603472514844,0.114832364571881,0.24732397411039,0.464299366791784,0.642433277591283,0.997528070348248
"ENSG00000226415",158.348204321586,0.0702669928287284,0.276073843282087,0.254522456721592,0.799091957246663,0.997528070348248
"ENSG00000226752",172.481937168966,-0.237051441880211,0.271788436971568,-0.872191048749467,0.383104161936017,0.997528070348248
"ENSG00000227051",105.561362281404,-0.0310475189432029,0.321371246349411,-0.0966095109499823,0.92303650318379,0.997528070348248
"ENSG00000227057",109.007129268523,0.092959971477213,0.315688694895736,0.294467217167581,0.768400910395362,0.997528070348248
"ENSG00000227097",483.103975719867,0.103611371274323,0.241202215383486,0.429562270435999,0.667514087540809,0.997528070348248
"ENSG00000227372",164.456141490692,0.148877331754918,0.280365089293328,0.531012374365761,0.595410204156102,0.997528070348248
"ENSG00000227376",127.253725488676,-0.0199281418831451,0.300308541559997,-0.0663588913576198,0.947092097973083,0.997528070348248
"ENSG00000227615",397.040870903213,0.18410103179031,0.238924897928615,0.770539334269447,0.44098003169151,0.997528070348248
"ENSG00000227939",791.642540678527,-0.0393875831205939,0.241214030485081,-0.163288939044655,0.870290942384372,0.997528070348248
"ENSG00000228205",450.547932624888,0.0290663757377614,0.230279105475463,0.126222375572232,0.899555899871482,0.997528070348248
"ENSG00000228224",141.035424489075,-0.0822701087692203,0.287328671925256,-0.286327529438558,0.774627274920136,0.997528070348248
"ENSG00000228232",228.289445032215,0.0457217715191564,0.268317686385639,0.170401631495298,0.864694289159502,0.997528070348248
"ENSG00000228474",273.646320705835,-0.0277392528874824,0.247107040019891,-0.112256020246325,0.910620412083077,0.997528070348248
"ENSG00000228502",253.845093125893,0.218901983370739,0.251135227181686,0.87164985106758,0.383399426157629,0.997528070348248
"ENSG00000228887",151.541979043908,0.137403069089532,0.280094339908083,0.490559963241753,0.623737709367687,0.997528070348248
"ENSG00000229119",315.14947698079,0.0634326351128479,0.255218441501268,0.248542522004754,0.803714674147521,0.997528070348248
"ENSG00000229132",217.64194295004,-0.0829283206816238,0.260992920985032,-0.317741647431041,0.750680916968076,0.997528070348248
"ENSG00000229344",1354.45056979759,-0.0735297395010551,0.226505020647288,-0.324627415723183,0.745463075319286,0.997528070348248
"ENSG00000229638",985.009942971608,0.0800663637717363,0.221005375583329,0.362282426662277,0.717140989018606,0.997528070348248
"ENSG00000230037",155.020715373702,-0.0116501097861484,0.277424197627291,-0.0419938487189925,0.966503601804291,0.997528070348248
"ENSG00000230207",262.737473996831,0.204928981640491,0.248359349136905,0.82513093367597,0.409297259326761,0.997528070348248
"ENSG00000230383",186.638281305248,-0.144760136475189,0.272610198149429,-0.53101511776841,0.595408303080483,0.997528070348248
"ENSG00000230409",158.07387623411,-0.217627511618722,0.278645199819124,-0.781020135139559,0.434790652302282,0.997528070348248
"ENSG00000230734",105.880872768005,-0.0355366361623289,0.325724216640418,-0.109100381079616,0.913122872637064,0.997528070348248
"ENSG00000230897",463.840426866496,0.00787993799350168,0.236538919250556,0.0333134945338733,0.973424592651353,0.997528070348248
"ENSG00000230979",131.574235660695,0.0395886081494718,0.298139943353408,0.132785321229314,0.894363163514421,0.997528070348248
"ENSG00000231043",116.620501372196,-0.0937646670057165,0.309967159345322,-0.302498713746823,0.762271913837619,0.997528070348248
"ENSG00000231074",112.191665886015,-0.216299075554177,0.304826539959298,-0.709580850745668,0.4779640979266,0.997528070348248
"ENSG00000231234",111.363514544032,0.0762963142875494,0.307678076310688,0.247974490748267,0.804154143920125,0.997528070348248
"ENSG00000231925",671.678651042357,0.0730488167318038,0.224871564826568,0.324846837741102,0.745296993850668,0.997528070348248
"ENSG00000232346",473.163296688727,0.140246421400008,0.234784022810487,0.597342271084655,0.55027888773203,0.997528070348248
"ENSG00000232368",184.062726740512,0.123207203587933,0.266653079474478,0.462050555841134,0.644045066313063,0.997528070348248
"ENSG00000232637",210.450946431444,-0.0809192530797869,0.260394393921732,-0.31075651000424,0.755985733781031,0.997528070348248
"ENSG00000232888",189.073780611283,0.120838466001879,0.269260826649496,0.448778485550658,0.653591460262754,0.997528070348248
"ENSG00000233276",206.863852559773,0.0465762072215588,0.264556204270444,0.176054110505554,0.8602514322385,0.997528070348248
"ENSG00000233287",299.969977794772,0.192482254414606,0.24174249388278,0.796228463283498,0.425899256519492,0.997528070348248
"ENSG00000233426",153.338910788192,0.197024166403149,0.28066945875837,0.701979357763925,0.48269203671886,0.997528070348248
"ENSG00000233762",326.168840991933,0.058611500755189,0.248780265864214,0.235595458311711,0.813746598013994,0.997528070348248
"ENSG00000233830",120.660630183744,-0.108615909536436,0.313809700851686,-0.346120305528001,0.729252303876322,0.997528070348248
"ENSG00000233913",390.368301927284,-0.0521387508369296,0.234894892323331,-0.221966302975891,0.824340115328106,0.997528070348248
"ENSG00000233927",118.888289827865,0.13357154695627,0.305787976220375,0.436810984549661,0.662248432083036,0.997528070348248
"ENSG00000233954",131.982876226278,0.176516601257444,0.305790714714646,0.577246439356943,0.563772989871208,0.997528070348248
"ENSG00000234127",300.804693949983,-0.0747175889339269,0.26419054067399,-0.282817048420095,0.777317084900991,0.997528070348248
"ENSG00000234420",112.474765009829,0.285087792865589,0.321127891601613,0.887770263254694,0.374664341691646,0.997528070348248
"ENSG00000234616",167.644676688307,-0.124146482516878,0.287393713835666,-0.431973548968665,0.665760637897544,0.997528070348248
"ENSG00000234741",253.118043145643,-0.0479080331434044,0.251968630101433,-0.190134911334472,0.84920341375281,0.997528070348248
"ENSG00000234743",121.186516318652,-0.0179701184447244,0.307519428242164,-0.0584357175331809,0.953401564891813,0.997528070348248
"ENSG00000234745",2906.17325643896,0.0586194661849106,0.314073261083914,0.186642651407528,0.851940823323176,0.997528070348248
"ENSG00000234782",596.290739442387,0.0896474612835116,0.220916335818541,0.405798244622106,0.684890848563627,0.997528070348248
"ENSG00000234882",167.283049843673,0.0236755138696236,0.275377999915944,0.0859746017359785,0.931486607330907,0.997528070348248
"ENSG00000234975",204.972127675949,-0.0726038973475968,0.261423663296367,-0.277725040006376,0.781223437329222,0.997528070348248
"ENSG00000235001",114.359755859717,-0.192822618009721,0.303539584833903,-0.635247024256272,0.525267318388812,0.997528070348248
"ENSG00000235174",526.100176813995,-0.0642855988283253,0.228259309640543,-0.281634071922678,0.778224111664249,0.997528070348248
"ENSG00000235194",120.566941737952,-0.179314992154679,0.298251354174298,-0.601221049443708,0.547692766292567,0.997528070348248
"ENSG00000235437",305.185157384607,-0.127065026676612,0.244730933975757,-0.519202965527845,0.603619211262976,0.997528070348248
"ENSG00000235552",344.507366703005,-0.195786529660538,0.258567054722512,-0.757198282165731,0.448931079232871,0.997528070348248
"ENSG00000235587",146.336425529424,0.0293799601255998,0.282190426120543,0.104113950744203,0.917078919933548,0.997528070348248
"ENSG00000235605",118.295852850356,0.136059723538255,0.299461545453796,0.454347897430615,0.649578446897406,0.997528070348248
"ENSG00000235750",132.482433350764,0.0105599510373069,0.323761481676275,0.0326164526509847,0.973980449492738,0.997528070348248
"ENSG00000235776",121.125916894005,0.0411063654275705,0.310677927066362,0.1323118311485,0.894737649746725,0.997528070348248
"ENSG00000235845",144.412938264321,0.485799236033744,2.20817664475807,0.220000169455179,0.825871022730606,0.997528070348248
"ENSG00000236287",213.351208483636,0.0261753793422416,0.273019473283697,0.0958736716741175,0.92362090519581,0.997528070348248
"ENSG00000236480",188.413584018265,0.0347767189255691,0.276850922916474,0.125615325963935,0.900036430691778,0.997528070348248
"ENSG00000236552",803.676099434618,-0.152683390034475,0.218952658007026,-0.697335174755337,0.48559305995287,0.997528070348248
"ENSG00000236603",112.158631410499,-0.0431200438967434,0.307695353952011,-0.140138755242526,0.888550360453144,0.997528070348248
"ENSG00000237214",216.604215925344,-0.0892554829630433,0.261638961245027,-0.341139876638842,0.732998282605646,0.997528070348248
"ENSG00000237264",114.47945200309,0.0856526879041052,0.310772754463295,0.275611959780797,0.782846122762475,0.997528070348248
"ENSG00000237441",574.818956815504,-0.153831705350051,0.227226077882051,-0.676998462429572,0.49840692991852,0.997528070348248
"ENSG00000237493",107.319705907376,0.0772327506398397,0.309262353758178,0.249732143926676,0.802794498374281,0.997528070348248
"ENSG00000238105",106.713868341391,0.160203991167021,0.315120318260652,0.508389912942739,0.61117992539991,0.997528070348248
"ENSG00000239198",126.57506238836,-0.234976511405726,0.294738003784016,-0.797238592882367,0.425312476267626,0.997528070348248
"ENSG00000239306",143.682196648518,-0.133038788573054,0.289645067441845,-0.459316603414161,0.646006826371663,0.997528070348248
"ENSG00000239779",113.84746328486,0.0284864363751623,0.304897793882814,0.0934294604509698,0.925562386817175,0.997528070348248
"ENSG00000239900",149.746863272901,0.0982231501204167,0.280823874034264,0.349767805384068,0.726512962304649,0.997528070348248
"ENSG00000240342",346.924763037811,-0.0089923561393158,0.238187120410882,-0.0377533265602425,0.969884357827909,0.997528070348248
"ENSG00000240376",807.227831394413,0.123894722676257,0.215805678454084,0.574103163381853,0.565897992828134,0.997528070348248
"ENSG00000240395",148.796888549931,-0.0291100546817001,0.306335902830615,-0.0950265849112572,0.924293710760206,0.997528070348248
"ENSG00000240509",128.41221156796,0.102682474557147,0.301287856088729,0.340811859761474,0.733245221628347,0.997528070348248
"ENSG00000241061",210.133840312262,0.0785799044019208,0.258724781748988,0.303720052909961,0.761341179251219,0.997528070348248
"ENSG00000241258",122.250054387521,-0.276906200108001,0.307609314141362,-0.900187957185032,0.368020233884743,0.997528070348248
"ENSG00000241468",117.415904682928,-0.0725328725476832,0.313076229055306,-0.231677993460405,0.816788125056648,0.997528070348248
"ENSG00000241494",232.804539611345,0.0109132782246741,0.255492096536082,0.0427147390178968,0.96592893025611,0.997528070348248
"ENSG00000241506",113.740613864741,-0.147546585796338,0.304266673681457,-0.484925226976411,0.62772938684545,0.997528070348248
"ENSG00000241553",187.207479853713,0.04567860766051,0.267570914223894,0.170715893366077,0.864447165188069,0.997528070348248
"ENSG00000241685",157.943774644172,0.0430846991161237,0.28526751180988,0.151032617919835,0.879949985643808,0.997528070348248
"ENSG00000241741",200.084463698053,0.0240022623089329,0.264498572274214,0.0907462830614035,0.927694193754002,0.997528070348248
"ENSG00000241837",153.458347453099,0.237842761974496,0.283780250136554,0.838123026038799,0.401961612039085,0.997528070348248
"ENSG00000241878",108.562792870602,0.236548637954915,0.311117412180132,0.760319508629613,0.447063623439043,0.997528070348248
"ENSG00000242086",168.867279786036,-0.11706210844319,0.274419266899217,-0.426581230122526,0.66968437140354,0.997528070348248
"ENSG00000242110",132.743517295312,-0.289180154393535,0.337707604710405,-0.856303353433559,0.391830006865238,0.997528070348248
"ENSG00000242125",119.737802655088,0.198618221583219,0.323144572742568,0.614641984847593,0.538791181009268,0.997528070348248
"ENSG00000242259",137.409355184447,0.0630379319066212,0.287026705146471,0.219623926193393,0.826164055921055,0.997528070348248
"ENSG00000242299",872.485204751791,0.03463561136414,0.226207932866936,0.153114043902757,0.878308341035077,0.997528070348248
"ENSG00000242372",143.477489516379,0.190509458883244,0.286603062802943,0.664715362843944,0.506232565766305,0.997528070348248
"ENSG00000242477",133.057669625937,0.24571443892133,0.296781336015061,0.827930900981119,0.407709633665131,0.997528070348248
"ENSG00000242485",158.461481415351,0.043265499546747,0.275683950986637,0.156938767715369,0.875293106193994,0.997528070348248
"ENSG00000242498",121.448284577989,-0.0833225800258089,0.297956288034199,-0.279646993106066,0.77974834959934,0.997528070348248
"ENSG00000242574",560.797208617645,-0.178556052987508,0.311294312260139,-0.573592404214228,0.566243653018414,0.997528070348248
"ENSG00000242814",134.423716752888,0.0483327698661703,0.297517415257557,0.162453582168725,0.870948678706754,0.997528070348248
"ENSG00000243156",149.42841363027,0.136886102775078,0.284153792706086,0.481732450133672,0.629996020956205,0.997528070348248
"ENSG00000243199",148.838690958579,0.262134725134652,0.292170625212107,0.897197399445446,0.369613592644371,0.997528070348248
"ENSG00000243317",104.324031434504,-0.208447780281412,0.318612841035564,-0.654235339680314,0.512960196801868,0.997528070348248
"ENSG00000243335",119.07775889389,-0.0174489359702878,0.299034745900886,-0.0583508646051159,0.953469152405596,0.997528070348248
"ENSG00000243388",244.145853486793,-0.231104468139886,0.266181227542297,-0.868222264483933,0.38527266802647,0.997528070348248
"ENSG00000243452",106.66532928774,-0.277614460399081,0.322657226846834,-0.860400565367983,0.38956827428832,0.997528070348248
"ENSG00000243680",132.119908297403,0.030729016872273,0.299567528724579,0.102577929601059,0.9182979600486,0.997528070348248
"ENSG00000243716",757.685198131241,-0.0795522135973939,0.215827322331748,-0.368591949980801,0.712431896723947,0.997528070348248
"ENSG00000243829",230.653448492161,0.128361162158864,0.258341234545893,0.496866721197236,0.619283040581133,0.997528070348248
"ENSG00000243943",129.272587368407,-0.0473136637316098,0.292130696265478,-0.16196060303301,0.871336878414983,0.997528070348248
"ENSG00000244038",719.268290601053,-0.114804802248458,0.21867344289843,-0.525005692171696,0.599579233936066,0.997528070348248
"ENSG00000244052",117.834673641913,0.0511185276439409,0.301443746099207,0.16957899543591,0.865341242488445,0.997528070348248
"ENSG00000244073",210.854393953368,-0.153119164897379,0.267106033313122,-0.573252363483237,0.566473834359193,0.997528070348248
"ENSG00000244187",206.619181768444,-0.221714032630694,0.334679816176066,-0.662466100178734,0.507672553590406,0.997528070348248
"ENSG00000244192",239.894213317109,-0.0368465243502608,0.257035114990002,-0.14335210327855,0.886012108243143,0.997528070348248
"ENSG00000244716",207.308639311603,0.120936766644972,0.269854300401161,0.448155788012974,0.654040768053503,0.997528070348248
"ENSG00000244754",492.227451748451,-0.162302999800865,0.232084607191525,-0.699326860858664,0.48434778416026,0.997528070348248
"ENSG00000245532",24220.2870490269,0.00819353305029517,0.217561531268428,0.037660762003858,0.969958161172066,0.997528070348248
"ENSG00000248527",2472.98075036728,0.0807519821054475,0.209703926426516,0.385076157044414,0.700180992406898,0.997528070348248
"ENSG00000249565",117.588635988838,-0.244374248749037,0.324899087505335,-0.752154309282337,0.451958267056197,0.997528070348248
"ENSG00000249855",421.225369440909,0.0780516587298098,0.241071691652849,0.323769490290079,0.746112556258845,0.997528070348248
"ENSG00000249915",473.529295528698,-0.165991572192885,0.238461789923215,-0.69609295579948,0.486370617696638,0.997528070348248
"ENSG00000249921",112.75522537776,0.0951286788146078,0.318025061028009,0.299123215343805,0.76484603347113,0.997528070348248
"ENSG00000249936",174.808853922517,0.00965059342875731,0.276615331370478,0.0348881364635282,0.972168940586131,0.997528070348248
"ENSG00000250182",741.726597802339,0.0532317524192686,0.229736918164025,0.231707436683132,0.816765254927714,0.997528070348248
"ENSG00000250423",106.451296328979,0.395235319997328,1.08480580690024,0.364337393368761,0.715606080018656,0.997528070348248
"ENSG00000250722",149.988468965637,-0.011730966463586,0.283721847717028,-0.0413467153057807,0.967019491461388,0.997528070348248
"ENSG00000251400",209.81357419172,-0.136809492882981,0.266419683937051,-0.513511204807622,0.607593774955324,0.997528070348248
"ENSG00000251562",15356.5350481197,0.0292454904272976,0.227550471508353,0.128523093067834,0.897735024147201,0.997528070348248
"ENSG00000251615",121.820730570095,-0.194140779689673,0.306459520096537,-0.633495672213143,0.526410006127471,0.997528070348248
"ENSG00000253341",503.826705808614,-0.135366512459225,0.233693047271427,-0.579249207624053,0.562421032265358,0.997528070348248
"ENSG00000253719",476.648910746196,-0.126681441245572,0.229577251378602,-0.551803109780498,0.58108325644478,0.997528070348248
"ENSG00000253729",425.511843262857,-0.154770252271876,0.230107151183646,-0.672600792612291,0.501201297333137,0.997528070348248
"ENSG00000254332",231.966783117348,0.126292124580163,0.266393041685172,0.474081919637439,0.635441491216866,0.997528070348248
"ENSG00000254373",128.854004783439,-0.181852917008896,0.294618040231921,-0.617249768092081,0.537069993716869,0.997528070348248
"ENSG00000254893",165.024006594231,0.227000495412013,0.287100070882114,0.790666803789196,0.429138452452765,0.997528070348248
"ENSG00000254986",105.953536986465,0.0851045163258875,0.310861012014127,0.27377031225138,0.784261139661802,0.997528070348248
"ENSG00000254999",363.703078422502,0.141785487402744,0.235138652163929,0.602986731861917,0.546517515844883,0.997528070348248
"ENSG00000255112",152.375080246879,0.0260283043716674,0.287860964745997,0.0904197079817135,0.927953696135235,0.997528070348248
"ENSG00000255642",274.763700759496,-0.156273336064385,0.246072236748298,-0.635070978056879,0.525382124145197,0.997528070348248
"ENSG00000256043",344.650413178443,-0.232815778120935,0.260994059599453,-0.892034778409276,0.372374291498282,0.997528070348248
"ENSG00000256087",274.016994040682,-0.068127882868204,0.257086158731694,-0.265000197615871,0.791009309580525,0.997528070348248
"ENSG00000256211",127.220181707992,-0.215718228714902,0.299957433403856,-0.719162803425056,0.472040614927299,0.997528070348248
"ENSG00000257103",425.335331688863,-0.0674249915228974,0.232569010414412,-0.289913911585871,0.77188209856983,0.997528070348248
"ENSG00000257621",226.616811978585,0.102370419743252,0.258285716895416,0.396345647656171,0.691850056636382,0.997528070348248
"ENSG00000257923",387.936577801484,-0.126946902222691,0.232310117417111,-0.546454470576324,0.584753576162763,0.997528070348248
"ENSG00000258289",131.720164369898,0.233104724001389,0.289978105210508,0.803870084716112,0.421472008567225,0.997528070348248
"ENSG00000258890",163.816330084549,-0.0882134320364793,0.275553947557052,-0.320131258574023,0.748868830630547,0.997528070348248
"ENSG00000259706",207.211370156441,-0.121986179332842,0.267255542796353,-0.456440222180143,0.648073447653103,0.997528070348248
"ENSG00000259758",202.745132812039,0.032871597736487,0.266628444659467,0.123286162429031,0.901880498019367,0.997528070348248
"ENSG00000259781",120.745160886644,0.0325502441209802,0.303876650107824,0.107116634691841,0.91469645051936,0.997528070348248
"ENSG00000259976",200.843516588999,0.0455849804489365,0.291953848365943,0.156137624847469,0.875924541701634,0.997528070348248
"ENSG00000260032",1173.90498365117,-0.0985048935420836,0.213971244279414,-0.460365101272446,0.645254179907695,0.997528070348248
"ENSG00000260244",251.762754711521,-0.142425499154366,0.261593650650086,-0.544453196017659,0.586129647861664,0.997528070348248
"ENSG00000260290",245.448954380601,-0.167802068263695,0.255452284991014,-0.656882236420776,0.511256640972259,0.997528070348248
"ENSG00000260336",247.590767334432,0.0847888639030514,0.260267932065297,0.325775300976301,0.744594367141817,0.997528070348248
"ENSG00000260539",132.073045533023,0.0410015562716331,0.296438566241925,0.138313839496078,0.889992388300045,0.997528070348248
"ENSG00000260822",128.794450562475,-0.0990240510522659,0.292752266058688,-0.338252039464707,0.735173262688749,0.997528070348248
"ENSG00000261606",219.05481389632,-0.350036419091158,0.858780215390162,-0.407597209178985,0.683569413563409,0.997528070348248
"ENSG00000262902",279.902193444968,0.190735222763556,0.246935527930881,0.772408994208981,0.439872228487146,0.997528070348248
"ENSG00000263244",222.184398047339,-0.00799946096157328,0.26121815304098,-0.030623679359368,0.975569657606017,0.997528070348248
"ENSG00000263563",124.482272938495,0.0349279682263615,0.300511337669749,0.116228454131558,0.907471486436053,0.997528070348248
"ENSG00000264112",109.108250621151,-0.100630670839112,0.310292460778808,-0.324309106919767,0.745704025648352,0.997528070348248
"ENSG00000264364",1045.03721979409,0.00830541989580045,0.217345822912972,0.0382129262227692,0.96951791478858,0.997528070348248
"ENSG00000265735",200.607865849398,-0.743046120427327,0.91681690287779,-0.810462937686887,0.41767415784654,0.997528070348248
"ENSG00000266658",3611.57633107811,0.074684156769801,0.274205827977122,0.272365315211434,0.78534113934929,0.997528070348248
"ENSG00000266714",473.301596492437,0.199813119217469,0.240235847052257,0.831737318427774,0.405557231340556,0.997528070348248
"ENSG00000267023",107.428592290388,-0.136195429703641,0.306552962296962,-0.444280259708293,0.656839971445758,0.997528070348248
"ENSG00000267427",151.302734326004,0.0207582072749298,0.283324005552513,0.0732666730249316,0.941593911473311,0.997528070348248
"ENSG00000268032",117.682688487873,-0.208128775491031,0.306557503763932,-0.678922462949406,0.497186991974431,0.997528070348248
"ENSG00000268205",196.913619123701,0.209634491102874,0.264545979470022,0.792431211855288,0.428109286269239,0.997528070348248
"ENSG00000268222",105.456408538943,-0.145535295667405,0.32110459563034,-0.453233300450632,0.65038075589547,0.997528070348248
"ENSG00000269378",295.288124848948,0.168967883809211,0.295957252838953,0.570919895317301,0.568053943989239,0.997528070348248
"ENSG00000270532",110.499643226871,-0.251580846106118,0.309169957868246,-0.813729923310757,0.415799687904425,0.997528070348248
"ENSG00000272888",200.26988948596,-0.191326298114028,0.263981404300206,-0.724771877857151,0.468591990896546,0.997528070348248
"ENSG00000121310",976.881168105706,-0.00585337507387908,0.223028671282629,-0.0262449443841303,0.97906196778036,0.997528363106947
"ENSG00000168283",130.300503116274,-0.00763410093741597,0.291939410805629,-0.0261496072638809,0.979138009698493,0.997528363106947
"ENSG00000010818",188.545560474252,0.00598948077138592,0.291642219292491,0.0205370840542775,0.983614929510781,0.997601655600788
"ENSG00000011638",106.881262246672,0.00702856551539572,0.313494846615355,0.0224200352614391,0.982112898540512,0.997601655600788
"ENSG00000014919",153.605850085754,0.0058233937868953,0.282483739799923,0.0206149698776287,0.983552798768467,0.997601655600788
"ENSG00000041357",335.819470748921,0.0050794797917002,0.262294389190554,0.0193655678544081,0.98454947812638,0.997601655600788
"ENSG00000055070",279.015613785177,-0.00621448292050324,0.250919069132206,-0.0247668817758483,0.980240907465202,0.997601655600788
"ENSG00000060339",286.036315380396,0.00637686152995099,0.247206324688499,0.0257957054213171,0.979420287287933,0.997601655600788
"ENSG00000063587",201.072175840587,-0.00546004472103567,0.281439584107048,-0.0194004149713314,0.984521679372291,0.997601655600788
"ENSG00000070047",163.906002732716,0.00625844348160607,0.274511864078725,0.0227984444410434,0.981811048859517,0.997601655600788
"ENSG00000080845",242.120911142332,-0.00578594470833737,0.255045189392817,-0.0226859589946076,0.981900776053696,0.997601655600788
"ENSG00000101166",134.060354807064,0.00684710628791772,0.294225804156041,0.0232716036159983,0.981433622609334,0.997601655600788
"ENSG00000102978",191.670006373069,-0.00582620055005253,0.264569731996718,-0.0220214175902964,0.982430870913057,0.997601655600788
"ENSG00000105397",324.283649845125,-0.00483948088437714,0.239235888522343,-0.0202289084395679,0.983860767000871,0.997601655600788
"ENSG00000105854",183.261497258531,-0.00567292954103094,0.267826062967628,-0.021181394664031,0.983100955860939,0.997601655600788
"ENSG00000108312",425.052377840975,0.00507159904059762,0.229990539907453,0.02205133760127,0.982407003993857,0.997601655600788
"ENSG00000110619",134.54659609053,-0.00751619691344277,0.303230422927267,-0.0247870805339529,0.980224796134085,0.997601655600788
"ENSG00000111731",168.454979621721,0.00646840433974572,0.275810965012348,0.0234523103149874,0.981289478865201,0.997601655600788
"ENSG00000114742",190.249618874695,-0.00530418643910605,0.266530139858832,-0.0199008879142728,0.984122436833,0.997601655600788
"ENSG00000117118",127.822439116745,0.00578941569522957,0.291598080712187,0.0198540939675931,0.984159765625287,0.997601655600788
"ENSG00000119729",146.474679470989,0.00553938341146269,0.285690854332781,0.0193894320642489,0.984530440816264,0.997601655600788
"ENSG00000122884",168.263843801918,-0.00652860961459764,0.28155163186099,-0.0231879658144585,0.98150033791688,0.997601655600788
"ENSG00000127054",366.179164641823,-0.00597614141556565,0.236048410393518,-0.0253174397811143,0.979801763455867,0.997601655600788
"ENSG00000136451",224.230696269746,0.00546227672064274,0.262813217901955,0.0207838736736616,0.983418061905691,0.997601655600788
"ENSG00000137221",127.253066069205,-0.00576067311861514,0.293006919306829,-0.0196605361137657,0.984314172308856,0.997601655600788
"ENSG00000144746",462.179157650379,0.00562015110862552,0.241429323649588,0.0232786598730759,0.981427994055544,0.997601655600788
"ENSG00000152795",977.080880737906,0.00534330578937137,0.213429090146822,0.0250355084477735,0.9800266408321,0.997601655600788
"ENSG00000162069",197.171388648972,-0.00662373034859181,0.28407232537317,-0.023317056104957,0.981397366608202,0.997601655600788
"ENSG00000165029",114.745315281613,0.00674138904670939,0.326714265821104,0.0206338986446362,0.983537699009331,0.997601655600788
"ENSG00000166037",138.734553616002,-0.00600987462033284,0.290163373163,-0.020712037342345,0.983475366669803,0.997601655600788
"ENSG00000167323",267.060947825139,0.00512326104766855,0.249133607813746,0.020564311224918,0.9835932099586,0.997601655600788
"ENSG00000168924",164.232720476629,-0.006057280044847,0.275487935643893,-0.0219874602881953,0.982457958361526,0.997601655600788
"ENSG00000175334",123.896368736049,0.00739492010181426,0.294059261857255,0.0251477204122344,0.979937136817977,0.997601655600788
"ENSG00000176619",113.612353711772,0.00699647591652545,0.302986963498775,0.0230916731061062,0.981577147815432,0.997601655600788
"ENSG00000198963",107.215644312953,-0.00618318514403021,0.312734198295032,-0.0197713751094053,0.984225752772388,0.997601655600788
"ENSG00000223959",120.096375085271,0.00658638924024968,0.30939412269309,0.0212880231302363,0.983015897833093,0.997601655600788
"ENSG00000236104",107.949962877855,0.00703000311007277,0.308122616848214,0.0228156023792822,0.98179736236555,0.997601655600788
"ENSG00000241511",339.718610485356,-0.00567258447696659,0.239631429495771,-0.0236721221790596,0.981114143050982,0.997601655600788
"ENSG00000186591",531.008130908886,-0.00435644766953526,0.229053429543937,-0.0190193514159961,0.98482566800388,0.997731200932987
"ENSG00000223705",208.418905016135,-0.00486145782997325,0.260470402060589,-0.0186641468340131,0.985109029951441,0.997867972206836
"ENSG00000141002",512.487497791803,-0.00447530360776163,0.242362589246718,-0.0184653234712141,0.985267640707778,0.997878354374419
"ENSG00000092820",956.789141788805,0.00402174432333887,0.225338969246496,0.017847531373677,0.98576048623495,0.998227195184624
"ENSG00000161542",150.181290045043,0.00505671226302438,0.287270839892472,0.0176025950455575,0.985955886451426,0.998274769271758
"ENSG00000110321",3075.78450271079,-0.00352940131613492,0.204230526806714,-0.0172814582193934,0.986212077593078,0.998383870242481
"ENSG00000117280",124.738016992413,-0.00554133948372617,0.328644507027496,-0.016861196110795,0.986547349380829,0.998572982985019
"ENSG00000010322",951.332925028911,0.00258099357774029,0.212670103689624,0.012136137298861,0.990317001116791,0.998654392856693
"ENSG00000019995",194.210592338465,-0.00224682153616243,0.2636862619591,-0.00852081378631298,0.993201456501736,0.998654392856693
"ENSG00000079337",143.968833985721,-0.00305287987339467,0.284972971971187,-0.0107128751624324,0.991452525799201,0.998654392856693
"ENSG00000082458",194.321063092064,0.00313082702198298,0.266243231247789,0.0117592736810994,0.990617673316258,0.998654392856693
"ENSG00000083290",123.981350555742,-0.00243969330489201,0.295781588556876,-0.00824829333291269,0.993418888720377,0.998654392856693
"ENSG00000092010",438.419618714932,-0.00250826004284749,0.262968927905065,-0.00953823732267335,0.992389703098036,0.998654392856693
"ENSG00000099991",287.262371745526,-0.00198456287190326,0.244678181881399,-0.00811091065269247,0.99352850057286,0.998654392856693
"ENSG00000100395",140.509385444988,0.00304342945630971,0.286451262226259,0.0106245978204341,0.99152295691901,0.998654392856693
"ENSG00000100425",176.405984812903,-0.00237020604769948,0.271850407668727,-0.00871878790995887,0.993043501873498,0.998654392856693
"ENSG00000101152",397.289443315519,-0.00249097048450113,0.231458673353597,-0.0107620528900885,0.991413289911452,0.998654392856693
"ENSG00000103043",137.514299690448,-0.00316061693855001,0.286515313604039,-0.0110312321487917,0.991198528687904,0.998654392856693
"ENSG00000104774",248.034313358621,-0.00246519548919501,0.251557406869266,-0.0097997332691387,0.992181069272973,0.998654392856693
"ENSG00000105379",114.297401119173,0.00371608059016324,0.331663924939007,0.0112043557069001,0.991060404610651,0.998654392856693
"ENSG00000111786",382.015496360396,-0.0033945552337373,0.233577776597036,-0.0145328690220111,0.988404856341936,0.998654392856693
"ENSG00000112208",168.613178060209,-0.00314271510327935,0.283695128621242,-0.0110777901564716,0.991161383042107,0.998654392856693
"ENSG00000118058",347.812740438861,-0.0039024249798773,0.253595001330636,-0.0153884144379855,0.987722306273004,0.998654392856693
"ENSG00000121578",108.822414279647,-0.00386844781617951,0.314890950538458,-0.0122850396607605,0.990198203077907,0.998654392856693
"ENSG00000131504",344.28192574751,-0.00373051302421869,0.261318613373716,-0.0142757263864845,0.988610005196546,0.998654392856693
"ENSG00000134287",627.413541603215,-0.00347108570470618,0.219303648948008,-0.0158277608300494,0.987371801269033,0.998654392856693
"ENSG00000135390",328.859137229759,-0.00337529221284274,0.245672681057284,-0.0137389806563625,0.989038224310917,0.998654392856693
"ENSG00000135945",221.803658574628,-0.00238316093046282,0.26163893208293,-0.00910858682800097,0.992732499692345,0.998654392856693
"ENSG00000136026",342.815268337419,-0.00193267435030027,0.252708779390662,-0.00764783223978363,0.993897972216252,0.998654392856693
"ENSG00000137337",167.388803190491,-0.00479966557721197,0.293984435228747,-0.0163262574546757,0.986974109911757,0.998654392856693
"ENSG00000139746",247.271531557406,-0.00192149325521431,0.25145966351266,-0.00764135777632412,0.993903137939741,0.998654392856693
"ENSG00000142453",193.085694145741,-0.00339982571508493,0.265391700829451,-0.0128105954498922,0.989778903242945,0.998654392856693
"ENSG00000143575",135.02688037433,-0.00379194080560355,0.290465265961115,-0.0130547134200589,0.98958414157199,0.998654392856693
"ENSG00000145782",113.43367174193,-0.00268221397748342,0.303391298801401,-0.0088407742347258,0.992946174619684,0.998654392856693
"ENSG00000155959",111.135024729188,-0.00235743511196821,0.305786698306263,-0.00770941026874588,0.993848841506091,0.998654392856693
"ENSG00000160293",119.001192247848,0.00470231250519576,0.304443565281796,0.0154455966275499,0.987676686908624,0.998654392856693
"ENSG00000163110",2211.65770155036,0.00311435814385802,0.223860261878419,0.0139120633457914,0.988900137503388,0.998654392856693
"ENSG00000165219",185.192398065049,-0.00303509608568263,0.274792430777335,-0.0110450498112227,0.991187504460003,0.998654392856693
"ENSG00000166887",405.70245562204,-0.00180038442354289,0.231624202935008,-0.00777286829584068,0.993798210843071,0.998654392856693
"ENSG00000167193",246.213147723905,-0.00310814315009982,0.250953159656207,-0.0123853517300114,0.990118171715523,0.998654392856693
"ENSG00000169410",172.97444657185,-0.00435445226652649,0.270570711676392,-0.0160935832246858,0.987159732698279,0.998654392856693
"ENSG00000171105",419.671824201001,-0.00229543130931538,0.239117587812054,-0.00959959210996885,0.992340751301695,0.998654392856693
"ENSG00000171475",222.632759815007,0.00209950680712863,0.266766069792188,0.00787021681117152,0.993720540341544,0.998654392856693
"ENSG00000175387",225.401309631411,0.00383366795720759,0.255338426668097,0.0150140658702766,0.988020958705842,0.998654392856693
"ENSG00000175634",141.156662762055,-0.00433759150306343,0.293614802310608,-0.0147730682136209,0.988213225689458,0.998654392856693
"ENSG00000177084",173.73152617176,-0.00337754291765487,0.271993775090146,-0.0124177213854819,0.9900923464532,0.998654392856693
"ENSG00000184634",301.206613129501,-0.00383990669042804,0.252455216068114,-0.0152102489710176,0.987864445112017,0.998654392856693
"ENSG00000186432",263.92077979636,-0.00268243565474834,0.259795192082083,-0.0103251936005837,0.991761833817019,0.998654392856693
"ENSG00000186815",317.284478721787,0.00265820532554541,0.244627473691296,0.010866340094326,0.991330085626721,0.998654392856693
"ENSG00000204394",178.693657405088,0.00389369490730969,0.281747061601816,0.0138198243671926,0.988973726485679,0.998654392856693
"ENSG00000206530",104.803401912637,0.00362388163224862,0.31043914982006,0.0116734040611473,0.99068618265785,0.998654392856693
"ENSG00000213684",128.827665062749,0.00315590602158977,0.304987966847927,0.0103476411027172,0.991743924258406,0.998654392856693
"ENSG00000213757",199.49034678746,-0.00305873059443904,0.274605121002278,-0.0111386509591482,0.991112826143173,0.998654392856693
"ENSG00000226525",136.841804359615,0.00367792014326166,0.288151039517721,0.0127638621377782,0.989816187982754,0.998654392856693
"ENSG00000240540",125.428105192781,-0.00268436174229818,0.313531330600924,-0.00856170175131541,0.993168833815725,0.998654392856693
"ENSG00000255302",353.430597177152,0.00328826757531039,0.235745424791015,0.0139483834234552,0.988871161085764,0.998654392856693
"ENSG00000141644",233.803720260616,-0.00185837338724106,0.254399675471163,-0.00730493615528103,0.994171556060424,0.998774889628441
"ENSG00000088247",326.365846331704,-0.00169625335358368,0.238282968394207,-0.00711865126162714,0.994320186035596,0.998775025578766
"ENSG00000088766",185.642379096797,-0.00169625856585114,0.275140287734499,-0.0061650679361358,0.995081018637635,0.99924080790635
"ENSG00000197744",310.236510653228,-0.00164065054376618,0.261489516894149,-0.00627424977969697,0.99499390581534,0.99924080790635
"ENSG00000135341",160.229537924077,0.00171867225752921,0.287686361176532,0.00597411796131199,0.995233371867832,0.999244612506798
"ENSG00000012963",119.256002646446,0.00165844800713513,0.297165089764389,0.00558089783847104,0.995547110894537,0.999261284565984
"ENSG00000111142",218.430802300782,-0.00145441917859846,0.258855243998472,-0.005618658351797,0.995516982836323,0.999261284565984
"ENSG00000023330",146.541113344398,0.0012855082036212,0.292116291810785,0.00440067274458584,0.996488782492946,0.999386247362655
"ENSG00000134001",175.727055217215,-0.0011788483142377,0.273673392557113,-0.00430750064236401,0.996563122370106,0.999386247362655
"ENSG00000144824",266.476692366594,-0.00128520129298724,0.285786204379991,-0.00449707254335619,0.996411867343046,0.999386247362655
"ENSG00000180891",122.992575009247,0.00134735304813902,0.298444009832447,0.0045145923648977,0.996397888689832,0.999386247362655
"ENSG00000188554",745.298115969952,-0.0010718614978734,0.216692980865055,-0.00494645231974955,0.996053318157499,0.999386247362655
"ENSG00000197006",294.627510144631,-0.00127939483747871,0.247004197565813,-0.00517964816018082,0.995867257182,0.999386247362655
"ENSG00000065621",140.861305840639,-0.000682913054657046,0.320947001859254,-0.00212780630665161,0.998302257480649,0.999506088365344
"ENSG00000104447",145.819440516711,0.000605744215408397,0.288448076116594,0.00210001128648037,0.998324434648559,0.999506088365344
"ENSG00000116489",309.205695242369,0.000700133618378805,0.245597790546236,0.00285073256083302,0.997725447583492,0.999506088365344
"ENSG00000125818",302.495604579415,0.000811881910356912,0.243387537772512,0.00333575793480337,0.997338455181205,0.999506088365344
"ENSG00000127314",106.006295692037,0.000862327417409794,0.326538703439442,0.00264081227838193,0.997892939104169,0.999506088365344
"ENSG00000130749",181.110724447952,0.0006599312689646,0.276174355976798,0.00238954578758949,0.998093420123157,0.999506088365344
"ENSG00000131242",108.947684047778,-0.000967243158599523,0.314015880960641,-0.00308023643785315,0.997542330788951,0.999506088365344
"ENSG00000136802",315.905752876502,0.000488844001525473,0.253955837438821,0.00192491736537947,0.998464139101815,0.999506088365344
"ENSG00000141140",150.92347977937,-0.000534525645848563,0.283438330555297,-0.0018858622431248,0.998495300524314,0.999506088365344
"ENSG00000145284",124.166463276922,0.000807427964299906,0.303650262241778,0.00265907217842941,0.997878369862994,0.999506088365344
"ENSG00000156650",188.701287174814,-0.000460682922211034,0.265292816816178,-0.00173650733457379,0.998614468304358,0.999506088365344
"ENSG00000163882",155.685922497464,-0.000908174824847315,0.290373332806769,-0.00312761098296746,0.997504531552918,0.999506088365344
"ENSG00000229097",199.448059577865,-0.000594662675381603,0.271267572379801,-0.00219216277922455,0.998250908564589,0.999506088365344
"ENSG00000052126",160.217471612461,-0.000389035465957718,0.283229387572799,-0.00137357026857858,0.998904049834144,0.999551544983402
"ENSG00000153113",693.398915479974,0.000286953480003391,0.219538489583487,0.00130707595077203,0.998957104576038,0.999551544983402
"ENSG00000134575",179.925190880931,-0.00029945865551728,0.27863409466778,-0.00107473802111091,0.999142483291129,0.999588330003887
"ENSG00000149547",291.50941281907,0.000174665187461122,0.244206648056211,0.000715235186475831,0.999429324936024,0.999726597192102
"ENSG00000198925",214.843250385616,0.000109303442555298,0.257372539701672,0.000424689606288203,0.999661146730195,0.99980979522785
"ENSG00000074582",109.689261227425,-6.77172678922342e-05,0.306195471120848,-0.000221156987215881,0.999823542255825,0.999823542255825
